<?xml version="1.0" encoding="UTF-8"?>
<alto xmlns:xsi="http://www.w3.org/2001/XMLSchema-instance" xsi:noNamespaceSchemaLocation="http://www.bl.uk/schemas/alto/alto-1-4.xsd" xmlns:xlink="http://www.w3.org/1999/xlink">
	<Description>
		<MeasurementUnit>mm10</MeasurementUnit>
		<sourceImageInformation>
			<fileName>//head1/IN/2008-10/A0011314642/000390.jp2</fileName>
		</sourceImageInformation>
		<OCRProcessing ID="OCRPROCESSING_1">
			<preProcessingStep>
				<processingSoftware>
					<softwareCreator>CCS Content Conversion Specialists GmbH, Germany</softwareCreator>
					<softwareName>CCS docWORKS</softwareName>
					<softwareVersion>6.1-0.67</softwareVersion>
				</processingSoftware>
			</preProcessingStep>
			<ocrProcessingStep>
				<processingSoftware>
					<softwareCreator>ABBYY (BIT Software), Russia</softwareCreator>
					<softwareName>Finereader</softwareName>
				</processingSoftware>
			</ocrProcessingStep>
		</OCRProcessing>
	</Description>
	<Styles>
		<TextStyle ID="TXT_0" FONTSIZE="10" FONTFAMILY="Courier New"/>
		<ParagraphStyle ID="PAR_CENTER" ALIGN="Center"/>
		<ParagraphStyle ID="PAR_LEFT" ALIGN="Left"/>
	</Styles>
	<Layout>
		<Page ID="P282" PHYSICAL_IMG_NR="282" HEIGHT="1940" WIDTH="1138" PRINTED_IMG_NR="266" POSITION="Left" ACCURACY="74.87">
			<TopMargin ID="P282_TM00001" HPOS="0" VPOS="0" WIDTH="1137" HEIGHT="133">
				<TextBlock ID="P282_TB00001" HPOS="432" VPOS="100" WIDTH="289" HEIGHT="31" STYLEREFS="TXT_0 PAR_CENTER">
					<TextLine ID="P282_TL00001" HPOS="433" VPOS="101" WIDTH="288" HEIGHT="30">
						<String ID="P282_ST00001" HPOS="433" VPOS="102" WIDTH="144" HEIGHT="29" CONTENT="Around" WC="0.80" CC="000740"/>
						<SP ID="P282_SP00001" HPOS="577" VPOS="131" WIDTH="23"/>
						<String ID="P282_ST00002" HPOS="600" VPOS="101" WIDTH="121" HEIGHT="29" CONTENT="Tonkin" WC="0.68" CC="007037"/>
					</TextLine>
				</TextBlock>
				<TextBlock ID="P282_TB00002" HPOS="115" VPOS="105" WIDTH="58" HEIGHT="27" STYLEREFS="TXT_0 PAR_LEFT">
					<TextLine ID="P282_TL00002" HPOS="115" VPOS="105" WIDTH="58" HEIGHT="27">
						<String ID="P282_ST00003" HPOS="115" VPOS="105" WIDTH="58" HEIGHT="27" CONTENT="266" WC="1.00" CC="000"/>
					</TextLine>
				</TextBlock>
			</TopMargin>
			<LeftMargin ID="P282_LM00001" HPOS="0" VPOS="133" WIDTH="111" HEIGHT="1680"/>
			<RightMargin ID="P282_RM00001" HPOS="1058" VPOS="133" WIDTH="79" HEIGHT="1680"/>
			<BottomMargin ID="P282_BM00001" HPOS="0" VPOS="1813" WIDTH="1137" HEIGHT="126"/>
			<PrintSpace ID="P282_PS00001" HPOS="111" VPOS="133" WIDTH="947" HEIGHT="1680">
				<TextBlock ID="P282_TB00003" HPOS="111" VPOS="184" WIDTH="947" HEIGHT="794" STYLEREFS="TXT_0 PAR_LEFT">
					<TextLine ID="P282_TL00003" HPOS="113" VPOS="185" WIDTH="943" HEIGHT="49">
						<String ID="P282_ST00004" HPOS="113" VPOS="196" WIDTH="86" HEIGHT="31" CONTENT="earth" WC="0.59" CC="00577"/>
						<SP ID="P282_SP00002" HPOS="199" VPOS="227" WIDTH="16"/>
						<String ID="P282_ST00005" HPOS="215" VPOS="198" WIDTH="32" HEIGHT="28" CONTENT="in" WC="0.58" CC="07"/>
						<SP ID="P282_SP00003" HPOS="247" VPOS="227" WIDTH="16"/>
						<String ID="P282_ST00006" HPOS="263" VPOS="196" WIDTH="98" HEIGHT="29" CONTENT="which" WC="0.65" CC="07207"/>
						<SP ID="P282_SP00004" HPOS="361" VPOS="227" WIDTH="18"/>
						<String ID="P282_ST00007" HPOS="379" VPOS="206" WIDTH="83" HEIGHT="19" CONTENT="some" WC="0.68" CC="6006"/>
						<SP ID="P282_SP00005" HPOS="462" VPOS="227" WIDTH="16"/>
						<String ID="P282_ST00008" HPOS="478" VPOS="195" WIDTH="151" HEIGHT="39" CONTENT="openings" WC="0.63" CC="20085705"/>
						<SP ID="P282_SP00006" HPOS="629" VPOS="234" WIDTH="16"/>
						<String ID="P282_ST00009" HPOS="645" VPOS="193" WIDTH="79" HEIGHT="30" CONTENT="have" WC="0.82" CC="7000"/>
						<SP ID="P282_SP00007" HPOS="724" VPOS="234" WIDTH="16"/>
						<String ID="P282_ST00010" HPOS="740" VPOS="192" WIDTH="78" HEIGHT="29" CONTENT="been" WC="0.66" CC="4008"/>
						<SP ID="P282_SP00008" HPOS="818" VPOS="234" WIDTH="17"/>
						<String ID="P282_ST00011" HPOS="835" VPOS="188" WIDTH="99" HEIGHT="35" CONTENT="made," WC="0.93" CC="00003"/>
						<SP ID="P282_SP00009" HPOS="934" VPOS="234" WIDTH="18"/>
						<String ID="P282_ST00012" HPOS="952" VPOS="198" WIDTH="17" HEIGHT="18" CONTENT="a" WC="1.00" CC="0"/>
						<SP ID="P282_SP00010" HPOS="969" VPOS="234" WIDTH="16"/>
						<String ID="P282_ST00013" HPOS="985" VPOS="185" WIDTH="71" HEIGHT="30" CONTENT="wall" WC="0.69" CC="0741"/>
					</TextLine>
					<TextLine ID="P282_TL00004" HPOS="113" VPOS="242" WIDTH="944" HEIGHT="36">
						<String ID="P282_ST00014" HPOS="113" VPOS="247" WIDTH="32" HEIGHT="29" CONTENT="in" WC="0.66" CC="06"/>
						<SP ID="P282_SP00011" HPOS="145" VPOS="276" WIDTH="18"/>
						<String ID="P282_ST00015" HPOS="163" VPOS="246" WIDTH="53" HEIGHT="30" CONTENT="the" WC="0.59" CC="074"/>
						<SP ID="P282_SP00012" HPOS="216" VPOS="276" WIDTH="16"/>
						<String ID="P282_ST00016" HPOS="232" VPOS="250" WIDTH="105" HEIGHT="26" CONTENT="centre" WC="0.76" CC="005620"/>
						<SP ID="P282_SP00013" HPOS="337" VPOS="276" WIDTH="17"/>
						<String ID="P282_ST00017" HPOS="354" VPOS="244" WIDTH="167" HEIGHT="30" CONTENT="surrounds" WC="0.68" CC="474205003"/>
						<SP ID="P282_SP00014" HPOS="521" VPOS="276" WIDTH="17"/>
						<String ID="P282_ST00018" HPOS="538" VPOS="255" WIDTH="17" HEIGHT="18" CONTENT="a" WC="1.00" CC="0"/>
						<SP ID="P282_SP00015" HPOS="555" VPOS="276" WIDTH="22"/>
						<String ID="P282_ST00019" HPOS="577" VPOS="243" WIDTH="91" HEIGHT="30" CONTENT="block" WC="0.95" CC="20000"/>
						<SP ID="P282_SP00016" HPOS="668" VPOS="276" WIDTH="16"/>
						<String ID="P282_ST00020" HPOS="684" VPOS="242" WIDTH="34" HEIGHT="30" CONTENT="of" WC="0.84" CC="02"/>
						<SP ID="P282_SP00017" HPOS="718" VPOS="276" WIDTH="20"/>
						<String ID="P282_ST00021" HPOS="738" VPOS="249" WIDTH="149" HEIGHT="29" CONTENT="masonry" WC="0.76" CC="0040560"/>
						<SP ID="P282_SP00018" HPOS="887" VPOS="278" WIDTH="16"/>
						<String ID="P282_ST00022" HPOS="903" VPOS="246" WIDTH="96" HEIGHT="21" CONTENT="seven" WC="0.91" CC="00004"/>
						<SP ID="P282_SP00019" HPOS="999" VPOS="278" WIDTH="25"/>
						<String ID="P282_ST00023" HPOS="1024" VPOS="245" WIDTH="33" HEIGHT="20" CONTENT="or" WC="0.64" CC="07"/>
					</TextLine>
					<TextLine ID="P282_TL00005" HPOS="113" VPOS="284" WIDTH="945" HEIGHT="52">
						<String ID="P282_ST00024" HPOS="113" VPOS="295" WIDTH="86" HEIGHT="41" CONTENT="eight" WC="0.85" CC="00070"/>
						<SP ID="P282_SP00020" HPOS="199" VPOS="336" WIDTH="24"/>
						<String ID="P282_ST00025" HPOS="223" VPOS="295" WIDTH="94" HEIGHT="40" CONTENT="yards" WC="0.88" CC="00500"/>
						<SP ID="P282_SP00021" HPOS="317" VPOS="336" WIDTH="24"/>
						<String ID="P282_ST00026" HPOS="341" VPOS="295" WIDTH="33" HEIGHT="29" CONTENT="in" WC="0.64" CC="07"/>
						<SP ID="P282_SP00022" HPOS="374" VPOS="336" WIDTH="24"/>
						<String ID="P282_ST00027" HPOS="398" VPOS="294" WIDTH="151" HEIGHT="29" CONTENT="diameter" WC="0.88" CC="00000503"/>
						<SP ID="P282_SP00023" HPOS="549" VPOS="336" WIDTH="22"/>
						<String ID="P282_ST00028" HPOS="571" VPOS="292" WIDTH="101" HEIGHT="30" CONTENT="which" WC="0.47" CC="96027"/>
						<SP ID="P282_SP00024" HPOS="672" VPOS="336" WIDTH="20"/>
						<String ID="P282_ST00029" HPOS="692" VPOS="294" WIDTH="146" HEIGHT="37" CONTENT="supports" WC="0.66" CC="66004405"/>
						<SP ID="P282_SP00025" HPOS="838" VPOS="336" WIDTH="26"/>
						<String ID="P282_ST00030" HPOS="864" VPOS="299" WIDTH="17" HEIGHT="18" CONTENT="a" WC="1.00" CC="0"/>
						<SP ID="P282_SP00026" HPOS="881" VPOS="336" WIDTH="25"/>
						<String ID="P282_ST00031" HPOS="906" VPOS="287" WIDTH="91" HEIGHT="30" CONTENT="dome" WC="0.95" CC="0002"/>
						<SP ID="P282_SP00027" HPOS="997" VPOS="336" WIDTH="28"/>
						<String ID="P282_ST00032" HPOS="1025" VPOS="284" WIDTH="33" HEIGHT="31" CONTENT="of" WC="0.70" CC="50"/>
					</TextLine>
					<TextLine ID="P282_TL00006" HPOS="113" VPOS="335" WIDTH="942" HEIGHT="50">
						<String ID="P282_ST00033" HPOS="113" VPOS="346" WIDTH="93" HEIGHT="29" CONTENT="white" WC="0.58" CC="97101"/>
						<SP ID="P282_SP00028" HPOS="206" VPOS="375" WIDTH="23"/>
						<String ID="P282_ST00034" HPOS="229" VPOS="345" WIDTH="126" HEIGHT="40" CONTENT="plaster," WC="0.75" CC="00530063"/>
						<SP ID="P282_SP00029" HPOS="355" VPOS="385" WIDTH="19"/>
						<String ID="P282_ST00035" HPOS="374" VPOS="344" WIDTH="75" HEIGHT="29" CONTENT="with" WC="0.59" CC="0357"/>
						<SP ID="P282_SP00030" HPOS="449" VPOS="385" WIDTH="16"/>
						<String ID="P282_ST00036" HPOS="465" VPOS="343" WIDTH="59" HEIGHT="40" CONTENT="gilt" WC="0.69" CC="8400"/>
						<SP ID="P282_SP00031" HPOS="524" VPOS="385" WIDTH="21"/>
						<String ID="P282_ST00037" HPOS="545" VPOS="345" WIDTH="188" HEIGHT="27" CONTENT="ornaments." WC="0.75" CC="0550007510"/>
						<SP ID="P282_SP00032" HPOS="733" VPOS="385" WIDTH="48"/>
						<String ID="P282_ST00038" HPOS="781" VPOS="339" WIDTH="110" HEIGHT="30" CONTENT="Above" WC="0.86" CC="00302"/>
						<SP ID="P282_SP00033" HPOS="891" VPOS="385" WIDTH="22"/>
						<String ID="P282_ST00039" HPOS="913" VPOS="337" WIDTH="36" HEIGHT="35" CONTENT="it," WC="0.78" CC="060"/>
						<SP ID="P282_SP00034" HPOS="949" VPOS="385" WIDTH="18"/>
						<String ID="P282_ST00040" HPOS="967" VPOS="335" WIDTH="88" HEIGHT="31" CONTENT="there" WC="0.65" CC="37060"/>
					</TextLine>
					<TextLine ID="P282_TL00007" HPOS="112" VPOS="385" WIDTH="943" HEIGHT="48">
						<String ID="P282_ST00041" HPOS="112" VPOS="396" WIDTH="26" HEIGHT="29" CONTENT="is" WC="0.52" CC="54"/>
						<SP ID="P282_SP00035" HPOS="138" VPOS="425" WIDTH="16"/>
						<String ID="P282_ST00042" HPOS="154" VPOS="406" WIDTH="17" HEIGHT="18" CONTENT="a" WC="0.32" CC="6"/>
						<SP ID="P282_SP00036" HPOS="171" VPOS="425" WIDTH="17"/>
						<String ID="P282_ST00043" HPOS="188" VPOS="406" WIDTH="74" HEIGHT="18" CONTENT="cone" WC="0.89" CC="0040"/>
						<SP ID="P282_SP00037" HPOS="262" VPOS="425" WIDTH="16"/>
						<String ID="P282_ST00044" HPOS="278" VPOS="394" WIDTH="89" HEIGHT="29" CONTENT="made" WC="0.81" CC="0070"/>
						<SP ID="P282_SP00038" HPOS="367" VPOS="425" WIDTH="16"/>
						<String ID="P282_ST00045" HPOS="383" VPOS="393" WIDTH="34" HEIGHT="29" CONTENT="of" WC="0.89" CC="20"/>
						<SP ID="P282_SP00039" HPOS="417" VPOS="425" WIDTH="13"/>
						<String ID="P282_ST00046" HPOS="430" VPOS="403" WIDTH="94" HEIGHT="19" CONTENT="seven" WC="0.80" CC="30006"/>
						<SP ID="P282_SP00040" HPOS="524" VPOS="425" WIDTH="16"/>
						<String ID="P282_ST00047" HPOS="540" VPOS="391" WIDTH="105" HEIGHT="42" CONTENT="gilded" WC="1.00" CC="000000"/>
						<SP ID="P282_SP00041" HPOS="645" VPOS="433" WIDTH="16"/>
						<String ID="P282_ST00048" HPOS="661" VPOS="390" WIDTH="114" HEIGHT="33" CONTENT="circles," WC="0.87" CC="00400060"/>
						<SP ID="P282_SP00042" HPOS="775" VPOS="433" WIDTH="15"/>
						<String ID="P282_ST00049" HPOS="790" VPOS="385" WIDTH="206" HEIGHT="33" CONTENT="surmounted" WC="0.69" CC="2560357000"/>
						<SP ID="P282_SP00043" HPOS="996" VPOS="433" WIDTH="16"/>
						<String ID="P282_ST00050" HPOS="1012" VPOS="385" WIDTH="43" HEIGHT="40" CONTENT="by" WC="0.62" CC="70"/>
					</TextLine>
					<TextLine ID="P282_TL00008" HPOS="113" VPOS="435" WIDTH="942" HEIGHT="49">
						<String ID="P282_ST00051" HPOS="113" VPOS="455" WIDTH="16" HEIGHT="19" CONTENT="a" WC="1.00" CC="0"/>
						<SP ID="P282_SP00044" HPOS="129" VPOS="474" WIDTH="21"/>
						<String ID="P282_ST00052" HPOS="150" VPOS="444" WIDTH="97" HEIGHT="40" CONTENT="point," WC="0.64" CC="003772"/>
						<SP ID="P282_SP00045" HPOS="247" VPOS="484" WIDTH="18"/>
						<String ID="P282_ST00053" HPOS="265" VPOS="444" WIDTH="52" HEIGHT="29" CONTENT="the" WC="0.52" CC="670"/>
						<SP ID="P282_SP00046" HPOS="317" VPOS="484" WIDTH="24"/>
						<String ID="P282_ST00054" HPOS="341" VPOS="443" WIDTH="98" HEIGHT="29" CONTENT="whole" WC="0.90" CC="05000"/>
						<SP ID="P282_SP00047" HPOS="439" VPOS="484" WIDTH="24"/>
						<String ID="P282_ST00055" HPOS="463" VPOS="441" WIDTH="106" HEIGHT="31" CONTENT="edifice" WC="1.00" CC="0000000"/>
						<SP ID="P282_SP00048" HPOS="569" VPOS="484" WIDTH="24"/>
						<String ID="P282_ST00056" HPOS="593" VPOS="451" WIDTH="73" HEIGHT="30" CONTENT="may" WC="0.82" CC="050"/>
						<SP ID="P282_SP00049" HPOS="666" VPOS="484" WIDTH="16"/>
						<String ID="P282_ST00057" HPOS="682" VPOS="440" WIDTH="38" HEIGHT="30" CONTENT="be" WC="0.70" CC="50"/>
						<SP ID="P282_SP00050" HPOS="720" VPOS="484" WIDTH="22"/>
						<String ID="P282_ST00058" HPOS="742" VPOS="439" WIDTH="95" HEIGHT="30" CONTENT="about" WC="0.60" CC="06263"/>
						<SP ID="P282_SP00051" HPOS="837" VPOS="484" WIDTH="24"/>
						<String ID="P282_ST00059" HPOS="861" VPOS="437" WIDTH="108" HEIGHT="29" CONTENT="fifteen" WC="0.71" CC="0067007"/>
						<SP ID="P282_SP00052" HPOS="969" VPOS="484" WIDTH="23"/>
						<String ID="P282_ST00060" HPOS="992" VPOS="435" WIDTH="63" HEIGHT="31" CONTENT="feet" WC="1.00" CC="0000"/>
					</TextLine>
					<TextLine ID="P282_TL00009" HPOS="113" VPOS="486" WIDTH="940" HEIGHT="48">
						<String ID="P282_ST00061" HPOS="113" VPOS="494" WIDTH="85" HEIGHT="40" CONTENT="high," WC="0.62" CC="70074"/>
						<SP ID="P282_SP00053" HPOS="198" VPOS="534" WIDTH="18"/>
						<String ID="P282_ST00062" HPOS="216" VPOS="494" WIDTH="60" HEIGHT="29" CONTENT="and" WC="0.76" CC="070"/>
						<SP ID="P282_SP00054" HPOS="276" VPOS="534" WIDTH="25"/>
						<String ID="P282_ST00063" HPOS="301" VPOS="493" WIDTH="12" HEIGHT="28" CONTENT="I" WC="1.00" CC="0"/>
						<SP ID="P282_SP00055" HPOS="313" VPOS="534" WIDTH="21"/>
						<String ID="P282_ST00064" HPOS="334" VPOS="492" WIDTH="122" HEIGHT="30" CONTENT="remark" WC="0.65" CC="700093"/>
						<SP ID="P282_SP00056" HPOS="456" VPOS="534" WIDTH="27"/>
						<String ID="P282_ST00065" HPOS="483" VPOS="502" WIDTH="83" HEIGHT="19" CONTENT="some" WC="0.78" CC="2050"/>
						<SP ID="P282_SP00057" HPOS="566" VPOS="534" WIDTH="28"/>
						<String ID="P282_ST00066" HPOS="594" VPOS="489" WIDTH="91" HEIGHT="31" CONTENT="small" WC="0.91" CC="00003"/>
						<SP ID="P282_SP00058" HPOS="685" VPOS="534" WIDTH="22"/>
						<String ID="P282_ST00067" HPOS="707" VPOS="488" WIDTH="182" HEIGHT="40" CONTENT="reliquaries" WC="0.78" CC="40008700300"/>
						<SP ID="P282_SP00059" HPOS="889" VPOS="534" WIDTH="24"/>
						<String ID="P282_ST00068" HPOS="913" VPOS="486" WIDTH="140" HEIGHT="30" CONTENT="contain" SUBS_TYPE="HypPart1" SUBS_CONTENT="containino" WC="0.62" CC="13660560"/>
						<HYP CONTENT="-"/>
					</TextLine>
					<TextLine ID="P282_TL00010" HPOS="112" VPOS="536" WIDTH="945" HEIGHT="40">
						<String ID="P282_ST00069" HPOS="112" VPOS="544" WIDTH="54" HEIGHT="28" CONTENT="ino-" SUBS_TYPE="HypPart2" SUBS_CONTENT="containino" WC="0.35" CC="5756"/>
						<SP ID="P282_SP00060" HPOS="166" VPOS="572" WIDTH="34"/>
						<String ID="P282_ST00070" HPOS="200" VPOS="543" WIDTH="97" HEIGHT="33" CONTENT="rough" WC="0.68" CC="01607"/>
						<SP ID="P282_SP00061" HPOS="297" VPOS="576" WIDTH="34"/>
						<String ID="P282_ST00071" HPOS="331" VPOS="545" WIDTH="174" HEIGHT="31" CONTENT="statuettes," WC="0.68" CC="20053075361"/>
						<SP ID="P282_SP00062" HPOS="505" VPOS="576" WIDTH="26"/>
						<String ID="P282_ST00072" HPOS="531" VPOS="540" WIDTH="34" HEIGHT="30" CONTENT="of" WC="0.83" CC="30"/>
						<SP ID="P282_SP00063" HPOS="565" VPOS="576" WIDTH="28"/>
						<String ID="P282_ST00073" HPOS="593" VPOS="539" WIDTH="100" HEIGHT="30" CONTENT="which" WC="0.57" CC="07517"/>
						<SP ID="P282_SP00064" HPOS="693" VPOS="576" WIDTH="24"/>
						<String ID="P282_ST00074" HPOS="717" VPOS="538" WIDTH="53" HEIGHT="30" CONTENT="the" WC="0.75" CC="070"/>
						<SP ID="P282_SP00065" HPOS="770" VPOS="576" WIDTH="28"/>
						<String ID="P282_ST00075" HPOS="798" VPOS="538" WIDTH="82" HEIGHT="29" CONTENT="faces" WC="0.86" CC="20004"/>
						<SP ID="P282_SP00066" HPOS="880" VPOS="576" WIDTH="31"/>
						<String ID="P282_ST00076" HPOS="911" VPOS="548" WIDTH="52" HEIGHT="18" CONTENT="are" WC="0.80" CC="050"/>
						<SP ID="P282_SP00067" HPOS="963" VPOS="576" WIDTH="27"/>
						<String ID="P282_ST00077" HPOS="990" VPOS="536" WIDTH="67" HEIGHT="30" CONTENT="half" WC="0.67" CC="7022"/>
					</TextLine>
					<TextLine ID="P282_TL00011" HPOS="112" VPOS="586" WIDTH="941" HEIGHT="42">
						<String ID="P282_ST00078" HPOS="112" VPOS="592" WIDTH="191" HEIGHT="31" CONTENT="obliterated." WC="0.73" CC="170500508002"/>
						<SP ID="P282_SP00068" HPOS="303" VPOS="623" WIDTH="47"/>
						<String ID="P282_ST00079" HPOS="350" VPOS="591" WIDTH="64" HEIGHT="30" CONTENT="The" WC="0.75" CC="070"/>
						<SP ID="P282_SP00069" HPOS="414" VPOS="623" WIDTH="25"/>
						<String ID="P282_ST00080" HPOS="439" VPOS="590" WIDTH="132" HEIGHT="36" CONTENT="natives," WC="0.86" CC="30000024"/>
						<SP ID="P282_SP00070" HPOS="571" VPOS="626" WIDTH="18"/>
						<String ID="P282_ST00081" HPOS="589" VPOS="589" WIDTH="103" HEIGHT="30" CONTENT="whom" WC="0.70" CC="0740"/>
						<SP ID="P282_SP00071" HPOS="692" VPOS="626" WIDTH="23"/>
						<String ID="P282_ST00082" HPOS="715" VPOS="588" WIDTH="13" HEIGHT="30" CONTENT="I" WC="1.00" CC="0"/>
						<SP ID="P282_SP00072" HPOS="728" VPOS="626" WIDTH="25"/>
						<String ID="P282_ST00083" HPOS="753" VPOS="588" WIDTH="154" HEIGHT="40" CONTENT="question," WC="0.69" CC="050604073"/>
						<SP ID="P282_SP00073" HPOS="907" VPOS="628" WIDTH="18"/>
						<String ID="P282_ST00084" HPOS="925" VPOS="586" WIDTH="56" HEIGHT="30" CONTENT="tell" WC="0.66" CC="4026"/>
						<SP ID="P282_SP00074" HPOS="981" VPOS="628" WIDTH="23"/>
						<String ID="P282_ST00085" HPOS="1004" VPOS="597" WIDTH="49" HEIGHT="18" CONTENT="me" WC="0.89" CC="02"/>
					</TextLine>
					<TextLine ID="P282_TL00012" HPOS="112" VPOS="636" WIDTH="941" HEIGHT="40">
						<String ID="P282_ST00086" HPOS="112" VPOS="643" WIDTH="70" HEIGHT="29" CONTENT="that" WC="0.76" CC="3500"/>
						<SP ID="P282_SP00075" HPOS="182" VPOS="672" WIDTH="24"/>
						<String ID="P282_ST00087" HPOS="206" VPOS="643" WIDTH="25" HEIGHT="28" CONTENT="it" WC="0.83" CC="03"/>
						<SP ID="P282_SP00076" HPOS="231" VPOS="672" WIDTH="14"/>
						<String ID="P282_ST00088" HPOS="245" VPOS="642" WIDTH="27" HEIGHT="29" CONTENT="is" WC="0.66" CC="33"/>
						<SP ID="P282_SP00077" HPOS="272" VPOS="672" WIDTH="16"/>
						<String ID="P282_ST00089" HPOS="288" VPOS="652" WIDTH="17" HEIGHT="19" CONTENT="a" WC="1.00" CC="0"/>
						<SP ID="P282_SP00078" HPOS="305" VPOS="672" WIDTH="24"/>
						<String ID="P282_ST00090" HPOS="329" VPOS="641" WIDTH="71" HEIGHT="35" CONTENT="fort," WC="0.82" CC="04400"/>
						<SP ID="P282_SP00079" HPOS="400" VPOS="676" WIDTH="17"/>
						<String ID="P282_ST00091" HPOS="417" VPOS="640" WIDTH="62" HEIGHT="30" CONTENT="and" WC="0.89" CC="030"/>
						<SP ID="P282_SP00080" HPOS="479" VPOS="676" WIDTH="15"/>
						<String ID="P282_ST00092" HPOS="494" VPOS="640" WIDTH="33" HEIGHT="29" CONTENT="in" WC="0.68" CC="06"/>
						<SP ID="P282_SP00081" HPOS="527" VPOS="676" WIDTH="17"/>
						<String ID="P282_ST00093" HPOS="544" VPOS="638" WIDTH="99" HEIGHT="37" CONTENT="truth," WC="0.52" CC="566073"/>
						<SP ID="P282_SP00082" HPOS="643" VPOS="676" WIDTH="18"/>
						<String ID="P282_ST00094" HPOS="661" VPOS="649" WIDTH="18" HEIGHT="19" CONTENT="a" WC="1.00" CC="0"/>
						<SP ID="P282_SP00083" HPOS="679" VPOS="676" WIDTH="16"/>
						<String ID="P282_ST00095" HPOS="695" VPOS="638" WIDTH="59" HEIGHT="30" CONTENT="few" WC="1.00" CC="000"/>
						<SP ID="P282_SP00084" HPOS="754" VPOS="676" WIDTH="17"/>
						<String ID="P282_ST00096" HPOS="771" VPOS="648" WIDTH="137" HEIGHT="19" CONTENT="cannons" WC="0.68" CC="0087070"/>
						<SP ID="P282_SP00085" HPOS="908" VPOS="676" WIDTH="17"/>
						<String ID="P282_ST00097" HPOS="925" VPOS="637" WIDTH="32" HEIGHT="29" CONTENT="in" WC="0.65" CC="06"/>
						<SP ID="P282_SP00086" HPOS="957" VPOS="676" WIDTH="27"/>
						<String ID="P282_ST00098" HPOS="984" VPOS="636" WIDTH="69" HEIGHT="30" CONTENT="that" WC="0.54" CC="5705"/>
					</TextLine>
					<TextLine ID="P282_TL00013" HPOS="112" VPOS="686" WIDTH="940" HEIGHT="46">
						<String ID="P282_ST00099" HPOS="112" VPOS="693" WIDTH="144" HEIGHT="39" CONTENT="position," WC="0.76" CC="000054073"/>
						<SP ID="P282_SP00087" HPOS="256" VPOS="732" WIDTH="28"/>
						<String ID="P282_ST00100" HPOS="284" VPOS="690" WIDTH="90" HEIGHT="30" CONTENT="could" WC="0.86" CC="00600"/>
						<SP ID="P282_SP00088" HPOS="374" VPOS="732" WIDTH="25"/>
						<String ID="P282_ST00101" HPOS="399" VPOS="689" WIDTH="97" HEIGHT="41" CONTENT="easily" WC="0.71" CC="003309"/>
						<SP ID="P282_SP00089" HPOS="496" VPOS="732" WIDTH="27"/>
						<String ID="P282_ST00102" HPOS="523" VPOS="687" WIDTH="165" HEIGHT="32" CONTENT="command" WC="0.73" CC="1009060"/>
						<SP ID="P282_SP00090" HPOS="688" VPOS="732" WIDTH="27"/>
						<String ID="P282_ST00103" HPOS="715" VPOS="687" WIDTH="78" HEIGHT="30" CONTENT="both" WC="0.45" CC="6077"/>
						<SP ID="P282_SP00091" HPOS="793" VPOS="732" WIDTH="31"/>
						<String ID="P282_ST00104" HPOS="824" VPOS="687" WIDTH="81" HEIGHT="30" CONTENT="sides" WC="0.79" CC="50004"/>
						<SP ID="P282_SP00092" HPOS="905" VPOS="732" WIDTH="31"/>
						<String ID="P282_ST00105" HPOS="936" VPOS="686" WIDTH="34" HEIGHT="30" CONTENT="of" WC="0.61" CC="06"/>
						<SP ID="P282_SP00093" HPOS="970" VPOS="732" WIDTH="28"/>
						<String ID="P282_ST00106" HPOS="998" VPOS="686" WIDTH="54" HEIGHT="30" CONTENT="the" WC="0.56" CC="660"/>
					</TextLine>
					<TextLine ID="P282_TL00014" HPOS="111" VPOS="736" WIDTH="941" HEIGHT="45">
						<String ID="P282_ST00107" HPOS="111" VPOS="742" WIDTH="113" HEIGHT="39" CONTENT="valley," WC="0.95" CC="0000003"/>
						<SP ID="P282_SP00094" HPOS="224" VPOS="781" WIDTH="15"/>
						<String ID="P282_ST00108" HPOS="239" VPOS="741" WIDTH="56" HEIGHT="29" CONTENT="but" WC="0.67" CC="036"/>
						<SP ID="P282_SP00095" HPOS="295" VPOS="781" WIDTH="17"/>
						<String ID="P282_ST00109" HPOS="312" VPOS="745" WIDTH="33" HEIGHT="25" CONTENT="at" WC="1.00" CC="00"/>
						<SP ID="P282_SP00096" HPOS="345" VPOS="781" WIDTH="15"/>
						<String ID="P282_ST00110" HPOS="360" VPOS="743" WIDTH="125" HEIGHT="37" CONTENT="present" WC="0.72" CC="0700056"/>
						<SP ID="P282_SP00097" HPOS="485" VPOS="781" WIDTH="17"/>
						<String ID="P282_ST00111" HPOS="502" VPOS="738" WIDTH="77" HEIGHT="41" CONTENT="they" WC="0.76" CC="2700"/>
						<SP ID="P282_SP00098" HPOS="579" VPOS="781" WIDTH="16"/>
						<String ID="P282_ST00112" HPOS="595" VPOS="749" WIDTH="51" HEIGHT="19" CONTENT="are" WC="0.83" CC="050"/>
						<SP ID="P282_SP00099" HPOS="646" VPOS="781" WIDTH="17"/>
						<String ID="P282_ST00113" HPOS="663" VPOS="737" WIDTH="137" HEIGHT="41" CONTENT="missing." WC="0.74" CC="05340600"/>
						<SP ID="P282_SP00100" HPOS="800" VPOS="781" WIDTH="42"/>
						<String ID="P282_ST00114" HPOS="842" VPOS="737" WIDTH="164" HEIGHT="35" CONTENT="However," WC="0.83" CC="40000043"/>
						<SP ID="P282_SP00101" HPOS="1006" VPOS="781" WIDTH="13"/>
						<String ID="P282_ST00115" HPOS="1019" VPOS="736" WIDTH="33" HEIGHT="29" CONTENT="in" WC="0.45" CC="46"/>
					</TextLine>
					<TextLine ID="P282_TL00015" HPOS="112" VPOS="787" WIDTH="940" HEIGHT="44">
						<String ID="P282_ST00116" HPOS="112" VPOS="803" WIDTH="54" HEIGHT="28" CONTENT="my" WC="1.00" CC="00"/>
						<SP ID="P282_SP00102" HPOS="166" VPOS="831" WIDTH="22"/>
						<String ID="P282_ST00117" HPOS="188" VPOS="791" WIDTH="135" HEIGHT="40" CONTENT="opinion," WC="0.74" CC="20111174"/>
						<SP ID="P282_SP00103" HPOS="323" VPOS="831" WIDTH="19"/>
						<String ID="P282_ST00118" HPOS="342" VPOS="790" WIDTH="53" HEIGHT="30" CONTENT="the" WC="0.57" CC="570"/>
						<SP ID="P282_SP00104" HPOS="395" VPOS="831" WIDTH="16"/>
						<String ID="P282_ST00119" HPOS="411" VPOS="793" WIDTH="186" HEIGHT="26" CONTENT="monument" WC="0.75" CC="00650105"/>
						<SP ID="P282_SP00105" HPOS="597" VPOS="831" WIDTH="23"/>
						<String ID="P282_ST00120" HPOS="620" VPOS="789" WIDTH="26" HEIGHT="29" CONTENT="is" WC="0.84" CC="03"/>
						<SP ID="P282_SP00106" HPOS="646" VPOS="831" WIDTH="22"/>
						<String ID="P282_ST00121" HPOS="668" VPOS="787" WIDTH="33" HEIGHT="31" CONTENT="of" WC="0.70" CC="05"/>
						<SP ID="P282_SP00107" HPOS="701" VPOS="831" WIDTH="21"/>
						<String ID="P282_ST00122" HPOS="722" VPOS="787" WIDTH="148" HEIGHT="41" CONTENT="religious" WC="0.79" CC="501000640"/>
						<SP ID="P282_SP00108" HPOS="870" VPOS="831" WIDTH="17"/>
						<String ID="P282_ST00123" HPOS="887" VPOS="787" WIDTH="115" HEIGHT="40" CONTENT="origin;" WC="0.81" CC="0050061"/>
						<SP ID="P282_SP00109" HPOS="1002" VPOS="831" WIDTH="24"/>
						<String ID="P282_ST00124" HPOS="1026" VPOS="787" WIDTH="26" HEIGHT="28" CONTENT="it" WC="0.67" CC="14"/>
					</TextLine>
					<TextLine ID="P282_TL00016" HPOS="112" VPOS="836" WIDTH="940" HEIGHT="36">
						<String ID="P282_ST00125" HPOS="112" VPOS="841" WIDTH="138" HEIGHT="29" CONTENT="reminds" WC="0.61" CC="3590502"/>
						<SP ID="P282_SP00110" HPOS="250" VPOS="870" WIDTH="26"/>
						<String ID="P282_ST00126" HPOS="276" VPOS="851" WIDTH="48" HEIGHT="18" CONTENT="me" WC="0.76" CC="04"/>
						<SP ID="P282_SP00111" HPOS="324" VPOS="870" WIDTH="32"/>
						<String ID="P282_ST00127" HPOS="356" VPOS="839" WIDTH="33" HEIGHT="30" CONTENT="of" WC="1.00" CC="00"/>
						<SP ID="P282_SP00112" HPOS="389" VPOS="870" WIDTH="28"/>
						<String ID="P282_ST00128" HPOS="417" VPOS="839" WIDTH="117" HEIGHT="30" CONTENT="similar" WC="0.74" CC="4721002"/>
						<SP ID="P282_SP00113" HPOS="534" VPOS="870" WIDTH="32"/>
						<String ID="P282_ST00129" HPOS="566" VPOS="838" WIDTH="124" HEIGHT="31" CONTENT="edifices" WC="0.93" CC="00100004"/>
						<SP ID="P282_SP00114" HPOS="690" VPOS="870" WIDTH="31"/>
						<String ID="P282_ST00130" HPOS="721" VPOS="838" WIDTH="33" HEIGHT="29" CONTENT="in" WC="0.67" CC="06"/>
						<SP ID="P282_SP00115" HPOS="754" VPOS="870" WIDTH="28"/>
						<String ID="P282_ST00131" HPOS="782" VPOS="836" WIDTH="127" HEIGHT="36" CONTENT="Thibet;" WC="0.54" CC="0757074"/>
						<SP ID="P282_SP00116" HPOS="909" VPOS="872" WIDTH="40"/>
						<String ID="P282_ST00132" HPOS="949" VPOS="836" WIDTH="57" HEIGHT="30" CONTENT="but" WC="0.53" CC="255"/>
						<SP ID="P282_SP00117" HPOS="1006" VPOS="872" WIDTH="32"/>
						<String ID="P282_ST00133" HPOS="1038" VPOS="836" WIDTH="14" HEIGHT="29" CONTENT="I" WC="1.00" CC="0"/>
					</TextLine>
					<TextLine ID="P282_TL00017" HPOS="112" VPOS="886" WIDTH="940" HEIGHT="43">
						<String ID="P282_ST00134" HPOS="112" VPOS="895" WIDTH="113" HEIGHT="25" CONTENT="cannot" WC="0.61" CC="306606"/>
						<SP ID="P282_SP00118" HPOS="225" VPOS="920" WIDTH="16"/>
						<String ID="P282_ST00135" HPOS="241" VPOS="890" WIDTH="107" HEIGHT="30" CONTENT="obtain" WC="0.71" CC="071016"/>
						<SP ID="P282_SP00119" HPOS="348" VPOS="920" WIDTH="17"/>
						<String ID="P282_ST00136" HPOS="365" VPOS="900" WIDTH="62" HEIGHT="29" CONTENT="any" WC="0.73" CC="070"/>
						<SP ID="P282_SP00120" HPOS="427" VPOS="929" WIDTH="15"/>
						<String ID="P282_ST00137" HPOS="442" VPOS="888" WIDTH="206" HEIGHT="31" CONTENT="information" WC="0.72" CC="45216002006"/>
						<SP ID="P282_SP00121" HPOS="648" VPOS="929" WIDTH="23"/>
						<String ID="P282_ST00138" HPOS="671" VPOS="887" WIDTH="99" HEIGHT="31" CONTENT="either" WC="0.72" CC="002707"/>
						<SP ID="P282_SP00122" HPOS="770" VPOS="929" WIDTH="22"/>
						<String ID="P282_ST00139" HPOS="792" VPOS="897" WIDTH="85" HEIGHT="30" CONTENT="upon" WC="0.75" CC="6003"/>
						<SP ID="P282_SP00123" HPOS="877" VPOS="929" WIDTH="25"/>
						<String ID="P282_ST00140" HPOS="902" VPOS="886" WIDTH="53" HEIGHT="30" CONTENT="the" WC="0.50" CC="770"/>
						<SP ID="P282_SP00124" HPOS="955" VPOS="929" WIDTH="25"/>
						<String ID="P282_ST00141" HPOS="980" VPOS="886" WIDTH="72" HEIGHT="30" CONTENT="date" WC="1.00" CC="0000"/>
					</TextLine>
					<TextLine ID="P282_TL00018" HPOS="112" VPOS="938" WIDTH="569" HEIGHT="40">
						<String ID="P282_ST00142" HPOS="112" VPOS="952" WIDTH="34" HEIGHT="18" CONTENT="or" WC="0.58" CC="16"/>
						<SP ID="P282_SP00125" HPOS="146" VPOS="970" WIDTH="15"/>
						<String ID="P282_ST00143" HPOS="161" VPOS="941" WIDTH="54" HEIGHT="29" CONTENT="the" WC="0.75" CC="070"/>
						<SP ID="P282_SP00126" HPOS="215" VPOS="970" WIDTH="16"/>
						<String ID="P282_ST00144" HPOS="231" VPOS="940" WIDTH="103" HEIGHT="38" CONTENT="object" WC="0.90" CC="020003"/>
						<SP ID="P282_SP00127" HPOS="334" VPOS="978" WIDTH="16"/>
						<String ID="P282_ST00145" HPOS="350" VPOS="939" WIDTH="34" HEIGHT="30" CONTENT="of" WC="0.97" CC="00"/>
						<SP ID="P282_SP00128" HPOS="384" VPOS="978" WIDTH="19"/>
						<String ID="P282_ST00146" HPOS="403" VPOS="940" WIDTH="41" HEIGHT="29" CONTENT="its" WC="0.53" CC="346"/>
						<SP ID="P282_SP00129" HPOS="444" VPOS="978" WIDTH="17"/>
						<String ID="P282_ST00147" HPOS="461" VPOS="938" WIDTH="220" HEIGHT="31" CONTENT="construction." WC="0.65" CC="7557006041070"/>
					</TextLine>
				</TextBlock>
				<TextBlock ID="P282_TB00004" HPOS="111" VPOS="985" WIDTH="940" HEIGHT="828" STYLEREFS="TXT_0 PAR_LEFT">
					<TextLine ID="P282_TL00019" HPOS="156" VPOS="985" WIDTH="895" HEIGHT="44">
						<String ID="P282_ST00148" HPOS="156" VPOS="991" WIDTH="42" HEIGHT="28" CONTENT="As" WC="0.70" CC="05"/>
						<SP ID="P282_SP00130" HPOS="198" VPOS="1019" WIDTH="17"/>
						<String ID="P282_ST00149" HPOS="215" VPOS="990" WIDTH="14" HEIGHT="29" CONTENT="I" WC="0.93" CC="0"/>
						<SP ID="P282_SP00131" HPOS="229" VPOS="1019" WIDTH="23"/>
						<String ID="P282_ST00150" HPOS="252" VPOS="990" WIDTH="78" HEIGHT="28" CONTENT="walk" WC="0.79" CC="0800"/>
						<SP ID="P282_SP00132" HPOS="330" VPOS="1019" WIDTH="17"/>
						<String ID="P282_ST00151" HPOS="347" VPOS="989" WIDTH="87" HEIGHT="29" CONTENT="down" WC="0.75" CC="0108"/>
						<SP ID="P282_SP00133" HPOS="434" VPOS="1019" WIDTH="27"/>
						<String ID="P282_ST00152" HPOS="461" VPOS="988" WIDTH="42" HEIGHT="41" CONTENT="by" WC="1.00" CC="00"/>
						<SP ID="P282_SP00134" HPOS="503" VPOS="1029" WIDTH="16"/>
						<String ID="P282_ST00153" HPOS="519" VPOS="988" WIDTH="53" HEIGHT="30" CONTENT="the" WC="0.76" CC="070"/>
						<SP ID="P282_SP00135" HPOS="572" VPOS="1029" WIDTH="24"/>
						<String ID="P282_ST00154" HPOS="596" VPOS="987" WIDTH="65" HEIGHT="31" CONTENT="side" WC="0.79" CC="4300"/>
						<SP ID="P282_SP00136" HPOS="661" VPOS="1029" WIDTH="17"/>
						<String ID="P282_ST00155" HPOS="678" VPOS="987" WIDTH="34" HEIGHT="30" CONTENT="of" WC="1.00" CC="00"/>
						<SP ID="P282_SP00137" HPOS="712" VPOS="1029" WIDTH="19"/>
						<String ID="P282_ST00156" HPOS="731" VPOS="987" WIDTH="55" HEIGHT="30" CONTENT="the" WC="0.51" CC="770"/>
						<SP ID="P282_SP00138" HPOS="786" VPOS="1029" WIDTH="24"/>
						<String ID="P282_ST00157" HPOS="810" VPOS="987" WIDTH="82" HEIGHT="30" CONTENT="river" WC="0.77" CC="50005"/>
						<SP ID="P282_SP00139" HPOS="892" VPOS="1029" WIDTH="17"/>
						<String ID="P282_ST00158" HPOS="909" VPOS="986" WIDTH="15" HEIGHT="30" CONTENT="I" WC="0.78" CC="2"/>
						<SP ID="P282_SP00140" HPOS="924" VPOS="1029" WIDTH="22"/>
						<String ID="P282_ST00159" HPOS="946" VPOS="985" WIDTH="65" HEIGHT="31" CONTENT="find" WC="0.85" CC="0050"/>
						<SP ID="P282_SP00141" HPOS="1011" VPOS="1029" WIDTH="24"/>
						<String ID="P282_ST00160" HPOS="1035" VPOS="997" WIDTH="16" HEIGHT="19" CONTENT="a" WC="1.00" CC="0"/>
					</TextLine>
					<TextLine ID="P282_TL00020" HPOS="112" VPOS="1036" WIDTH="939" HEIGHT="43">
						<String ID="P282_ST00161" HPOS="112" VPOS="1051" WIDTH="78" HEIGHT="28" CONTENT="very" WC="1.00" CC="0000"/>
						<SP ID="P282_SP00142" HPOS="190" VPOS="1079" WIDTH="21"/>
						<String ID="P282_ST00162" HPOS="211" VPOS="1038" WIDTH="156" HEIGHT="30" CONTENT="animated" WC="0.91" CC="07000000"/>
						<SP ID="P282_SP00143" HPOS="367" VPOS="1079" WIDTH="16"/>
						<String ID="P282_ST00163" HPOS="383" VPOS="1049" WIDTH="101" HEIGHT="24" CONTENT="scene;" WC="0.71" CC="620700"/>
						<SP ID="P282_SP00144" HPOS="484" VPOS="1079" WIDTH="24"/>
						<String ID="P282_ST00164" HPOS="508" VPOS="1038" WIDTH="154" HEIGHT="40" CONTENT="prisoners" WC="0.64" CC="004905056"/>
						<SP ID="P282_SP00145" HPOS="662" VPOS="1079" WIDTH="17"/>
						<String ID="P282_ST00165" HPOS="679" VPOS="1047" WIDTH="50" HEIGHT="20" CONTENT="are" WC="0.60" CC="631"/>
						<SP ID="P282_SP00146" HPOS="729" VPOS="1079" WIDTH="20"/>
						<String ID="P282_ST00166" HPOS="749" VPOS="1037" WIDTH="95" HEIGHT="41" CONTENT="going" WC="0.85" CC="00070"/>
						<SP ID="P282_SP00147" HPOS="844" VPOS="1079" WIDTH="23"/>
						<String ID="P282_ST00167" HPOS="867" VPOS="1041" WIDTH="33" HEIGHT="26" CONTENT="to" WC="0.79" CC="40"/>
						<SP ID="P282_SP00148" HPOS="900" VPOS="1079" WIDTH="24"/>
						<String ID="P282_ST00168" HPOS="924" VPOS="1036" WIDTH="61" HEIGHT="30" CONTENT="and" WC="0.78" CC="060"/>
						<SP ID="P282_SP00149" HPOS="985" VPOS="1079" WIDTH="20"/>
						<String ID="P282_ST00169" HPOS="1005" VPOS="1036" WIDTH="46" HEIGHT="30" CONTENT="fro" WC="0.56" CC="067"/>
					</TextLine>
					<TextLine ID="P282_TL00021" HPOS="113" VPOS="1087" WIDTH="937" HEIGHT="41">
						<String ID="P282_ST00170" HPOS="113" VPOS="1089" WIDTH="76" HEIGHT="29" CONTENT="with" WC="0.46" CC="0597"/>
						<SP ID="P282_SP00150" HPOS="189" VPOS="1118" WIDTH="15"/>
						<String ID="P282_ST00171" HPOS="204" VPOS="1088" WIDTH="153" HEIGHT="30" CONTENT="manacles" WC="0.81" CC="00700007"/>
						<SP ID="P282_SP00151" HPOS="357" VPOS="1118" WIDTH="17"/>
						<String ID="P282_ST00172" HPOS="374" VPOS="1099" WIDTH="39" HEIGHT="19" CONTENT="on" WC="0.57" CC="08"/>
						<SP ID="P282_SP00152" HPOS="413" VPOS="1118" WIDTH="16"/>
						<String ID="P282_ST00173" HPOS="429" VPOS="1088" WIDTH="82" HEIGHT="29" CONTENT="their" WC="0.64" CC="17016"/>
						<SP ID="P282_SP00153" HPOS="511" VPOS="1118" WIDTH="11"/>
						<String ID="P282_ST00174" HPOS="522" VPOS="1088" WIDTH="74" HEIGHT="40" CONTENT="legs," WC="0.89" CC="00050"/>
						<SP ID="P282_SP00154" HPOS="596" VPOS="1128" WIDTH="20"/>
						<String ID="P282_ST00175" HPOS="616" VPOS="1087" WIDTH="100" HEIGHT="30" CONTENT="which" WC="0.67" CC="07107"/>
						<SP ID="P282_SP00155" HPOS="716" VPOS="1128" WIDTH="17"/>
						<String ID="P282_ST00176" HPOS="733" VPOS="1087" WIDTH="39" HEIGHT="30" CONTENT="do" WC="0.91" CC="01"/>
						<SP ID="P282_SP00156" HPOS="772" VPOS="1128" WIDTH="16"/>
						<String ID="P282_ST00177" HPOS="788" VPOS="1092" WIDTH="56" HEIGHT="25" CONTENT="not" WC="0.58" CC="407"/>
						<SP ID="P282_SP00157" HPOS="844" VPOS="1128" WIDTH="14"/>
						<String ID="P282_ST00178" HPOS="858" VPOS="1097" WIDTH="83" HEIGHT="20" CONTENT="seem" WC="1.00" CC="0000"/>
						<SP ID="P282_SP00158" HPOS="941" VPOS="1128" WIDTH="16"/>
						<String ID="P282_ST00179" HPOS="957" VPOS="1090" WIDTH="33" HEIGHT="26" CONTENT="to" WC="0.72" CC="40"/>
						<SP ID="P282_SP00159" HPOS="990" VPOS="1128" WIDTH="16"/>
						<String ID="P282_ST00180" HPOS="1006" VPOS="1087" WIDTH="44" HEIGHT="29" CONTENT="in" SUBS_TYPE="HypPart1" SUBS_CONTENT="inconvenience" WC="0.73" CC="080"/>
						<HYP CONTENT="-"/>
					</TextLine>
					<TextLine ID="P282_TL00022" HPOS="113" VPOS="1135" WIDTH="938" HEIGHT="41">
						<String ID="P282_ST00181" HPOS="113" VPOS="1139" WIDTH="204" HEIGHT="29" CONTENT="convenience" SUBS_TYPE="HypPart2" SUBS_CONTENT="inconvenience" WC="0.83" CC="00400600500"/>
						<SP ID="P282_SP00160" HPOS="317" VPOS="1168" WIDTH="17"/>
						<String ID="P282_ST00182" HPOS="334" VPOS="1137" WIDTH="87" HEIGHT="30" CONTENT="them" WC="0.82" CC="0700"/>
						<SP ID="P282_SP00161" HPOS="421" VPOS="1168" WIDTH="16"/>
						<String ID="P282_ST00183" HPOS="437" VPOS="1142" WIDTH="32" HEIGHT="25" CONTENT="at" WC="1.00" CC="00"/>
						<SP ID="P282_SP00162" HPOS="469" VPOS="1168" WIDTH="16"/>
						<String ID="P282_ST00184" HPOS="485" VPOS="1137" WIDTH="49" HEIGHT="30" CONTENT="all." WC="1.00" CC="0000"/>
						<SP ID="P282_SP00163" HPOS="534" VPOS="1168" WIDTH="34"/>
						<String ID="P282_ST00185" HPOS="568" VPOS="1137" WIDTH="185" HEIGHT="36" CONTENT="Elsewhere," WC="0.67" CC="0301970503"/>
						<SP ID="P282_SP00164" HPOS="753" VPOS="1173" WIDTH="18"/>
						<String ID="P282_ST00186" HPOS="771" VPOS="1147" WIDTH="71" HEIGHT="19" CONTENT="men" WC="0.76" CC="007"/>
						<SP ID="P282_SP00165" HPOS="842" VPOS="1173" WIDTH="16"/>
						<String ID="P282_ST00187" HPOS="858" VPOS="1147" WIDTH="50" HEIGHT="20" CONTENT="are" WC="0.81" CC="050"/>
						<SP ID="P282_SP00166" HPOS="908" VPOS="1173" WIDTH="17"/>
						<String ID="P282_ST00188" HPOS="925" VPOS="1135" WIDTH="126" HEIGHT="41" CONTENT="making" WC="0.60" CC="000679"/>
					</TextLine>
					<TextLine ID="P282_TL00023" HPOS="112" VPOS="1186" WIDTH="939" HEIGHT="41">
						<String ID="P282_ST00189" HPOS="112" VPOS="1189" WIDTH="78" HEIGHT="28" CONTENT="rafts" WC="0.77" CC="50006"/>
						<SP ID="P282_SP00167" HPOS="190" VPOS="1217" WIDTH="16"/>
						<String ID="P282_ST00190" HPOS="206" VPOS="1187" WIDTH="61" HEIGHT="30" CONTENT="and" WC="0.75" CC="070"/>
						<SP ID="P282_SP00168" HPOS="267" VPOS="1217" WIDTH="23"/>
						<String ID="P282_ST00191" HPOS="290" VPOS="1187" WIDTH="126" HEIGHT="40" CONTENT="cutting" WC="0.84" CC="0622000"/>
						<SP ID="P282_SP00169" HPOS="416" VPOS="1227" WIDTH="15"/>
						<String ID="P282_ST00192" HPOS="431" VPOS="1187" WIDTH="126" HEIGHT="40" CONTENT="planks;" WC="0.70" CC="0008075"/>
						<SP ID="P282_SP00170" HPOS="557" VPOS="1227" WIDTH="24"/>
						<String ID="P282_ST00193" HPOS="581" VPOS="1197" WIDTH="84" HEIGHT="20" CONTENT="some" WC="0.83" CC="2400"/>
						<SP ID="P282_SP00171" HPOS="665" VPOS="1227" WIDTH="17"/>
						<String ID="P282_ST00194" HPOS="682" VPOS="1186" WIDTH="34" HEIGHT="30" CONTENT="of" WC="1.00" CC="00"/>
						<SP ID="P282_SP00172" HPOS="716" VPOS="1227" WIDTH="12"/>
						<String ID="P282_ST00195" HPOS="728" VPOS="1187" WIDTH="88" HEIGHT="30" CONTENT="them" WC="0.73" CC="3700"/>
						<SP ID="P282_SP00173" HPOS="816" VPOS="1227" WIDTH="17"/>
						<String ID="P282_ST00196" HPOS="833" VPOS="1197" WIDTH="50" HEIGHT="20" CONTENT="are" WC="0.83" CC="050"/>
						<SP ID="P282_SP00174" HPOS="883" VPOS="1227" WIDTH="17"/>
						<String ID="P282_ST00197" HPOS="900" VPOS="1187" WIDTH="118" HEIGHT="40" CONTENT="sawing" WC="0.81" CC="000370"/>
						<SP ID="P282_SP00175" HPOS="1018" VPOS="1227" WIDTH="17"/>
						<String ID="P282_ST00198" HPOS="1035" VPOS="1197" WIDTH="16" HEIGHT="19" CONTENT="a" WC="1.00" CC="0"/>
					</TextLine>
					<TextLine ID="P282_TL00024" HPOS="113" VPOS="1236" WIDTH="938" HEIGHT="41">
						<String ID="P282_ST00199" HPOS="113" VPOS="1242" WIDTH="63" HEIGHT="25" CONTENT="tree" WC="0.69" CC="0570"/>
						<String ID="P282_ST00200" HPOS="190" VPOS="1249" WIDTH="6" HEIGHT="23" CONTENT=";" WC="0.58" CC="4"/>
						<SP ID="P282_SP00176" HPOS="196" VPOS="1272" WIDTH="29"/>
						<String ID="P282_ST00201" HPOS="225" VPOS="1237" WIDTH="76" HEIGHT="39" CONTENT="they" WC="0.68" CC="5700"/>
						<SP ID="P282_SP00177" HPOS="301" VPOS="1276" WIDTH="28"/>
						<String ID="P282_ST00202" HPOS="329" VPOS="1236" WIDTH="82" HEIGHT="30" CONTENT="work" WC="0.93" CC="0002"/>
						<SP ID="P282_SP00178" HPOS="411" VPOS="1276" WIDTH="27"/>
						<String ID="P282_ST00203" HPOS="438" VPOS="1236" WIDTH="217" HEIGHT="41" CONTENT="horizontally," WC="0.65" CC="7063215506303"/>
						<SP ID="P282_SP00179" HPOS="655" VPOS="1277" WIDTH="29"/>
						<String ID="P282_ST00204" HPOS="684" VPOS="1237" WIDTH="32" HEIGHT="29" CONTENT="in" WC="0.47" CC="36"/>
						<SP ID="P282_SP00180" HPOS="716" VPOS="1277" WIDTH="27"/>
						<String ID="P282_ST00205" HPOS="743" VPOS="1237" WIDTH="92" HEIGHT="40" CONTENT="pairs," WC="0.81" CC="001134"/>
						<SP ID="P282_SP00181" HPOS="835" VPOS="1277" WIDTH="24"/>
						<String ID="P282_ST00206" HPOS="859" VPOS="1236" WIDTH="130" HEIGHT="41" CONTENT="putting" WC="0.76" CC="0611070"/>
						<SP ID="P282_SP00182" HPOS="989" VPOS="1277" WIDTH="30"/>
						<String ID="P282_ST00207" HPOS="1019" VPOS="1236" WIDTH="32" HEIGHT="29" CONTENT="in" WC="0.66" CC="06"/>
					</TextLine>
					<TextLine ID="P282_TL00025" HPOS="113" VPOS="1285" WIDTH="938" HEIGHT="42">
						<String ID="P282_ST00208" HPOS="113" VPOS="1287" WIDTH="119" HEIGHT="40" CONTENT="wedges" WC="0.90" CC="000006"/>
						<SP ID="P282_SP00183" HPOS="232" VPOS="1327" WIDTH="16"/>
						<String ID="P282_ST00209" HPOS="248" VPOS="1297" WIDTH="33" HEIGHT="19" CONTENT="as" WC="0.70" CC="05"/>
						<SP ID="P282_SP00184" HPOS="281" VPOS="1327" WIDTH="15"/>
						<String ID="P282_ST00210" HPOS="296" VPOS="1286" WIDTH="77" HEIGHT="40" CONTENT="they" WC="0.69" CC="4700"/>
						<SP ID="P282_SP00185" HPOS="373" VPOS="1327" WIDTH="16"/>
						<String ID="P282_ST00211" HPOS="389" VPOS="1285" WIDTH="147" HEIGHT="31" CONTENT="advance." WC="0.85" CC="00005150"/>
						<SP ID="P282_SP00186" HPOS="536" VPOS="1327" WIDTH="48"/>
						<String ID="P282_ST00212" HPOS="584" VPOS="1286" WIDTH="134" HEIGHT="30" CONTENT="AVomen" WC="0.58" CC="092407"/>
						<SP ID="P282_SP00187" HPOS="718" VPOS="1327" WIDTH="16"/>
						<String ID="P282_ST00213" HPOS="734" VPOS="1297" WIDTH="50" HEIGHT="19" CONTENT="are" WC="1.00" CC="000"/>
						<SP ID="P282_SP00188" HPOS="784" VPOS="1327" WIDTH="14"/>
						<String ID="P282_ST00214" HPOS="798" VPOS="1286" WIDTH="142" HEIGHT="41" CONTENT="fetching" WC="0.83" CC="20007040"/>
						<SP ID="P282_SP00189" HPOS="940" VPOS="1327" WIDTH="18"/>
						<String ID="P282_ST00215" HPOS="958" VPOS="1290" WIDTH="93" HEIGHT="26" CONTENT="water" WC="0.77" CC="20404"/>
					</TextLine>
					<TextLine ID="P282_TL00026" HPOS="113" VPOS="1335" WIDTH="938" HEIGHT="41">
						<String ID="P282_ST00216" HPOS="113" VPOS="1337" WIDTH="33" HEIGHT="29" CONTENT="in" WC="0.78" CC="04"/>
						<SP ID="P282_SP00190" HPOS="146" VPOS="1366" WIDTH="26"/>
						<String ID="P282_ST00217" HPOS="172" VPOS="1336" WIDTH="131" HEIGHT="30" CONTENT="buckets" WC="0.81" CC="7500000"/>
						<SP ID="P282_SP00191" HPOS="303" VPOS="1366" WIDTH="25"/>
						<String ID="P282_ST00218" HPOS="328" VPOS="1335" WIDTH="89" HEIGHT="30" CONTENT="made" WC="1.00" CC="0000"/>
						<SP ID="P282_SP00192" HPOS="417" VPOS="1366" WIDTH="27"/>
						<String ID="P282_ST00219" HPOS="444" VPOS="1335" WIDTH="34" HEIGHT="30" CONTENT="of" WC="1.00" CC="00"/>
						<SP ID="P282_SP00193" HPOS="478" VPOS="1366" WIDTH="22"/>
						<String ID="P282_ST00220" HPOS="500" VPOS="1335" WIDTH="132" HEIGHT="30" CONTENT="bamboo" WC="0.71" CC="700702"/>
						<SP ID="P282_SP00194" HPOS="632" VPOS="1366" WIDTH="28"/>
						<String ID="P282_ST00221" HPOS="660" VPOS="1336" WIDTH="104" HEIGHT="34" CONTENT="tubes;" WC="0.82" CC="060004"/>
						<SP ID="P282_SP00195" HPOS="764" VPOS="1370" WIDTH="29"/>
						<String ID="P282_ST00222" HPOS="793" VPOS="1336" WIDTH="79" HEIGHT="40" CONTENT="they" WC="0.82" CC="0700"/>
						<SP ID="P282_SP00196" HPOS="872" VPOS="1376" WIDTH="27"/>
						<String ID="P282_ST00223" HPOS="899" VPOS="1336" WIDTH="73" HEIGHT="30" CONTENT="take" WC="1.00" CC="0000"/>
						<SP ID="P282_SP00197" HPOS="972" VPOS="1376" WIDTH="24"/>
						<String ID="P282_ST00224" HPOS="996" VPOS="1336" WIDTH="55" HEIGHT="30" CONTENT="the" WC="0.46" CC="474"/>
					</TextLine>
					<TextLine ID="P282_TL00027" HPOS="114" VPOS="1384" WIDTH="937" HEIGHT="42">
						<String ID="P282_ST00225" HPOS="114" VPOS="1386" WIDTH="203" HEIGHT="39" CONTENT="opportunity" WC="0.74" CC="30007028240"/>
						<SP ID="P282_SP00198" HPOS="317" VPOS="1425" WIDTH="17"/>
						<String ID="P282_ST00226" HPOS="334" VPOS="1384" WIDTH="33" HEIGHT="30" CONTENT="of" WC="0.93" CC="00"/>
						<SP ID="P282_SP00199" HPOS="367" VPOS="1425" WIDTH="15"/>
						<String ID="P282_ST00227" HPOS="382" VPOS="1384" WIDTH="141" HEIGHT="41" CONTENT="bathing," WC="0.74" CC="50060700"/>
						<SP ID="P282_SP00200" HPOS="523" VPOS="1425" WIDTH="18"/>
						<String ID="P282_ST00228" HPOS="541" VPOS="1384" WIDTH="62" HEIGHT="30" CONTENT="and" WC="0.71" CC="080"/>
						<SP ID="P282_SP00201" HPOS="603" VPOS="1425" WIDTH="12"/>
						<String ID="P282_ST00229" HPOS="615" VPOS="1385" WIDTH="39" HEIGHT="30" CONTENT="do" WC="1.00" CC="00"/>
						<SP ID="P282_SP00202" HPOS="654" VPOS="1425" WIDTH="17"/>
						<String ID="P282_ST00230" HPOS="671" VPOS="1390" WIDTH="56" HEIGHT="26" CONTENT="not" WC="0.56" CC="750"/>
						<SP ID="P282_SP00203" HPOS="727" VPOS="1425" WIDTH="17"/>
						<String ID="P282_ST00231" HPOS="744" VPOS="1396" WIDTH="82" HEIGHT="20" CONTENT="seem" WC="0.83" CC="6000"/>
						<SP ID="P282_SP00204" HPOS="826" VPOS="1425" WIDTH="16"/>
						<String ID="P282_ST00232" HPOS="842" VPOS="1385" WIDTH="153" HEIGHT="31" CONTENT="hindered" WC="0.70" CC="70701700"/>
						<SP ID="P282_SP00205" HPOS="995" VPOS="1425" WIDTH="16"/>
						<String ID="P282_ST00233" HPOS="1011" VPOS="1385" WIDTH="40" HEIGHT="41" CONTENT="by" WC="1.00" CC="00"/>
					</TextLine>
					<TextLine ID="P282_TL00028" HPOS="113" VPOS="1434" WIDTH="938" HEIGHT="41">
						<String ID="P282_ST00234" HPOS="113" VPOS="1446" WIDTH="61" HEIGHT="29" CONTENT="any" WC="1.00" CC="000"/>
						<SP ID="P282_SP00206" HPOS="174" VPOS="1475" WIDTH="24"/>
						<String ID="P282_ST00235" HPOS="198" VPOS="1434" WIDTH="125" HEIGHT="30" CONTENT="bashful" WC="0.54" CC="7047065"/>
						<SP ID="P282_SP00207" HPOS="323" VPOS="1475" WIDTH="23"/>
						<String ID="P282_ST00236" HPOS="346" VPOS="1434" WIDTH="137" HEIGHT="40" CONTENT="feelings." WC="0.81" CC="000607020"/>
						<SP ID="P282_SP00208" HPOS="483" VPOS="1475" WIDTH="47"/>
						<String ID="P282_ST00237" HPOS="530" VPOS="1434" WIDTH="97" HEIGHT="30" CONTENT="There" WC="0.43" CC="77157"/>
						<SP ID="P282_SP00209" HPOS="627" VPOS="1475" WIDTH="24"/>
						<String ID="P282_ST00238" HPOS="651" VPOS="1435" WIDTH="25" HEIGHT="29" CONTENT="is" WC="0.59" CC="43"/>
						<SP ID="P282_SP00210" HPOS="676" VPOS="1475" WIDTH="26"/>
						<String ID="P282_ST00239" HPOS="702" VPOS="1446" WIDTH="17" HEIGHT="19" CONTENT="a" WC="1.00" CC="0"/>
						<SP ID="P282_SP00211" HPOS="719" VPOS="1475" WIDTH="17"/>
						<String ID="P282_ST00240" HPOS="736" VPOS="1435" WIDTH="122" HEIGHT="30" CONTENT="curious" WC="0.63" CC="3524052"/>
						<SP ID="P282_SP00212" HPOS="858" VPOS="1475" WIDTH="17"/>
						<String ID="P282_ST00241" HPOS="875" VPOS="1436" WIDTH="121" HEIGHT="29" CONTENT="remark" WC="0.73" CC="060054"/>
						<SP ID="P282_SP00213" HPOS="996" VPOS="1475" WIDTH="22"/>
						<String ID="P282_ST00242" HPOS="1018" VPOS="1442" WIDTH="33" HEIGHT="23" CONTENT="to" WC="0.67" CC="06"/>
					</TextLine>
					<TextLine ID="P282_TL00029" HPOS="113" VPOS="1483" WIDTH="938" HEIGHT="41">
						<String ID="P282_ST00243" HPOS="113" VPOS="1484" WIDTH="89" HEIGHT="30" CONTENT="make" WC="0.55" CC="7900"/>
						<SP ID="P282_SP00214" HPOS="202" VPOS="1514" WIDTH="16"/>
						<String ID="P282_ST00244" HPOS="218" VPOS="1494" WIDTH="40" HEIGHT="19" CONTENT="on" WC="0.63" CC="07"/>
						<SP ID="P282_SP00215" HPOS="258" VPOS="1514" WIDTH="16"/>
						<String ID="P282_ST00245" HPOS="274" VPOS="1483" WIDTH="64" HEIGHT="30" CONTENT="this" WC="0.59" CC="4712"/>
						<SP ID="P282_SP00216" HPOS="338" VPOS="1514" WIDTH="16"/>
						<String ID="P282_ST00246" HPOS="354" VPOS="1483" WIDTH="90" HEIGHT="40" CONTENT="point" WC="0.72" CC="00076"/>
						<String ID="P282_ST00247" HPOS="456" VPOS="1496" WIDTH="5" HEIGHT="17" CONTENT=":" WC="1.00" CC="0"/>
						<SP ID="P282_SP00217" HPOS="461" VPOS="1523" WIDTH="21"/>
						<String ID="P282_ST00248" HPOS="482" VPOS="1488" WIDTH="143" HEIGHT="36" CONTENT="amongst" WC="0.81" CC="0006060"/>
						<SP ID="P282_SP00218" HPOS="625" VPOS="1524" WIDTH="16"/>
						<String ID="P282_ST00249" HPOS="641" VPOS="1484" WIDTH="54" HEIGHT="31" CONTENT="the" WC="0.96" CC="010"/>
						<SP ID="P282_SP00219" HPOS="695" VPOS="1524" WIDTH="17"/>
						<String ID="P282_ST00250" HPOS="712" VPOS="1485" WIDTH="92" HEIGHT="30" CONTENT="Thais" WC="0.84" CC="07000"/>
						<SP ID="P282_SP00220" HPOS="804" VPOS="1524" WIDTH="17"/>
						<String ID="P282_ST00251" HPOS="821" VPOS="1485" WIDTH="34" HEIGHT="30" CONTENT="of" WC="0.94" CC="01"/>
						<SP ID="P282_SP00221" HPOS="855" VPOS="1524" WIDTH="24"/>
						<String ID="P282_ST00252" HPOS="879" VPOS="1485" WIDTH="54" HEIGHT="30" CONTENT="the" WC="0.75" CC="070"/>
						<SP ID="P282_SP00222" HPOS="933" VPOS="1524" WIDTH="22"/>
						<String ID="P282_ST00253" HPOS="955" VPOS="1485" WIDTH="96" HEIGHT="30" CONTENT="Black" WC="0.81" CC="60030"/>
					</TextLine>
					<TextLine ID="P282_TL00030" HPOS="113" VPOS="1532" WIDTH="937" HEIGHT="43">
						<String ID="P282_ST00254" HPOS="113" VPOS="1534" WIDTH="100" HEIGHT="34" CONTENT="River," WC="0.67" CC="760050"/>
						<SP ID="P282_SP00223" HPOS="213" VPOS="1568" WIDTH="16"/>
						<String ID="P282_ST00255" HPOS="229" VPOS="1532" WIDTH="54" HEIGHT="30" CONTENT="the" WC="0.75" CC="070"/>
						<SP ID="P282_SP00224" HPOS="283" VPOS="1568" WIDTH="17"/>
						<String ID="P282_ST00256" HPOS="300" VPOS="1543" WIDTH="70" HEIGHT="19" CONTENT="men" WC="0.71" CC="008"/>
						<SP ID="P282_SP00225" HPOS="370" VPOS="1568" WIDTH="16"/>
						<String ID="P282_ST00257" HPOS="386" VPOS="1543" WIDTH="93" HEIGHT="20" CONTENT="never" WC="0.71" CC="70007"/>
						<SP ID="P282_SP00226" HPOS="479" VPOS="1568" WIDTH="16"/>
						<String ID="P282_ST00258" HPOS="495" VPOS="1533" WIDTH="131" HEIGHT="30" CONTENT="hesitate" WC="0.80" CC="70043000"/>
						<SP ID="P282_SP00227" HPOS="626" VPOS="1568" WIDTH="13"/>
						<String ID="P282_ST00259" HPOS="639" VPOS="1538" WIDTH="32" HEIGHT="26" CONTENT="to" WC="0.50" CC="09"/>
						<SP ID="P282_SP00228" HPOS="671" VPOS="1568" WIDTH="16"/>
						<String ID="P282_ST00260" HPOS="687" VPOS="1535" WIDTH="79" HEIGHT="40" CONTENT="strip" WC="0.56" CC="64720"/>
						<SP ID="P282_SP00229" HPOS="766" VPOS="1575" WIDTH="14"/>
						<String ID="P282_ST00261" HPOS="780" VPOS="1535" WIDTH="197" HEIGHT="36" CONTENT="themselves," WC="0.83" CC="07003020400"/>
						<SP ID="P282_SP00230" HPOS="977" VPOS="1575" WIDTH="13"/>
						<String ID="P282_ST00262" HPOS="990" VPOS="1535" WIDTH="60" HEIGHT="30" CONTENT="and" WC="0.73" CC="080"/>
					</TextLine>
					<TextLine ID="P282_TL00031" HPOS="113" VPOS="1582" WIDTH="936" HEIGHT="43">
						<String ID="P282_ST00263" HPOS="113" VPOS="1587" WIDTH="86" HEIGHT="26" CONTENT="enter" WC="0.79" CC="07003"/>
						<SP ID="P282_SP00231" HPOS="199" VPOS="1613" WIDTH="26"/>
						<String ID="P282_ST00264" HPOS="225" VPOS="1582" WIDTH="53" HEIGHT="30" CONTENT="the" WC="0.82" CC="050"/>
						<SP ID="P282_SP00232" HPOS="278" VPOS="1613" WIDTH="30"/>
						<String ID="P282_ST00265" HPOS="308" VPOS="1587" WIDTH="92" HEIGHT="24" CONTENT="water" WC="0.90" CC="00004"/>
						<SP ID="P282_SP00233" HPOS="400" VPOS="1613" WIDTH="15"/>
						<String ID="P282_ST00266" HPOS="415" VPOS="1594" WIDTH="6" HEIGHT="23" CONTENT=";" WC="0.64" CC="3"/>
						<SP ID="P282_SP00234" HPOS="421" VPOS="1617" WIDTH="26"/>
						<String ID="P282_ST00267" HPOS="447" VPOS="1582" WIDTH="58" HEIGHT="29" CONTENT="but" WC="0.62" CC="560"/>
						<SP ID="P282_SP00235" HPOS="505" VPOS="1617" WIDTH="25"/>
						<String ID="P282_ST00268" HPOS="530" VPOS="1582" WIDTH="52" HEIGHT="30" CONTENT="the" WC="0.68" CC="072"/>
						<SP ID="P282_SP00236" HPOS="582" VPOS="1617" WIDTH="27"/>
						<String ID="P282_ST00269" HPOS="609" VPOS="1594" WIDTH="120" HEIGHT="20" CONTENT="women" WC="0.81" CC="01007"/>
						<SP ID="P282_SP00237" HPOS="729" VPOS="1617" WIDTH="28"/>
						<String ID="P282_ST00270" HPOS="757" VPOS="1595" WIDTH="113" HEIGHT="30" CONTENT="appear" WC="0.88" CC="000006"/>
						<SP ID="P282_SP00238" HPOS="870" VPOS="1625" WIDTH="27"/>
						<String ID="P282_ST00271" HPOS="897" VPOS="1596" WIDTH="83" HEIGHT="19" CONTENT="more" WC="0.38" CC="8573"/>
						<SP ID="P282_SP00239" HPOS="980" VPOS="1625" WIDTH="23"/>
						<String ID="P282_ST00272" HPOS="1003" VPOS="1596" WIDTH="46" HEIGHT="19" CONTENT="re" SUBS_TYPE="HypPart1" SUBS_CONTENT="reserved;" WC="1.00" CC="000"/>
						<HYP CONTENT="-"/>
					</TextLine>
					<TextLine ID="P282_TL00032" HPOS="113" VPOS="1631" WIDTH="937" HEIGHT="43">
						<String ID="P282_ST00273" HPOS="113" VPOS="1632" WIDTH="120" HEIGHT="35" CONTENT="served;" SUBS_TYPE="HypPart2" SUBS_CONTENT="reserved;" WC="0.86" CC="4000301"/>
						<SP ID="P282_SP00240" HPOS="233" VPOS="1667" WIDTH="23"/>
						<String ID="P282_ST00274" HPOS="256" VPOS="1631" WIDTH="81" HEIGHT="36" CONTENT="here," WC="0.68" CC="70502"/>
						<SP ID="P282_SP00241" HPOS="337" VPOS="1667" WIDTH="19"/>
						<String ID="P282_ST00275" HPOS="356" VPOS="1642" WIDTH="38" HEIGHT="19" CONTENT="on" WC="0.64" CC="07"/>
						<SP ID="P282_SP00242" HPOS="394" VPOS="1667" WIDTH="17"/>
						<String ID="P282_ST00276" HPOS="411" VPOS="1631" WIDTH="54" HEIGHT="30" CONTENT="the" WC="0.75" CC="070"/>
						<SP ID="P282_SP00243" HPOS="465" VPOS="1667" WIDTH="16"/>
						<String ID="P282_ST00277" HPOS="481" VPOS="1637" WIDTH="153" HEIGHT="35" CONTENT="contrary," WC="0.66" CC="708160303"/>
						<SP ID="P282_SP00244" HPOS="634" VPOS="1672" WIDTH="19"/>
						<String ID="P282_ST00278" HPOS="653" VPOS="1633" WIDTH="76" HEIGHT="41" CONTENT="they" WC="0.58" CC="4740"/>
						<SP ID="P282_SP00245" HPOS="729" VPOS="1674" WIDTH="16"/>
						<String ID="P282_ST00279" HPOS="745" VPOS="1645" WIDTH="49" HEIGHT="19" CONTENT="are" WC="0.47" CC="870"/>
						<SP ID="P282_SP00246" HPOS="794" VPOS="1674" WIDTH="17"/>
						<String ID="P282_ST00280" HPOS="811" VPOS="1634" WIDTH="53" HEIGHT="30" CONTENT="the" WC="0.54" CC="670"/>
						<SP ID="P282_SP00247" HPOS="864" VPOS="1674" WIDTH="17"/>
						<String ID="P282_ST00281" HPOS="881" VPOS="1645" WIDTH="75" HEIGHT="19" CONTENT="ones" WC="0.59" CC="4605"/>
						<SP ID="P282_SP00248" HPOS="956" VPOS="1674" WIDTH="23"/>
						<String ID="P282_ST00282" HPOS="979" VPOS="1635" WIDTH="71" HEIGHT="29" CONTENT="that" WC="0.69" CC="4700"/>
					</TextLine>
					<TextLine ID="P282_TL00033" HPOS="112" VPOS="1681" WIDTH="939" HEIGHT="34">
						<String ID="P282_ST00283" HPOS="112" VPOS="1682" WIDTH="58" HEIGHT="30" CONTENT="feel" WC="0.94" CC="2000"/>
						<SP ID="P282_SP00249" HPOS="170" VPOS="1712" WIDTH="15"/>
						<String ID="P282_ST00284" HPOS="185" VPOS="1692" WIDTH="39" HEIGHT="19" CONTENT="no" WC="0.62" CC="70"/>
						<SP ID="P282_SP00250" HPOS="224" VPOS="1712" WIDTH="17"/>
						<String ID="P282_ST00285" HPOS="241" VPOS="1681" WIDTH="112" HEIGHT="34" CONTENT="shame," WC="0.76" CC="770000"/>
						<SP ID="P282_SP00251" HPOS="353" VPOS="1715" WIDTH="17"/>
						<String ID="P282_ST00286" HPOS="370" VPOS="1681" WIDTH="102" HEIGHT="29" CONTENT="whilst" WC="0.58" CC="970250"/>
						<SP ID="P282_SP00252" HPOS="472" VPOS="1715" WIDTH="23"/>
						<String ID="P282_ST00287" HPOS="495" VPOS="1681" WIDTH="82" HEIGHT="30" CONTENT="their" WC="0.60" CC="07316"/>
						<SP ID="P282_SP00253" HPOS="577" VPOS="1715" WIDTH="23"/>
						<String ID="P282_ST00288" HPOS="600" VPOS="1682" WIDTH="159" HEIGHT="31" CONTENT="husbands" WC="0.55" CC="75460606"/>
						<SP ID="P282_SP00254" HPOS="759" VPOS="1715" WIDTH="27"/>
						<String ID="P282_ST00289" HPOS="786" VPOS="1694" WIDTH="83" HEIGHT="20" CONTENT="seem" WC="0.92" CC="1100"/>
						<SP ID="P282_SP00255" HPOS="869" VPOS="1715" WIDTH="28"/>
						<String ID="P282_ST00290" HPOS="897" VPOS="1688" WIDTH="33" HEIGHT="26" CONTENT="to" WC="0.71" CC="50"/>
						<SP ID="P282_SP00256" HPOS="930" VPOS="1715" WIDTH="28"/>
						<String ID="P282_ST00291" HPOS="958" VPOS="1685" WIDTH="93" HEIGHT="29" CONTENT="avoid" WC="0.74" CC="06510"/>
					</TextLine>
					<TextLine ID="P282_TL00034" HPOS="113" VPOS="1731" WIDTH="936" HEIGHT="40">
						<String ID="P282_ST00292" HPOS="113" VPOS="1731" WIDTH="182" HEIGHT="40" CONTENT="undressing-" WC="0.73" CC="08000530507"/>
						<SP ID="P282_SP00257" HPOS="295" VPOS="1771" WIDTH="15"/>
						<String ID="P282_ST00293" HPOS="310" VPOS="1731" WIDTH="29" HEIGHT="28" CONTENT="in" WC="0.34" CC="48"/>
						<SP ID="P282_SP00258" HPOS="339" VPOS="1771" WIDTH="19"/>
						<String ID="P282_ST00294" HPOS="358" VPOS="1741" WIDTH="55" HEIGHT="18" CONTENT="our" WC="0.44" CC="357"/>
						<SP ID="P282_SP00259" HPOS="413" VPOS="1771" WIDTH="15"/>
						<String ID="P282_ST00295" HPOS="428" VPOS="1741" WIDTH="154" HEIGHT="28" CONTENT="presence." WC="0.84" CC="060007000"/>
						<SP ID="P282_SP00260" HPOS="582" VPOS="1771" WIDTH="49"/>
						<String ID="P282_ST00296" HPOS="631" VPOS="1731" WIDTH="96" HEIGHT="31" CONTENT="AVhat" WC="0.72" CC="06700"/>
						<SP ID="P282_SP00261" HPOS="727" VPOS="1771" WIDTH="16"/>
						<String ID="P282_ST00297" HPOS="743" VPOS="1743" WIDTH="57" HEIGHT="20" CONTENT="can" WC="0.80" CC="006"/>
						<SP ID="P282_SP00262" HPOS="800" VPOS="1771" WIDTH="16"/>
						<String ID="P282_ST00298" HPOS="816" VPOS="1733" WIDTH="37" HEIGHT="30" CONTENT="be" WC="0.89" CC="20"/>
						<SP ID="P282_SP00263" HPOS="853" VPOS="1771" WIDTH="28"/>
						<String ID="P282_ST00299" HPOS="881" VPOS="1734" WIDTH="54" HEIGHT="30" CONTENT="the" WC="0.55" CC="670"/>
						<SP ID="P282_SP00264" HPOS="935" VPOS="1771" WIDTH="25"/>
						<String ID="P282_ST00300" HPOS="960" VPOS="1745" WIDTH="89" HEIGHT="20" CONTENT="cause" WC="0.81" CC="00450"/>
					</TextLine>
					<TextLine ID="P282_TL00035" HPOS="113" VPOS="1779" WIDTH="937" HEIGHT="34">
						<String ID="P282_ST00301" HPOS="113" VPOS="1781" WIDTH="33" HEIGHT="30" CONTENT="of" WC="1.00" CC="00"/>
						<SP ID="P282_SP00265" HPOS="146" VPOS="1811" WIDTH="12"/>
						<String ID="P282_ST00302" HPOS="158" VPOS="1780" WIDTH="62" HEIGHT="31" CONTENT="this" WC="0.38" CC="6736"/>
						<SP ID="P282_SP00266" HPOS="220" VPOS="1811" WIDTH="16"/>
						<String ID="P282_ST00303" HPOS="236" VPOS="1780" WIDTH="155" HEIGHT="29" CONTENT="inversion" WC="0.47" CC="088654508"/>
						<SP ID="P282_SP00267" HPOS="391" VPOS="1811" WIDTH="24"/>
						<String ID="P282_ST00304" HPOS="415" VPOS="1779" WIDTH="33" HEIGHT="30" CONTENT="of" WC="0.78" CC="40"/>
						<SP ID="P282_SP00268" HPOS="448" VPOS="1811" WIDTH="20"/>
						<String ID="P282_ST00305" HPOS="468" VPOS="1780" WIDTH="183" HEIGHT="30" CONTENT="sentiments" WC="0.74" CC="3280003710"/>
						<SP ID="P282_SP00269" HPOS="651" VPOS="1811" WIDTH="12"/>
						<String ID="P282_ST00306" HPOS="663" VPOS="1782" WIDTH="10" HEIGHT="28" CONTENT="?" WC="0.28" CC="7"/>
						<SP ID="P282_SP00270" HPOS="673" VPOS="1811" WIDTH="25"/>
						<String ID="P282_ST00307" HPOS="698" VPOS="1782" WIDTH="25" HEIGHT="29" CONTENT="is" WC="0.48" CC="36"/>
						<SP ID="P282_SP00271" HPOS="723" VPOS="1811" WIDTH="16"/>
						<String ID="P282_ST00308" HPOS="739" VPOS="1781" WIDTH="25" HEIGHT="31" CONTENT="it" WC="0.94" CC="10"/>
						<SP ID="P282_SP00272" HPOS="764" VPOS="1812" WIDTH="20"/>
						<String ID="P282_ST00309" HPOS="784" VPOS="1783" WIDTH="59" HEIGHT="30" CONTENT="clue" WC="0.68" CC="0840"/>
						<SP ID="P282_SP00273" HPOS="843" VPOS="1813" WIDTH="23"/>
						<String ID="P282_ST00310" HPOS="866" VPOS="1788" WIDTH="32" HEIGHT="25" CONTENT="to" WC="0.70" CC="60"/>
						<SP ID="P282_SP00274" HPOS="898" VPOS="1813" WIDTH="17"/>
						<String ID="P282_ST00311" HPOS="915" VPOS="1795" WIDTH="17" HEIGHT="18" CONTENT="a" WC="1.00" CC="0"/>
						<SP ID="P282_SP00275" HPOS="932" VPOS="1813" WIDTH="16"/>
						<String ID="P282_ST00312" HPOS="948" VPOS="1784" WIDTH="102" HEIGHT="29" CONTENT="differ-" WC="0.91" CC="0000050"/>
					</TextLine>
				</TextBlock>
			</PrintSpace>
		</Page>
	</Layout>
</alto>
