<?xml version="1.0" encoding="UTF-8"?>
<alto xmlns:xsi="http://www.w3.org/2001/XMLSchema-instance" xsi:noNamespaceSchemaLocation="http://www.bl.uk/schemas/alto/alto-1-4.xsd" xmlns:xlink="http://www.w3.org/1999/xlink">
	<Description>
		<MeasurementUnit>mm10</MeasurementUnit>
		<sourceImageInformation>
			<fileName>//head1/IN/2008-10/A0011314642/000306.jp2</fileName>
		</sourceImageInformation>
		<OCRProcessing ID="OCRPROCESSING_1">
			<preProcessingStep>
				<processingSoftware>
					<softwareCreator>CCS Content Conversion Specialists GmbH, Germany</softwareCreator>
					<softwareName>CCS docWORKS</softwareName>
					<softwareVersion>6.1-0.67</softwareVersion>
				</processingSoftware>
			</preProcessingStep>
			<ocrProcessingStep>
				<processingSoftware>
					<softwareCreator>ABBYY (BIT Software), Russia</softwareCreator>
					<softwareName>Finereader</softwareName>
				</processingSoftware>
			</ocrProcessingStep>
		</OCRProcessing>
	</Description>
	<Styles>
		<TextStyle ID="TXT_0" FONTSIZE="10" FONTFAMILY="Courier New"/>
		<TextStyle ID="TXT_1" FONTSIZE="9" FONTFAMILY="Courier New"/>
		<ParagraphStyle ID="PAR_LEFT" ALIGN="Left"/>
		<ParagraphStyle ID="PAR_RIGHT" ALIGN="Right"/>
	</Styles>
	<Layout>
		<Page ID="P198" PHYSICAL_IMG_NR="198" HEIGHT="1940" WIDTH="1138" PRINTED_IMG_NR="182" POSITION="Left" ACCURACY="73.46">
			<TopMargin ID="P198_TM00001" HPOS="0" VPOS="0" WIDTH="1137" HEIGHT="121">
				<TextBlock ID="P198_TB00001" HPOS="143" VPOS="92" WIDTH="55" HEIGHT="27" STYLEREFS="TXT_0 PAR_LEFT">
					<TextLine ID="P198_TL00001" HPOS="143" VPOS="92" WIDTH="55" HEIGHT="27">
						<String ID="P198_ST00001" HPOS="143" VPOS="92" WIDTH="55" HEIGHT="27" CONTENT="182" WC="1.00" CC="000"/>
					</TextLine>
				</TextBlock>
				<TextBlock ID="P198_TB00002" HPOS="458" VPOS="89" WIDTH="287" HEIGHT="31" STYLEREFS="TXT_0 PAR_RIGHT">
					<TextLine ID="P198_TL00002" HPOS="459" VPOS="90" WIDTH="286" HEIGHT="30">
						<String ID="P198_ST00002" HPOS="459" VPOS="90" WIDTH="139" HEIGHT="30" CONTENT="Around" WC="0.85" CC="000700"/>
						<SP ID="P198_SP00001" HPOS="598" VPOS="120" WIDTH="25"/>
						<String ID="P198_ST00003" HPOS="623" VPOS="90" WIDTH="122" HEIGHT="29" CONTENT="Tonkin" WC="0.64" CC="006662"/>
					</TextLine>
				</TextBlock>
			</TopMargin>
			<LeftMargin ID="P198_LM00001" HPOS="0" VPOS="121" WIDTH="131" HEIGHT="1689"/>
			<RightMargin ID="P198_RM00001" HPOS="1082" VPOS="121" WIDTH="55" HEIGHT="1689"/>
			<BottomMargin ID="P198_BM00001" HPOS="0" VPOS="1810" WIDTH="1137" HEIGHT="129"/>
			<PrintSpace ID="P198_PS00001" HPOS="131" VPOS="121" WIDTH="951" HEIGHT="1689">
				<TextBlock ID="P198_TB00003" HPOS="134" VPOS="169" WIDTH="948" HEIGHT="641" STYLEREFS="TXT_0 PAR_LEFT">
					<TextLine ID="P198_TL00003" HPOS="138" VPOS="169" WIDTH="941" HEIGHT="49">
						<String ID="P198_ST00004" HPOS="138" VPOS="181" WIDTH="122" HEIGHT="32" CONTENT="tractor," WC="0.74" CC="06000192"/>
						<SP ID="P198_SP00002" HPOS="260" VPOS="213" WIDTH="18"/>
						<String ID="P198_ST00005" HPOS="278" VPOS="178" WIDTH="67" HEIGHT="29" CONTENT="who" WC="0.62" CC="074"/>
						<SP ID="P198_SP00003" HPOS="345" VPOS="213" WIDTH="13"/>
						<String ID="P198_ST00006" HPOS="358" VPOS="188" WIDTH="77" HEIGHT="30" CONTENT="gave" WC="0.64" CC="0950"/>
						<SP ID="P198_SP00004" HPOS="435" VPOS="218" WIDTH="16"/>
						<String ID="P198_ST00007" HPOS="451" VPOS="188" WIDTH="35" HEIGHT="19" CONTENT="us" WC="0.45" CC="55"/>
						<SP ID="P198_SP00005" HPOS="486" VPOS="218" WIDTH="16"/>
						<String ID="P198_ST00008" HPOS="502" VPOS="177" WIDTH="53" HEIGHT="30" CONTENT="the" WC="0.50" CC="374"/>
						<SP ID="P198_SP00006" HPOS="555" VPOS="218" WIDTH="15"/>
						<String ID="P198_ST00009" HPOS="570" VPOS="175" WIDTH="201" HEIGHT="31" CONTENT="information" WC="0.80" CC="01002006028"/>
						<SP ID="P198_SP00007" HPOS="771" VPOS="218" WIDTH="17"/>
						<String ID="P198_ST00010" HPOS="788" VPOS="174" WIDTH="96" HEIGHT="29" CONTENT="about" WC="0.74" CC="07140"/>
						<SP ID="P198_SP00008" HPOS="884" VPOS="218" WIDTH="16"/>
						<String ID="P198_ST00011" HPOS="900" VPOS="171" WIDTH="54" HEIGHT="30" CONTENT="the" WC="0.55" CC="570"/>
						<SP ID="P198_SP00009" HPOS="954" VPOS="218" WIDTH="13"/>
						<String ID="P198_ST00012" HPOS="967" VPOS="169" WIDTH="112" HEIGHT="36" CONTENT="works," WC="0.68" CC="009054"/>
					</TextLine>
					<TextLine ID="P198_TL00004" HPOS="138" VPOS="219" WIDTH="943" HEIGHT="41">
						<String ID="P198_ST00013" HPOS="138" VPOS="227" WIDTH="65" HEIGHT="29" CONTENT="told" WC="0.97" CC="0000"/>
						<SP ID="P198_SP00010" HPOS="203" VPOS="256" WIDTH="19"/>
						<String ID="P198_ST00014" HPOS="222" VPOS="239" WIDTH="48" HEIGHT="18" CONTENT="me" WC="1.00" CC="00"/>
						<SP ID="P198_SP00011" HPOS="270" VPOS="257" WIDTH="21"/>
						<String ID="P198_ST00015" HPOS="291" VPOS="228" WIDTH="69" HEIGHT="29" CONTENT="that" WC="0.51" CC="6705"/>
						<SP ID="P198_SP00012" HPOS="360" VPOS="257" WIDTH="21"/>
						<String ID="P198_ST00016" HPOS="381" VPOS="228" WIDTH="47" HEIGHT="28" CONTENT="his" WC="0.38" CC="755"/>
						<SP ID="P198_SP00013" HPOS="428" VPOS="257" WIDTH="25"/>
						<String ID="P198_ST00017" HPOS="453" VPOS="227" WIDTH="130" HEIGHT="29" CONTENT="Chinese" WC="0.65" CC="7605050"/>
						<SP ID="P198_SP00014" HPOS="583" VPOS="257" WIDTH="24"/>
						<String ID="P198_ST00018" HPOS="607" VPOS="225" WIDTH="101" HEIGHT="30" CONTENT="father" WC="0.65" CC="006706"/>
						<SP ID="P198_SP00015" HPOS="708" VPOS="257" WIDTH="24"/>
						<String ID="P198_ST00019" HPOS="732" VPOS="223" WIDTH="63" HEIGHT="31" CONTENT="had" WC="0.75" CC="700"/>
						<SP ID="P198_SP00016" HPOS="795" VPOS="257" WIDTH="24"/>
						<String ID="P198_ST00020" HPOS="819" VPOS="232" WIDTH="93" HEIGHT="19" CONTENT="seven" WC="0.75" CC="70005"/>
						<SP ID="P198_SP00017" HPOS="912" VPOS="257" WIDTH="26"/>
						<String ID="P198_ST00021" HPOS="938" VPOS="231" WIDTH="34" HEIGHT="19" CONTENT="or" WC="0.51" CC="09"/>
						<SP ID="P198_SP00018" HPOS="972" VPOS="257" WIDTH="21"/>
						<String ID="P198_ST00022" HPOS="993" VPOS="219" WIDTH="88" HEIGHT="41" CONTENT="eight" WC="0.66" CC="20076"/>
					</TextLine>
					<TextLine ID="P198_TL00005" HPOS="139" VPOS="269" WIDTH="940" HEIGHT="43">
						<String ID="P198_ST00023" HPOS="139" VPOS="277" WIDTH="137" HEIGHT="29" CONTENT="hundred" WC="0.65" CC="6660400"/>
						<SP ID="P198_SP00019" HPOS="276" VPOS="306" WIDTH="17"/>
						<String ID="P198_ST00024" HPOS="293" VPOS="277" WIDTH="156" HEIGHT="29" CONTENT="workmen" WC="0.66" CC="0060906"/>
						<SP ID="P198_SP00020" HPOS="449" VPOS="306" WIDTH="21"/>
						<String ID="P198_ST00025" HPOS="470" VPOS="276" WIDTH="33" HEIGHT="30" CONTENT="of" WC="0.76" CC="30"/>
						<SP ID="P198_SP00021" HPOS="503" VPOS="306" WIDTH="21"/>
						<String ID="P198_ST00026" HPOS="524" VPOS="276" WIDTH="47" HEIGHT="30" CONTENT="his" WC="0.50" CC="752"/>
						<SP ID="P198_SP00022" HPOS="571" VPOS="306" WIDTH="26"/>
						<String ID="P198_ST00027" HPOS="597" VPOS="275" WIDTH="102" HEIGHT="30" CONTENT="fellow" WC="0.98" CC="000100"/>
						<SP ID="P198_SP00023" HPOS="699" VPOS="306" WIDTH="23"/>
						<String ID="P198_ST00028" HPOS="722" VPOS="277" WIDTH="215" HEIGHT="35" CONTENT="countrymen," WC="0.74" CC="20050600174"/>
						<SP ID="P198_SP00024" HPOS="937" VPOS="312" WIDTH="19"/>
						<String ID="P198_ST00029" HPOS="956" VPOS="269" WIDTH="62" HEIGHT="31" CONTENT="and" WC="0.52" CC="760"/>
						<SP ID="P198_SP00025" HPOS="1018" VPOS="312" WIDTH="23"/>
						<String ID="P198_ST00030" HPOS="1041" VPOS="269" WIDTH="38" HEIGHT="31" CONTENT="he" WC="0.55" CC="71"/>
					</TextLine>
					<TextLine ID="P198_TL00006" HPOS="138" VPOS="319" WIDTH="942" HEIGHT="48">
						<String ID="P198_ST00031" HPOS="138" VPOS="327" WIDTH="111" HEIGHT="29" CONTENT="earned" WC="0.88" CC="004200"/>
						<SP ID="P198_SP00026" HPOS="249" VPOS="356" WIDTH="20"/>
						<String ID="P198_ST00032" HPOS="269" VPOS="338" WIDTH="18" HEIGHT="18" CONTENT="a" WC="1.00" CC="0"/>
						<SP ID="P198_SP00027" HPOS="287" VPOS="356" WIDTH="19"/>
						<String ID="P198_ST00033" HPOS="306" VPOS="331" WIDTH="87" HEIGHT="36" CONTENT="great" WC="0.56" CC="06095"/>
						<SP ID="P198_SP00028" HPOS="393" VPOS="367" WIDTH="27"/>
						<String ID="P198_ST00034" HPOS="420" VPOS="326" WIDTH="67" HEIGHT="30" CONTENT="deal" WC="1.00" CC="0000"/>
						<String ID="P198_ST00035" HPOS="502" VPOS="338" WIDTH="5" HEIGHT="23" CONTENT=";" WC="1.00" CC="0"/>
						<SP ID="P198_SP00029" HPOS="507" VPOS="367" WIDTH="36"/>
						<String ID="P198_ST00036" HPOS="543" VPOS="325" WIDTH="56" HEIGHT="30" CONTENT="but" WC="0.66" CC="360"/>
						<SP ID="P198_SP00030" HPOS="599" VPOS="367" WIDTH="25"/>
						<String ID="P198_ST00037" HPOS="624" VPOS="334" WIDTH="83" HEIGHT="20" CONTENT="some" WC="0.86" CC="5000"/>
						<SP ID="P198_SP00031" HPOS="707" VPOS="367" WIDTH="23"/>
						<String ID="P198_ST00038" HPOS="730" VPOS="323" WIDTH="108" HEIGHT="40" CONTENT="piracy" WC="0.83" CC="005030"/>
						<SP ID="P198_SP00032" HPOS="838" VPOS="367" WIDTH="16"/>
						<String ID="P198_ST00039" HPOS="854" VPOS="320" WIDTH="169" HEIGHT="41" CONTENT="occurring," WC="0.81" CC="0400300703"/>
						<SP ID="P198_SP00033" HPOS="1023" VPOS="367" WIDTH="18"/>
						<String ID="P198_ST00040" HPOS="1041" VPOS="319" WIDTH="39" HEIGHT="31" CONTENT="he" WC="0.67" CC="60"/>
					</TextLine>
					<TextLine ID="P198_TL00007" HPOS="137" VPOS="369" WIDTH="945" HEIGHT="47">
						<String ID="P198_ST00041" HPOS="137" VPOS="376" WIDTH="147" HEIGHT="40" CONTENT="departed" WC="0.86" CC="00007030"/>
						<SP ID="P198_SP00034" HPOS="284" VPOS="416" WIDTH="27"/>
						<String ID="P198_ST00042" HPOS="311" VPOS="376" WIDTH="75" HEIGHT="30" CONTENT="with" WC="0.66" CC="9003"/>
						<SP ID="P198_SP00035" HPOS="386" VPOS="416" WIDTH="24"/>
						<String ID="P198_ST00043" HPOS="410" VPOS="376" WIDTH="48" HEIGHT="30" CONTENT="his" WC="0.36" CC="747"/>
						<SP ID="P198_SP00036" HPOS="458" VPOS="416" WIDTH="21"/>
						<String ID="P198_ST00044" HPOS="479" VPOS="385" WIDTH="113" HEIGHT="30" CONTENT="money" WC="0.87" CC="06000"/>
						<SP ID="P198_SP00037" HPOS="592" VPOS="416" WIDTH="22"/>
						<String ID="P198_ST00045" HPOS="614" VPOS="373" WIDTH="134" HEIGHT="30" CONTENT="without" WC="0.75" CC="0107340"/>
						<SP ID="P198_SP00038" HPOS="748" VPOS="416" WIDTH="24"/>
						<String ID="P198_ST00046" HPOS="772" VPOS="371" WIDTH="161" HEIGHT="40" CONTENT="troubling" WC="0.75" CC="070700070"/>
						<SP ID="P198_SP00039" HPOS="933" VPOS="416" WIDTH="23"/>
						<String ID="P198_ST00047" HPOS="956" VPOS="369" WIDTH="126" HEIGHT="31" CONTENT="himself" WC="0.69" CC="7305111"/>
					</TextLine>
					<TextLine ID="P198_TL00008" HPOS="136" VPOS="420" WIDTH="943" HEIGHT="43">
						<String ID="P198_ST00048" HPOS="136" VPOS="426" WIDTH="94" HEIGHT="29" CONTENT="about" WC="0.48" CC="80079"/>
						<SP ID="P198_SP00040" HPOS="230" VPOS="455" WIDTH="15"/>
						<String ID="P198_ST00049" HPOS="245" VPOS="426" WIDTH="48" HEIGHT="29" CONTENT="his" WC="0.44" CC="735"/>
						<SP ID="P198_SP00041" HPOS="293" VPOS="455" WIDTH="16"/>
						<String ID="P198_ST00050" HPOS="309" VPOS="425" WIDTH="68" HEIGHT="30" CONTENT="wife" WC="0.65" CC="9400"/>
						<SP ID="P198_SP00042" HPOS="377" VPOS="455" WIDTH="16"/>
						<String ID="P198_ST00051" HPOS="393" VPOS="425" WIDTH="60" HEIGHT="30" CONTENT="and" WC="0.71" CC="260"/>
						<SP ID="P198_SP00043" HPOS="453" VPOS="455" WIDTH="11"/>
						<String ID="P198_ST00052" HPOS="464" VPOS="436" WIDTH="63" HEIGHT="19" CONTENT="son." WC="0.46" CC="6572"/>
						<SP ID="P198_SP00044" HPOS="527" VPOS="455" WIDTH="48"/>
						<String ID="P198_ST00053" HPOS="575" VPOS="423" WIDTH="64" HEIGHT="31" CONTENT="The" WC="0.72" CC="070"/>
						<SP ID="P198_SP00045" HPOS="639" VPOS="455" WIDTH="12"/>
						<String ID="P198_ST00054" HPOS="651" VPOS="422" WIDTH="128" HEIGHT="41" CONTENT="speaker" WC="0.84" CC="3000007"/>
						<SP ID="P198_SP00046" HPOS="779" VPOS="463" WIDTH="16"/>
						<String ID="P198_ST00055" HPOS="795" VPOS="421" WIDTH="101" HEIGHT="30" CONTENT="added" WC="1.00" CC="00000"/>
						<SP ID="P198_SP00047" HPOS="896" VPOS="463" WIDTH="15"/>
						<String ID="P198_ST00056" HPOS="911" VPOS="421" WIDTH="72" HEIGHT="29" CONTENT="that" WC="0.74" CC="2700"/>
						<SP ID="P198_SP00048" HPOS="983" VPOS="463" WIDTH="15"/>
						<String ID="P198_ST00057" HPOS="998" VPOS="420" WIDTH="27" HEIGHT="30" CONTENT="if" WC="0.67" CC="60"/>
						<SP ID="P198_SP00049" HPOS="1025" VPOS="463" WIDTH="15"/>
						<String ID="P198_ST00058" HPOS="1040" VPOS="420" WIDTH="39" HEIGHT="30" CONTENT="he" WC="0.63" CC="70"/>
					</TextLine>
					<TextLine ID="P198_TL00009" HPOS="136" VPOS="470" WIDTH="944" HEIGHT="46">
						<String ID="P198_ST00059" HPOS="136" VPOS="476" WIDTH="60" HEIGHT="29" CONTENT="had" WC="0.57" CC="750"/>
						<SP ID="P198_SP00050" HPOS="196" VPOS="505" WIDTH="15"/>
						<String ID="P198_ST00060" HPOS="211" VPOS="486" WIDTH="63" HEIGHT="30" CONTENT="any" WC="0.45" CC="870"/>
						<SP ID="P198_SP00051" HPOS="274" VPOS="516" WIDTH="14"/>
						<String ID="P198_ST00061" HPOS="288" VPOS="486" WIDTH="114" HEIGHT="29" CONTENT="money" WC="0.85" CC="00700"/>
						<SP ID="P198_SP00052" HPOS="402" VPOS="516" WIDTH="15"/>
						<String ID="P198_ST00062" HPOS="417" VPOS="475" WIDTH="37" HEIGHT="29" CONTENT="he" WC="0.62" CC="70"/>
						<SP ID="P198_SP00053" HPOS="454" VPOS="516" WIDTH="18"/>
						<String ID="P198_ST00063" HPOS="472" VPOS="473" WIDTH="101" HEIGHT="31" CONTENT="would" WC="1.00" CC="00000"/>
						<SP ID="P198_SP00054" HPOS="573" VPOS="516" WIDTH="15"/>
						<String ID="P198_ST00064" HPOS="588" VPOS="473" WIDTH="136" HEIGHT="29" CONTENT="increase" WC="0.71" CC="36500060"/>
						<SP ID="P198_SP00055" HPOS="724" VPOS="516" WIDTH="17"/>
						<String ID="P198_ST00065" HPOS="741" VPOS="472" WIDTH="49" HEIGHT="29" CONTENT="his" WC="0.44" CC="726"/>
						<SP ID="P198_SP00056" HPOS="790" VPOS="516" WIDTH="20"/>
						<String ID="P198_ST00066" HPOS="810" VPOS="471" WIDTH="101" HEIGHT="30" CONTENT="works" WC="0.75" CC="02206"/>
						<SP ID="P198_SP00057" HPOS="911" VPOS="516" WIDTH="16"/>
						<String ID="P198_ST00067" HPOS="927" VPOS="470" WIDTH="61" HEIGHT="30" CONTENT="and" WC="0.76" CC="070"/>
						<SP ID="P198_SP00058" HPOS="988" VPOS="516" WIDTH="17"/>
						<String ID="P198_ST00068" HPOS="1005" VPOS="471" WIDTH="75" HEIGHT="29" CONTENT="thus" WC="0.46" CC="4753"/>
					</TextLine>
					<TextLine ID="P198_TL00010" HPOS="136" VPOS="521" WIDTH="942" HEIGHT="45">
						<String ID="P198_ST00069" HPOS="136" VPOS="525" WIDTH="88" HEIGHT="30" CONTENT="make" WC="0.84" CC="0060"/>
						<SP ID="P198_SP00059" HPOS="224" VPOS="555" WIDTH="16"/>
						<String ID="P198_ST00070" HPOS="240" VPOS="536" WIDTH="17" HEIGHT="18" CONTENT="a" WC="0.66" CC="3"/>
						<SP ID="P198_SP00060" HPOS="257" VPOS="555" WIDTH="15"/>
						<String ID="P198_ST00071" HPOS="272" VPOS="528" WIDTH="87" HEIGHT="38" CONTENT="great" WC="0.81" CC="05004"/>
						<SP ID="P198_SP00061" HPOS="359" VPOS="566" WIDTH="23"/>
						<String ID="P198_ST00072" HPOS="382" VPOS="525" WIDTH="132" HEIGHT="34" CONTENT="fortune," WC="0.67" CC="71007603"/>
						<SP ID="P198_SP00062" HPOS="514" VPOS="566" WIDTH="17"/>
						<String ID="P198_ST00073" HPOS="531" VPOS="523" WIDTH="59" HEIGHT="30" CONTENT="but" WC="0.60" CC="740"/>
						<SP ID="P198_SP00063" HPOS="590" VPOS="566" WIDTH="25"/>
						<String ID="P198_ST00074" HPOS="615" VPOS="522" WIDTH="70" HEIGHT="30" CONTENT="that" WC="0.63" CC="0770"/>
						<SP ID="P198_SP00064" HPOS="685" VPOS="566" WIDTH="27"/>
						<String ID="P198_ST00075" HPOS="712" VPOS="522" WIDTH="54" HEIGHT="29" CONTENT="the" WC="0.48" CC="770"/>
						<SP ID="P198_SP00065" HPOS="766" VPOS="566" WIDTH="20"/>
						<String ID="P198_ST00076" HPOS="786" VPOS="521" WIDTH="121" HEIGHT="30" CONTENT="French" WC="0.81" CC="020007"/>
						<SP ID="P198_SP00066" HPOS="907" VPOS="566" WIDTH="24"/>
						<String ID="P198_ST00077" HPOS="931" VPOS="521" WIDTH="99" HEIGHT="40" CONTENT="ought" WC="0.68" CC="06026"/>
						<SP ID="P198_SP00067" HPOS="1030" VPOS="566" WIDTH="15"/>
						<String ID="P198_ST00078" HPOS="1045" VPOS="527" WIDTH="33" HEIGHT="23" CONTENT="to" WC="1.00" CC="00"/>
					</TextLine>
					<TextLine ID="P198_TL00011" HPOS="135" VPOS="571" WIDTH="942" HEIGHT="43">
						<String ID="P198_ST00079" HPOS="135" VPOS="585" WIDTH="84" HEIGHT="19" CONTENT="come" WC="0.95" CC="0020"/>
						<SP ID="P198_SP00068" HPOS="219" VPOS="604" WIDTH="16"/>
						<String ID="P198_ST00080" HPOS="235" VPOS="574" WIDTH="70" HEIGHT="30" CONTENT="here" WC="0.64" CC="7060"/>
						<SP ID="P198_SP00069" HPOS="305" VPOS="604" WIDTH="13"/>
						<String ID="P198_ST00081" HPOS="318" VPOS="586" WIDTH="6" HEIGHT="23" CONTENT=";" WC="0.82" CC="1"/>
						<SP ID="P198_SP00070" HPOS="324" VPOS="609" WIDTH="24"/>
						<String ID="P198_ST00082" HPOS="348" VPOS="573" WIDTH="77" HEIGHT="41" CONTENT="they" WC="0.66" CC="5700"/>
						<SP ID="P198_SP00071" HPOS="425" VPOS="614" WIDTH="16"/>
						<String ID="P198_ST00083" HPOS="441" VPOS="572" WIDTH="89" HEIGHT="31" CONTENT="could" WC="0.73" CC="45200"/>
						<SP ID="P198_SP00072" HPOS="530" VPOS="614" WIDTH="17"/>
						<String ID="P198_ST00084" HPOS="547" VPOS="582" WIDTH="116" HEIGHT="30" CONTENT="engage" WC="0.73" CC="070800"/>
						<SP ID="P198_SP00073" HPOS="663" VPOS="614" WIDTH="16"/>
						<String ID="P198_ST00085" HPOS="679" VPOS="571" WIDTH="93" HEIGHT="31" CONTENT="Thais" WC="0.36" CC="87086"/>
						<SP ID="P198_SP00074" HPOS="772" VPOS="614" WIDTH="17"/>
						<String ID="P198_ST00086" HPOS="789" VPOS="571" WIDTH="110" HEIGHT="30" CONTENT="coolies" WC="0.87" CC="0000026"/>
						<SP ID="P198_SP00075" HPOS="899" VPOS="614" WIDTH="21"/>
						<String ID="P198_ST00087" HPOS="920" VPOS="571" WIDTH="48" HEIGHT="30" CONTENT="for" WC="0.76" CC="015"/>
						<SP ID="P198_SP00076" HPOS="968" VPOS="614" WIDTH="15"/>
						<String ID="P198_ST00088" HPOS="983" VPOS="571" WIDTH="94" HEIGHT="30" CONTENT="about" WC="0.66" CC="07044"/>
					</TextLine>
					<TextLine ID="P198_TL00012" HPOS="135" VPOS="620" WIDTH="942" HEIGHT="43">
						<String ID="P198_ST00089" HPOS="135" VPOS="624" WIDTH="86" HEIGHT="30" CONTENT="three" WC="0.63" CC="07703"/>
						<SP ID="P198_SP00077" HPOS="221" VPOS="654" WIDTH="16"/>
						<String ID="P198_ST00090" HPOS="237" VPOS="624" WIDTH="128" HEIGHT="39" CONTENT="piastres" WC="0.77" CC="00040706"/>
						<SP ID="P198_SP00078" HPOS="365" VPOS="663" WIDTH="16"/>
						<String ID="P198_ST00091" HPOS="381" VPOS="633" WIDTH="55" HEIGHT="30" CONTENT="per" WC="0.81" CC="005"/>
						<SP ID="P198_SP00079" HPOS="436" VPOS="663" WIDTH="15"/>
						<String ID="P198_ST00092" HPOS="451" VPOS="622" WIDTH="111" HEIGHT="30" CONTENT="month" WC="0.61" CC="04707"/>
						<SP ID="P198_SP00080" HPOS="562" VPOS="663" WIDTH="25"/>
						<String ID="P198_ST00093" HPOS="587" VPOS="620" WIDTH="85" HEIGHT="40" CONTENT="(food" WC="0.78" CC="13500"/>
						<SP ID="P198_SP00081" HPOS="672" VPOS="663" WIDTH="21"/>
						<String ID="P198_ST00094" HPOS="693" VPOS="621" WIDTH="60" HEIGHT="29" CONTENT="and" WC="0.75" CC="070"/>
						<SP ID="P198_SP00082" HPOS="753" VPOS="663" WIDTH="23"/>
						<String ID="P198_ST00095" HPOS="776" VPOS="621" WIDTH="106" HEIGHT="40" CONTENT="opium" WC="0.75" CC="50070"/>
						<SP ID="P198_SP00083" HPOS="882" VPOS="663" WIDTH="16"/>
						<String ID="P198_ST00096" HPOS="898" VPOS="621" WIDTH="95" HEIGHT="40" CONTENT="being" WC="0.85" CC="00070"/>
						<SP ID="P198_SP00084" HPOS="993" VPOS="663" WIDTH="14"/>
						<String ID="P198_ST00097" HPOS="1007" VPOS="631" WIDTH="70" HEIGHT="30" CONTENT="pro" SUBS_TYPE="HypPart1" SUBS_CONTENT="provided)," WC="0.87" CC="0500"/>
						<HYP CONTENT="-"/>
					</TextLine>
					<TextLine ID="P198_TL00013" HPOS="135" VPOS="671" WIDTH="942" HEIGHT="42">
						<String ID="P198_ST00098" HPOS="135" VPOS="671" WIDTH="116" HEIGHT="42" CONTENT="vided)," SUBS_TYPE="HypPart2" SUBS_CONTENT="provided)," WC="0.89" CC="0000034"/>
						<SP ID="P198_SP00085" HPOS="251" VPOS="713" WIDTH="32"/>
						<String ID="P198_ST00099" HPOS="283" VPOS="672" WIDTH="57" HEIGHT="31" CONTENT="but" WC="0.36" CC="755"/>
						<SP ID="P198_SP00086" HPOS="340" VPOS="713" WIDTH="29"/>
						<String ID="P198_ST00100" HPOS="369" VPOS="672" WIDTH="69" HEIGHT="30" CONTENT="that" WC="0.27" CC="7786"/>
						<SP ID="P198_SP00087" HPOS="438" VPOS="713" WIDTH="30"/>
						<String ID="P198_ST00101" HPOS="468" VPOS="672" WIDTH="87" HEIGHT="29" CONTENT="there" WC="0.75" CC="07050"/>
						<SP ID="P198_SP00088" HPOS="555" VPOS="713" WIDTH="31"/>
						<String ID="P198_ST00102" HPOS="586" VPOS="682" WIDTH="60" HEIGHT="18" CONTENT="was" WC="0.92" CC="002"/>
						<SP ID="P198_SP00089" HPOS="646" VPOS="713" WIDTH="31"/>
						<String ID="P198_ST00103" HPOS="677" VPOS="671" WIDTH="92" HEIGHT="29" CONTENT="much" WC="0.53" CC="0737"/>
						<SP ID="P198_SP00090" HPOS="769" VPOS="713" WIDTH="31"/>
						<String ID="P198_ST00104" HPOS="800" VPOS="682" WIDTH="84" HEIGHT="18" CONTENT="more" WC="0.92" CC="0300"/>
						<SP ID="P198_SP00091" HPOS="884" VPOS="713" WIDTH="31"/>
						<String ID="P198_ST00105" HPOS="915" VPOS="675" WIDTH="32" HEIGHT="26" CONTENT="to" WC="0.65" CC="60"/>
						<SP ID="P198_SP00092" HPOS="947" VPOS="713" WIDTH="31"/>
						<String ID="P198_ST00106" HPOS="978" VPOS="671" WIDTH="40" HEIGHT="29" CONTENT="do" WC="0.77" CC="04"/>
						<SP ID="P198_SP00093" HPOS="1018" VPOS="713" WIDTH="26"/>
						<String ID="P198_ST00107" HPOS="1044" VPOS="676" WIDTH="33" HEIGHT="24" CONTENT="at" WC="1.00" CC="00"/>
					</TextLine>
					<TextLine ID="P198_TL00014" HPOS="135" VPOS="720" WIDTH="942" HEIGHT="43">
						<String ID="P198_ST00108" HPOS="135" VPOS="723" WIDTH="131" HEIGHT="40" CONTENT="Yetong," WC="0.84" CC="0004500"/>
						<SP ID="P198_SP00094" HPOS="266" VPOS="763" WIDTH="27"/>
						<String ID="P198_ST00109" HPOS="293" VPOS="722" WIDTH="94" HEIGHT="30" CONTENT="about" WC="0.79" CC="05040"/>
						<SP ID="P198_SP00095" HPOS="387" VPOS="763" WIDTH="27"/>
						<String ID="P198_ST00110" HPOS="414" VPOS="721" WIDTH="69" HEIGHT="31" CONTENT="four" WC="0.60" CC="3362"/>
						<SP ID="P198_SP00096" HPOS="483" VPOS="763" WIDTH="24"/>
						<String ID="P198_ST00111" HPOS="507" VPOS="721" WIDTH="87" HEIGHT="30" CONTENT="miles" WC="0.74" CC="03206"/>
						<SP ID="P198_SP00097" HPOS="594" VPOS="763" WIDTH="24"/>
						<String ID="P198_ST00112" HPOS="618" VPOS="721" WIDTH="97" HEIGHT="30" CONTENT="above" WC="0.64" CC="06261"/>
						<SP ID="P198_SP00098" HPOS="715" VPOS="763" WIDTH="25"/>
						<String ID="P198_ST00113" HPOS="740" VPOS="720" WIDTH="70" HEIGHT="31" CONTENT="Van" WC="0.52" CC="607"/>
						<SP ID="P198_SP00099" HPOS="810" VPOS="763" WIDTH="25"/>
						<String ID="P198_ST00114" HPOS="835" VPOS="720" WIDTH="82" HEIGHT="36" CONTENT="Bou;" WC="0.52" CC="6461"/>
						<SP ID="P198_SP00100" HPOS="917" VPOS="763" WIDTH="24"/>
						<String ID="P198_ST00115" HPOS="941" VPOS="720" WIDTH="54" HEIGHT="31" CONTENT="the" WC="0.54" CC="570"/>
						<SP ID="P198_SP00101" HPOS="995" VPOS="763" WIDTH="24"/>
						<String ID="P198_ST00116" HPOS="1019" VPOS="720" WIDTH="58" HEIGHT="30" CONTENT="bed" WC="0.68" CC="009"/>
					</TextLine>
					<TextLine ID="P198_TL00015" HPOS="135" VPOS="770" WIDTH="795" HEIGHT="40">
						<String ID="P198_ST00117" HPOS="135" VPOS="772" WIDTH="121" HEIGHT="30" CONTENT="seemed" WC="0.84" CC="701000"/>
						<SP ID="P198_SP00102" HPOS="256" VPOS="802" WIDTH="15"/>
						<String ID="P198_ST00118" HPOS="271" VPOS="772" WIDTH="99" HEIGHT="30" CONTENT="richer" WC="0.68" CC="001709"/>
						<SP ID="P198_SP00103" HPOS="370" VPOS="802" WIDTH="15"/>
						<String ID="P198_ST00119" HPOS="385" VPOS="771" WIDTH="61" HEIGHT="30" CONTENT="and" WC="0.43" CC="880"/>
						<SP ID="P198_SP00104" HPOS="446" VPOS="802" WIDTH="15"/>
						<String ID="P198_ST00120" HPOS="461" VPOS="782" WIDTH="61" HEIGHT="19" CONTENT="was" WC="0.91" CC="002"/>
						<SP ID="P198_SP00105" HPOS="522" VPOS="802" WIDTH="15"/>
						<String ID="P198_ST00121" HPOS="537" VPOS="771" WIDTH="187" HEIGHT="39" CONTENT="completely" WC="0.95" CC="0000000030"/>
						<SP ID="P198_SP00106" HPOS="724" VPOS="810" WIDTH="16"/>
						<String ID="P198_ST00122" HPOS="740" VPOS="770" WIDTH="190" HEIGHT="31" CONTENT="abandoned." WC="0.82" CC="0304036000"/>
					</TextLine>
				</TextBlock>
				<TextBlock ID="P198_TB00004" HPOS="831" VPOS="903" WIDTH="207" HEIGHT="30" STYLEREFS="TXT_1 PAR_RIGHT">
					<TextLine ID="P198_TL00016" HPOS="832" VPOS="903" WIDTH="206" HEIGHT="30">
						<String ID="P198_ST00123" HPOS="832" VPOS="904" WIDTH="129" HEIGHT="29" CONTENT="February" WC="0.51" CC="09550990"/>
						<SP ID="P198_SP00107" HPOS="961" VPOS="933" WIDTH="15"/>
						<String ID="P198_ST00124" HPOS="976" VPOS="903" WIDTH="62" HEIGHT="23" CONTENT="19th." WC="0.68" CC="57300"/>
					</TextLine>
				</TextBlock>
				<TextBlock ID="P198_TB00005" HPOS="131" VPOS="974" WIDTH="944" HEIGHT="632" STYLEREFS="TXT_0 PAR_LEFT">
					<TextLine ID="P198_TL00017" HPOS="177" VPOS="974" WIDTH="898" HEIGHT="42">
						<String ID="P198_ST00125" HPOS="177" VPOS="975" WIDTH="128" HEIGHT="41" CONTENT="Having" WC="0.76" CC="500080"/>
						<SP ID="P198_SP00108" HPOS="305" VPOS="1016" WIDTH="25"/>
						<String ID="P198_ST00126" HPOS="330" VPOS="985" WIDTH="70" HEIGHT="20" CONTENT="seeii" WC="0.70" CC="61005"/>
						<SP ID="P198_SP00109" HPOS="400" VPOS="1016" WIDTH="25"/>
						<String ID="P198_ST00127" HPOS="425" VPOS="985" WIDTH="83" HEIGHT="19" CONTENT="some" WC="0.98" CC="0000"/>
						<SP ID="P198_SP00110" HPOS="508" VPOS="1016" WIDTH="24"/>
						<String ID="P198_ST00128" HPOS="532" VPOS="974" WIDTH="34" HEIGHT="30" CONTENT="of" WC="0.63" CC="24"/>
						<SP ID="P198_SP00111" HPOS="566" VPOS="1016" WIDTH="31"/>
						<String ID="P198_ST00129" HPOS="597" VPOS="974" WIDTH="52" HEIGHT="30" CONTENT="the" WC="0.57" CC="570"/>
						<SP ID="P198_SP00112" HPOS="649" VPOS="1016" WIDTH="28"/>
						<String ID="P198_ST00130" HPOS="677" VPOS="974" WIDTH="121" HEIGHT="41" CONTENT="mining" WC="0.71" CC="007360"/>
						<SP ID="P198_SP00113" HPOS="798" VPOS="1016" WIDTH="30"/>
						<String ID="P198_ST00131" HPOS="828" VPOS="974" WIDTH="100" HEIGHT="30" CONTENT="works" WC="0.83" CC="00700"/>
						<SP ID="P198_SP00114" HPOS="928" VPOS="1016" WIDTH="31"/>
						<String ID="P198_ST00132" HPOS="959" VPOS="975" WIDTH="33" HEIGHT="29" CONTENT="in" WC="0.69" CC="14"/>
						<SP ID="P198_SP00115" HPOS="992" VPOS="1016" WIDTH="30"/>
						<String ID="P198_ST00133" HPOS="1022" VPOS="974" WIDTH="53" HEIGHT="30" CONTENT="the" WC="0.39" CC="376"/>
					</TextLine>
					<TextLine ID="P198_TL00018" HPOS="135" VPOS="1024" WIDTH="940" HEIGHT="41">
						<String ID="P198_ST00134" HPOS="135" VPOS="1025" WIDTH="152" HEIGHT="40" CONTENT="morning," WC="0.69" CC="04760600"/>
						<SP ID="P198_SP00116" HPOS="287" VPOS="1065" WIDTH="17"/>
						<String ID="P198_ST00135" HPOS="304" VPOS="1035" WIDTH="44" HEIGHT="19" CONTENT="we" WC="1.00" CC="00"/>
						<SP ID="P198_SP00117" HPOS="348" VPOS="1065" WIDTH="19"/>
						<String ID="P198_ST00136" HPOS="367" VPOS="1024" WIDTH="86" HEIGHT="30" CONTENT="leave" WC="0.94" CC="02000"/>
						<SP ID="P198_SP00118" HPOS="453" VPOS="1065" WIDTH="22"/>
						<String ID="P198_ST00137" HPOS="475" VPOS="1024" WIDTH="105" HEIGHT="29" CONTENT="Molou" WC="0.79" CC="05004"/>
						<SP ID="P198_SP00119" HPOS="580" VPOS="1065" WIDTH="22"/>
						<String ID="P198_ST00138" HPOS="602" VPOS="1024" WIDTH="79" HEIGHT="29" CONTENT="after" WC="0.71" CC="01057"/>
						<SP ID="P198_SP00120" HPOS="681" VPOS="1065" WIDTH="19"/>
						<String ID="P198_ST00139" HPOS="700" VPOS="1035" WIDTH="55" HEIGHT="19" CONTENT="our" WC="0.82" CC="050"/>
						<SP ID="P198_SP00121" HPOS="755" VPOS="1065" WIDTH="21"/>
						<String ID="P198_ST00140" HPOS="776" VPOS="1024" WIDTH="121" HEIGHT="37" CONTENT="coolies," WC="0.86" CC="00010044"/>
						<SP ID="P198_SP00122" HPOS="897" VPOS="1065" WIDTH="18"/>
						<String ID="P198_ST00141" HPOS="915" VPOS="1024" WIDTH="53" HEIGHT="31" CONTENT="the" WC="0.75" CC="070"/>
						<SP ID="P198_SP00123" HPOS="968" VPOS="1065" WIDTH="23"/>
						<String ID="P198_ST00142" HPOS="991" VPOS="1024" WIDTH="84" HEIGHT="35" CONTENT="road," WC="0.72" CC="53004"/>
					</TextLine>
					<TextLine ID="P198_TL00019" HPOS="135" VPOS="1074" WIDTH="939" HEIGHT="41">
						<String ID="P198_ST00143" HPOS="135" VPOS="1074" WIDTH="97" HEIGHT="29" CONTENT="which" WC="0.48" CC="07467"/>
						<SP ID="P198_SP00124" HPOS="232" VPOS="1103" WIDTH="31"/>
						<String ID="P198_ST00144" HPOS="263" VPOS="1085" WIDTH="43" HEIGHT="18" CONTENT="we" WC="1.00" CC="00"/>
						<SP ID="P198_SP00125" HPOS="306" VPOS="1103" WIDTH="23"/>
						<String ID="P198_ST00145" HPOS="329" VPOS="1074" WIDTH="112" HEIGHT="35" CONTENT="follow," WC="0.92" CC="0000004"/>
						<SP ID="P198_SP00126" HPOS="441" VPOS="1109" WIDTH="25"/>
						<String ID="P198_ST00146" HPOS="466" VPOS="1074" WIDTH="85" HEIGHT="29" CONTENT="often" WC="0.80" CC="04005"/>
						<SP ID="P198_SP00127" HPOS="551" VPOS="1109" WIDTH="22"/>
						<String ID="P198_ST00147" HPOS="573" VPOS="1074" WIDTH="125" HEIGHT="40" CONTENT="leading" WC="0.87" CC="0060200"/>
						<SP ID="P198_SP00128" HPOS="698" VPOS="1114" WIDTH="30"/>
						<String ID="P198_ST00148" HPOS="728" VPOS="1085" WIDTH="36" HEIGHT="18" CONTENT="us" WC="0.37" CC="65"/>
						<SP ID="P198_SP00129" HPOS="764" VPOS="1114" WIDTH="31"/>
						<String ID="P198_ST00149" HPOS="795" VPOS="1074" WIDTH="137" HEIGHT="41" CONTENT="through" WC="0.67" CC="0723207"/>
						<SP ID="P198_SP00130" HPOS="932" VPOS="1115" WIDTH="29"/>
						<String ID="P198_ST00150" HPOS="961" VPOS="1074" WIDTH="113" HEIGHT="35" CONTENT="woods," WC="1.00" CC="000000"/>
					</TextLine>
					<TextLine ID="P198_TL00020" HPOS="133" VPOS="1123" WIDTH="942" HEIGHT="41">
						<String ID="P198_ST00151" HPOS="133" VPOS="1124" WIDTH="125" HEIGHT="40" CONTENT="passing" WC="0.70" CC="0046360"/>
						<SP ID="P198_SP00131" HPOS="258" VPOS="1164" WIDTH="29"/>
						<String ID="P198_ST00152" HPOS="287" VPOS="1123" WIDTH="78" HEIGHT="29" CONTENT="from" WC="0.83" CC="0320"/>
						<SP ID="P198_SP00132" HPOS="365" VPOS="1164" WIDTH="31"/>
						<String ID="P198_ST00153" HPOS="396" VPOS="1123" WIDTH="114" HEIGHT="29" CONTENT="hillock" WC="0.68" CC="7060240"/>
						<SP ID="P198_SP00133" HPOS="510" VPOS="1164" WIDTH="31"/>
						<String ID="P198_ST00154" HPOS="541" VPOS="1128" WIDTH="32" HEIGHT="24" CONTENT="to" WC="0.89" CC="02"/>
						<SP ID="P198_SP00134" HPOS="573" VPOS="1164" WIDTH="36"/>
						<String ID="P198_ST00155" HPOS="609" VPOS="1123" WIDTH="124" HEIGHT="35" CONTENT="hillock," WC="0.80" CC="60201500"/>
						<SP ID="P198_SP00135" HPOS="733" VPOS="1164" WIDTH="31"/>
						<String ID="P198_ST00156" HPOS="764" VPOS="1123" WIDTH="81" HEIGHT="30" CONTENT="from" WC="0.74" CC="0900"/>
						<SP ID="P198_SP00136" HPOS="845" VPOS="1164" WIDTH="31"/>
						<String ID="P198_ST00157" HPOS="876" VPOS="1124" WIDTH="97" HEIGHT="30" CONTENT="circus" WC="0.78" CC="003044"/>
						<SP ID="P198_SP00137" HPOS="973" VPOS="1164" WIDTH="35"/>
						<String ID="P198_ST00158" HPOS="1008" VPOS="1124" WIDTH="67" HEIGHT="29" CONTENT="into" WC="0.29" CC="3689"/>
					</TextLine>
					<TextLine ID="P198_TL00021" HPOS="134" VPOS="1173" WIDTH="941" HEIGHT="41">
						<String ID="P198_ST00159" HPOS="134" VPOS="1173" WIDTH="105" HEIGHT="32" CONTENT="circus," WC="0.78" CC="0154003"/>
						<SP ID="P198_SP00138" HPOS="239" VPOS="1205" WIDTH="19"/>
						<String ID="P198_ST00160" HPOS="258" VPOS="1173" WIDTH="38" HEIGHT="39" CONTENT="by" WC="1.00" CC="00"/>
						<SP ID="P198_SP00139" HPOS="296" VPOS="1212" WIDTH="21"/>
						<String ID="P198_ST00161" HPOS="317" VPOS="1173" WIDTH="158" HEIGHT="28" CONTENT="continual" WC="0.61" CC="645038500"/>
						<SP ID="P198_SP00140" HPOS="475" VPOS="1212" WIDTH="16"/>
						<String ID="P198_ST00162" HPOS="491" VPOS="1177" WIDTH="122" HEIGHT="25" CONTENT="ascents" WC="0.68" CC="2640530"/>
						<SP ID="P198_SP00141" HPOS="613" VPOS="1212" WIDTH="19"/>
						<String ID="P198_ST00163" HPOS="632" VPOS="1173" WIDTH="63" HEIGHT="29" CONTENT="and" WC="0.80" CC="060"/>
						<SP ID="P198_SP00142" HPOS="695" VPOS="1212" WIDTH="19"/>
						<String ID="P198_ST00164" HPOS="714" VPOS="1173" WIDTH="158" HEIGHT="36" CONTENT="descents;" WC="0.82" CC="003007500"/>
						<SP ID="P198_SP00143" HPOS="872" VPOS="1212" WIDTH="26"/>
						<String ID="P198_ST00165" HPOS="898" VPOS="1174" WIDTH="26" HEIGHT="29" CONTENT="it" WC="1.00" CC="00"/>
						<SP ID="P198_SP00144" HPOS="924" VPOS="1212" WIDTH="18"/>
						<String ID="P198_ST00166" HPOS="942" VPOS="1174" WIDTH="26" HEIGHT="29" CONTENT="is" WC="0.52" CC="44"/>
						<SP ID="P198_SP00145" HPOS="968" VPOS="1212" WIDTH="21"/>
						<String ID="P198_ST00167" HPOS="989" VPOS="1174" WIDTH="86" HEIGHT="40" CONTENT="quite" WC="0.85" CC="05002"/>
					</TextLine>
					<TextLine ID="P198_TL00022" HPOS="133" VPOS="1222" WIDTH="941" HEIGHT="39">
						<String ID="P198_ST00168" HPOS="133" VPOS="1233" WIDTH="57" HEIGHT="19" CONTENT="one" WC="0.66" CC="270"/>
						<SP ID="P198_SP00146" HPOS="190" VPOS="1252" WIDTH="16"/>
						<String ID="P198_ST00169" HPOS="206" VPOS="1222" WIDTH="34" HEIGHT="29" CONTENT="of" WC="1.00" CC="00"/>
						<SP ID="P198_SP00147" HPOS="240" VPOS="1252" WIDTH="11"/>
						<String ID="P198_ST00170" HPOS="251" VPOS="1222" WIDTH="53" HEIGHT="29" CONTENT="the" WC="0.58" CC="470"/>
						<SP ID="P198_SP00148" HPOS="304" VPOS="1252" WIDTH="17"/>
						<String ID="P198_ST00171" HPOS="321" VPOS="1226" WIDTH="92" HEIGHT="25" CONTENT="worst" WC="0.56" CC="03665"/>
						<SP ID="P198_SP00149" HPOS="413" VPOS="1252" WIDTH="16"/>
						<String ID="P198_ST00172" HPOS="429" VPOS="1222" WIDTH="69" HEIGHT="29" CONTENT="that" WC="0.81" CC="0700"/>
						<SP ID="P198_SP00150" HPOS="498" VPOS="1252" WIDTH="16"/>
						<String ID="P198_ST00173" HPOS="514" VPOS="1222" WIDTH="15" HEIGHT="29" CONTENT="I" WC="1.00" CC="0"/>
						<SP ID="P198_SP00151" HPOS="529" VPOS="1252" WIDTH="16"/>
						<String ID="P198_ST00174" HPOS="545" VPOS="1222" WIDTH="79" HEIGHT="29" CONTENT="have" WC="0.81" CC="7000"/>
						<SP ID="P198_SP00152" HPOS="624" VPOS="1252" WIDTH="16"/>
						<String ID="P198_ST00175" HPOS="640" VPOS="1227" WIDTH="55" HEIGHT="34" CONTENT="yet" WC="0.77" CC="060"/>
						<SP ID="P198_SP00153" HPOS="695" VPOS="1261" WIDTH="15"/>
						<String ID="P198_ST00176" HPOS="710" VPOS="1228" WIDTH="64" HEIGHT="24" CONTENT="met" WC="1.00" CC="000"/>
						<SP ID="P198_SP00154" HPOS="774" VPOS="1261" WIDTH="16"/>
						<String ID="P198_ST00177" HPOS="790" VPOS="1223" WIDTH="84" HEIGHT="30" CONTENT="with." WC="0.72" CC="00670"/>
						<SP ID="P198_SP00155" HPOS="874" VPOS="1261" WIDTH="50"/>
						<String ID="P198_ST00178" HPOS="924" VPOS="1223" WIDTH="32" HEIGHT="30" CONTENT="It" WC="0.70" CC="06"/>
						<SP ID="P198_SP00156" HPOS="956" VPOS="1261" WIDTH="16"/>
						<String ID="P198_ST00179" HPOS="972" VPOS="1223" WIDTH="102" HEIGHT="30" CONTENT="would" WC="0.89" CC="00500"/>
					</TextLine>
					<TextLine ID="P198_TL00023" HPOS="133" VPOS="1271" WIDTH="941" HEIGHT="42">
						<String ID="P198_ST00180" HPOS="133" VPOS="1272" WIDTH="37" HEIGHT="29" CONTENT="be" WC="1.00" CC="00"/>
						<SP ID="P198_SP00157" HPOS="170" VPOS="1301" WIDTH="16"/>
						<String ID="P198_ST00181" HPOS="186" VPOS="1282" WIDTH="78" HEIGHT="18" CONTENT="even" WC="0.81" CC="0007"/>
						<SP ID="P198_SP00158" HPOS="264" VPOS="1301" WIDTH="15"/>
						<String ID="P198_ST00182" HPOS="279" VPOS="1271" WIDTH="171" HEIGHT="40" CONTENT="dangerous" WC="0.67" CC="007004277"/>
						<SP ID="P198_SP00159" HPOS="450" VPOS="1311" WIDTH="16"/>
						<String ID="P198_ST00183" HPOS="466" VPOS="1276" WIDTH="32" HEIGHT="24" CONTENT="at" WC="1.00" CC="00"/>
						<SP ID="P198_SP00160" HPOS="498" VPOS="1311" WIDTH="16"/>
						<String ID="P198_ST00184" HPOS="514" VPOS="1271" WIDTH="100" HEIGHT="40" CONTENT="night," WC="0.68" CC="800703"/>
						<SP ID="P198_SP00161" HPOS="614" VPOS="1311" WIDTH="18"/>
						<String ID="P198_ST00185" HPOS="632" VPOS="1272" WIDTH="47" HEIGHT="29" CONTENT="for" WC="0.76" CC="015"/>
						<SP ID="P198_SP00162" HPOS="679" VPOS="1311" WIDTH="17"/>
						<String ID="P198_ST00186" HPOS="696" VPOS="1272" WIDTH="54" HEIGHT="30" CONTENT="the" WC="0.49" CC="572"/>
						<SP ID="P198_SP00163" HPOS="750" VPOS="1311" WIDTH="18"/>
						<String ID="P198_ST00187" HPOS="768" VPOS="1273" WIDTH="123" HEIGHT="40" CONTENT="ground" WC="0.56" CC="660660"/>
						<SP ID="P198_SP00164" HPOS="891" VPOS="1313" WIDTH="17"/>
						<String ID="P198_ST00188" HPOS="908" VPOS="1273" WIDTH="26" HEIGHT="30" CONTENT="is" WC="0.82" CC="03"/>
						<SP ID="P198_SP00165" HPOS="934" VPOS="1313" WIDTH="16"/>
						<String ID="P198_ST00189" HPOS="950" VPOS="1273" WIDTH="124" HEIGHT="40" CONTENT="pierced" WC="0.81" CC="0107200"/>
					</TextLine>
					<TextLine ID="P198_TL00024" HPOS="133" VPOS="1320" WIDTH="939" HEIGHT="43">
						<String ID="P198_ST00190" HPOS="133" VPOS="1321" WIDTH="74" HEIGHT="29" CONTENT="with" WC="0.68" CC="0237"/>
						<SP ID="P198_SP00166" HPOS="207" VPOS="1350" WIDTH="25"/>
						<String ID="P198_ST00191" HPOS="232" VPOS="1320" WIDTH="93" HEIGHT="35" CONTENT="holes," WC="0.77" CC="700060"/>
						<SP ID="P198_SP00167" HPOS="325" VPOS="1355" WIDTH="18"/>
						<String ID="P198_ST00192" HPOS="343" VPOS="1320" WIDTH="68" HEIGHT="30" CONTENT="that" WC="0.81" CC="0700"/>
						<SP ID="P198_SP00168" HPOS="411" VPOS="1355" WIDTH="25"/>
						<String ID="P198_ST00193" HPOS="436" VPOS="1331" WIDTH="50" HEIGHT="19" CONTENT="are" WC="0.81" CC="050"/>
						<SP ID="P198_SP00169" HPOS="486" VPOS="1355" WIDTH="25"/>
						<String ID="P198_ST00194" HPOS="511" VPOS="1331" WIDTH="31" HEIGHT="19" CONTENT="so" WC="0.28" CC="77"/>
						<SP ID="P198_SP00170" HPOS="542" VPOS="1355" WIDTH="26"/>
						<String ID="P198_ST00195" HPOS="568" VPOS="1332" WIDTH="165" HEIGHT="19" CONTENT="numerous" WC="0.73" CC="26000470"/>
						<SP ID="P198_SP00171" HPOS="733" VPOS="1355" WIDTH="24"/>
						<String ID="P198_ST00196" HPOS="757" VPOS="1322" WIDTH="33" HEIGHT="30" CONTENT="in" WC="0.65" CC="07"/>
						<SP ID="P198_SP00172" HPOS="790" VPOS="1355" WIDTH="26"/>
						<String ID="P198_ST00197" HPOS="816" VPOS="1323" WIDTH="118" HEIGHT="29" CONTENT="certain" WC="0.70" CC="0063027"/>
						<SP ID="P198_SP00173" HPOS="934" VPOS="1355" WIDTH="26"/>
						<String ID="P198_ST00198" HPOS="960" VPOS="1323" WIDTH="112" HEIGHT="40" CONTENT="places," WC="0.76" CC="0500074"/>
					</TextLine>
					<TextLine ID="P198_TL00025" HPOS="133" VPOS="1369" WIDTH="942" HEIGHT="44">
						<String ID="P198_ST00199" HPOS="133" VPOS="1370" WIDTH="67" HEIGHT="29" CONTENT="that" WC="0.81" CC="0700"/>
						<SP ID="P198_SP00174" HPOS="200" VPOS="1399" WIDTH="30"/>
						<String ID="P198_ST00200" HPOS="230" VPOS="1370" WIDTH="85" HEIGHT="29" CONTENT="there" WC="0.75" CC="07050"/>
						<SP ID="P198_SP00175" HPOS="315" VPOS="1399" WIDTH="24"/>
						<String ID="P198_ST00201" HPOS="339" VPOS="1369" WIDTH="25" HEIGHT="30" CONTENT="is" WC="0.81" CC="21"/>
						<SP ID="P198_SP00176" HPOS="364" VPOS="1399" WIDTH="23"/>
						<String ID="P198_ST00202" HPOS="387" VPOS="1370" WIDTH="134" HEIGHT="40" CONTENT="scarcely" WC="0.69" CC="66902000"/>
						<SP ID="P198_SP00177" HPOS="521" VPOS="1410" WIDTH="22"/>
						<String ID="P198_ST00203" HPOS="543" VPOS="1381" WIDTH="86" HEIGHT="18" CONTENT="room" WC="0.84" CC="2030"/>
						<SP ID="P198_SP00178" HPOS="629" VPOS="1410" WIDTH="23"/>
						<String ID="P198_ST00204" HPOS="652" VPOS="1375" WIDTH="33" HEIGHT="24" CONTENT="to" WC="1.00" CC="00"/>
						<SP ID="P198_SP00179" HPOS="685" VPOS="1410" WIDTH="22"/>
						<String ID="P198_ST00205" HPOS="707" VPOS="1382" WIDTH="71" HEIGHT="29" CONTENT="pass" WC="0.75" CC="0054"/>
						<SP ID="P198_SP00180" HPOS="778" VPOS="1411" WIDTH="27"/>
						<String ID="P198_ST00206" HPOS="805" VPOS="1372" WIDTH="134" HEIGHT="30" CONTENT="without" WC="0.63" CC="0297050"/>
						<SP ID="P198_SP00181" HPOS="939" VPOS="1411" WIDTH="26"/>
						<String ID="P198_ST00207" HPOS="965" VPOS="1372" WIDTH="110" HEIGHT="41" CONTENT="falling" WC="0.83" CC="0500140"/>
					</TextLine>
					<TextLine ID="P198_TL00026" HPOS="133" VPOS="1419" WIDTH="938" HEIGHT="41">
						<String ID="P198_ST00208" HPOS="133" VPOS="1420" WIDTH="66" HEIGHT="29" CONTENT="into" WC="0.69" CC="0606"/>
						<SP ID="P198_SP00182" HPOS="199" VPOS="1449" WIDTH="17"/>
						<String ID="P198_ST00209" HPOS="216" VPOS="1430" WIDTH="56" HEIGHT="18" CONTENT="one" WC="0.65" CC="162"/>
						<SP ID="P198_SP00183" HPOS="272" VPOS="1449" WIDTH="17"/>
						<String ID="P198_ST00210" HPOS="289" VPOS="1419" WIDTH="33" HEIGHT="29" CONTENT="of" WC="0.94" CC="10"/>
						<SP ID="P198_SP00184" HPOS="322" VPOS="1449" WIDTH="12"/>
						<String ID="P198_ST00211" HPOS="334" VPOS="1419" WIDTH="92" HEIGHT="30" CONTENT="them." WC="0.85" CC="07000"/>
						<SP ID="P198_SP00185" HPOS="426" VPOS="1449" WIDTH="34"/>
						<String ID="P198_ST00212" HPOS="460" VPOS="1419" WIDTH="63" HEIGHT="30" CONTENT="The" WC="0.75" CC="070"/>
						<SP ID="P198_SP00186" HPOS="523" VPOS="1449" WIDTH="13"/>
						<String ID="P198_ST00213" HPOS="536" VPOS="1420" WIDTH="151" HEIGHT="40" CONTENT="openings" WC="0.68" CC="00074706"/>
						<SP ID="P198_SP00187" HPOS="687" VPOS="1460" WIDTH="16"/>
						<String ID="P198_ST00214" HPOS="703" VPOS="1432" WIDTH="49" HEIGHT="18" CONTENT="are" WC="0.81" CC="050"/>
						<SP ID="P198_SP00188" HPOS="752" VPOS="1460" WIDTH="18"/>
						<String ID="P198_ST00215" HPOS="770" VPOS="1421" WIDTH="86" HEIGHT="30" CONTENT="often" WC="0.72" CC="00706"/>
						<SP ID="P198_SP00189" HPOS="856" VPOS="1460" WIDTH="16"/>
						<String ID="P198_ST00216" HPOS="872" VPOS="1422" WIDTH="69" HEIGHT="30" CONTENT="half" WC="0.75" CC="7020"/>
						<SP ID="P198_SP00190" HPOS="941" VPOS="1460" WIDTH="13"/>
						<String ID="P198_ST00217" HPOS="954" VPOS="1422" WIDTH="117" HEIGHT="31" CONTENT="hidden" WC="0.74" CC="700008"/>
					</TextLine>
					<TextLine ID="P198_TL00027" HPOS="132" VPOS="1468" WIDTH="942" HEIGHT="41">
						<String ID="P198_ST00218" HPOS="132" VPOS="1469" WIDTH="42" HEIGHT="40" CONTENT="by" WC="0.96" CC="00"/>
						<SP ID="P198_SP00191" HPOS="174" VPOS="1509" WIDTH="25"/>
						<String ID="P198_ST00219" HPOS="199" VPOS="1468" WIDTH="154" HEIGHT="30" CONTENT="brambles" WC="0.70" CC="70007017"/>
						<SP ID="P198_SP00192" HPOS="353" VPOS="1509" WIDTH="27"/>
						<String ID="P198_ST00220" HPOS="380" VPOS="1479" WIDTH="33" HEIGHT="19" CONTENT="or" WC="1.00" CC="00"/>
						<SP ID="P198_SP00193" HPOS="413" VPOS="1509" WIDTH="29"/>
						<String ID="P198_ST00221" HPOS="442" VPOS="1479" WIDTH="94" HEIGHT="30" CONTENT="grass," WC="0.59" CC="960250"/>
						<SP ID="P198_SP00194" HPOS="536" VPOS="1509" WIDTH="26"/>
						<String ID="P198_ST00222" HPOS="562" VPOS="1469" WIDTH="62" HEIGHT="30" CONTENT="and" WC="0.75" CC="070"/>
						<SP ID="P198_SP00195" HPOS="624" VPOS="1509" WIDTH="23"/>
						<String ID="P198_ST00223" HPOS="647" VPOS="1481" WIDTH="84" HEIGHT="19" CONTENT="some" WC="0.68" CC="6203"/>
						<SP ID="P198_SP00196" HPOS="731" VPOS="1509" WIDTH="27"/>
						<String ID="P198_ST00224" HPOS="758" VPOS="1471" WIDTH="34" HEIGHT="29" CONTENT="of" WC="0.91" CC="10"/>
						<SP ID="P198_SP00197" HPOS="792" VPOS="1509" WIDTH="24"/>
						<String ID="P198_ST00225" HPOS="816" VPOS="1471" WIDTH="53" HEIGHT="31" CONTENT="the" WC="0.75" CC="070"/>
						<SP ID="P198_SP00198" HPOS="869" VPOS="1509" WIDTH="28"/>
						<String ID="P198_ST00226" HPOS="897" VPOS="1472" WIDTH="94" HEIGHT="37" CONTENT="wells," WC="0.75" CC="004063"/>
						<SP ID="P198_SP00199" HPOS="991" VPOS="1509" WIDTH="29"/>
						<String ID="P198_ST00227" HPOS="1020" VPOS="1472" WIDTH="54" HEIGHT="31" CONTENT="the" WC="0.75" CC="070"/>
					</TextLine>
					<TextLine ID="P198_TL00028" HPOS="132" VPOS="1517" WIDTH="943" HEIGHT="41">
						<String ID="P198_ST00228" HPOS="132" VPOS="1518" WIDTH="131" HEIGHT="30" CONTENT="remains" WC="0.67" CC="6000365"/>
						<SP ID="P198_SP00200" HPOS="263" VPOS="1548" WIDTH="27"/>
						<String ID="P198_ST00229" HPOS="290" VPOS="1517" WIDTH="34" HEIGHT="30" CONTENT="of" WC="0.87" CC="20"/>
						<SP ID="P198_SP00201" HPOS="324" VPOS="1548" WIDTH="26"/>
						<String ID="P198_ST00230" HPOS="350" VPOS="1517" WIDTH="114" HEIGHT="30" CONTENT="former" WC="0.76" CC="227001"/>
						<SP ID="P198_SP00202" HPOS="464" VPOS="1548" WIDTH="25"/>
						<String ID="P198_ST00231" HPOS="489" VPOS="1518" WIDTH="73" HEIGHT="40" CONTENT="gold" WC="1.00" CC="0000"/>
						<SP ID="P198_SP00203" HPOS="562" VPOS="1558" WIDTH="25"/>
						<String ID="P198_ST00232" HPOS="587" VPOS="1519" WIDTH="165" HEIGHT="37" CONTENT="workings," WC="0.74" CC="004037060"/>
						<SP ID="P198_SP00204" HPOS="752" VPOS="1558" WIDTH="24"/>
						<String ID="P198_ST00233" HPOS="776" VPOS="1532" WIDTH="50" HEIGHT="19" CONTENT="are" WC="0.73" CC="061"/>
						<SP ID="P198_SP00205" HPOS="826" VPOS="1558" WIDTH="27"/>
						<String ID="P198_ST00234" HPOS="853" VPOS="1521" WIDTH="81" HEIGHT="30" CONTENT="from" WC="0.64" CC="2910"/>
						<SP ID="P198_SP00206" HPOS="934" VPOS="1558" WIDTH="21"/>
						<String ID="P198_ST00235" HPOS="955" VPOS="1521" WIDTH="61" HEIGHT="31" CONTENT="five" WC="0.86" CC="2200"/>
						<SP ID="P198_SP00207" HPOS="1016" VPOS="1558" WIDTH="23"/>
						<String ID="P198_ST00236" HPOS="1039" VPOS="1527" WIDTH="36" HEIGHT="25" CONTENT="to" WC="0.63" CC="07"/>
					</TextLine>
					<TextLine ID="P198_TL00029" HPOS="132" VPOS="1566" WIDTH="795" HEIGHT="40">
						<String ID="P198_ST00237" HPOS="132" VPOS="1568" WIDTH="46" HEIGHT="30" CONTENT="six" WC="0.67" CC="009"/>
						<SP ID="P198_SP00208" HPOS="178" VPOS="1598" WIDTH="16"/>
						<String ID="P198_ST00238" HPOS="194" VPOS="1566" WIDTH="92" HEIGHT="40" CONTENT="yards" WC="0.69" CC="09006"/>
						<SP ID="P198_SP00209" HPOS="286" VPOS="1606" WIDTH="17"/>
						<String ID="P198_ST00239" HPOS="303" VPOS="1566" WIDTH="76" HEIGHT="40" CONTENT="deep" WC="1.00" CC="0000"/>
						<SP ID="P198_SP00210" HPOS="379" VPOS="1606" WIDTH="13"/>
						<String ID="P198_ST00240" HPOS="392" VPOS="1579" WIDTH="6" HEIGHT="23" CONTENT=";" WC="1.00" CC="0"/>
						<SP ID="P198_SP00211" HPOS="398" VPOS="1606" WIDTH="24"/>
						<String ID="P198_ST00241" HPOS="422" VPOS="1577" WIDTH="33" HEIGHT="20" CONTENT="so" WC="0.79" CC="12"/>
						<SP ID="P198_SP00212" HPOS="455" VPOS="1606" WIDTH="16"/>
						<String ID="P198_ST00242" HPOS="471" VPOS="1568" WIDTH="160" HEIGHT="30" CONTENT="travellers" WC="0.76" CC="4600034103"/>
						<SP ID="P198_SP00213" HPOS="631" VPOS="1606" WIDTH="15"/>
						<String ID="P198_ST00243" HPOS="646" VPOS="1575" WIDTH="86" HEIGHT="24" CONTENT="must" WC="0.75" CC="0630"/>
						<SP ID="P198_SP00214" HPOS="732" VPOS="1606" WIDTH="17"/>
						<String ID="P198_ST00244" HPOS="749" VPOS="1570" WIDTH="35" HEIGHT="30" CONTENT="be" WC="0.78" CC="40"/>
						<SP ID="P198_SP00215" HPOS="784" VPOS="1606" WIDTH="21"/>
						<String ID="P198_ST00245" HPOS="805" VPOS="1571" WIDTH="122" HEIGHT="29" CONTENT="careful." WC="0.87" CC="50000400"/>
					</TextLine>
				</TextBlock>
				<TextBlock ID="P198_TB00006" HPOS="132" VPOS="1616" WIDTH="941" HEIGHT="194" STYLEREFS="TXT_0 PAR_LEFT">
					<TextLine ID="P198_TL00030" HPOS="175" VPOS="1616" WIDTH="898" HEIGHT="39">
						<String ID="P198_ST00246" HPOS="175" VPOS="1616" WIDTH="43" HEIGHT="30" CONTENT="At" WC="0.87" CC="02"/>
						<SP ID="P198_SP00216" HPOS="218" VPOS="1646" WIDTH="27"/>
						<String ID="P198_ST00247" HPOS="245" VPOS="1616" WIDTH="53" HEIGHT="29" CONTENT="the" WC="0.69" CC="072"/>
						<SP ID="P198_SP00217" HPOS="298" VPOS="1646" WIDTH="31"/>
						<String ID="P198_ST00248" HPOS="329" VPOS="1620" WIDTH="53" HEIGHT="35" CONTENT="top" WC="0.70" CC="710"/>
						<SP ID="P198_SP00218" HPOS="382" VPOS="1655" WIDTH="26"/>
						<String ID="P198_ST00249" HPOS="408" VPOS="1616" WIDTH="34" HEIGHT="30" CONTENT="of" WC="0.71" CC="14"/>
						<SP ID="P198_SP00219" HPOS="442" VPOS="1655" WIDTH="30"/>
						<String ID="P198_ST00250" HPOS="472" VPOS="1628" WIDTH="17" HEIGHT="18" CONTENT="a" WC="1.00" CC="0"/>
						<SP ID="P198_SP00220" HPOS="489" VPOS="1655" WIDTH="23"/>
						<String ID="P198_ST00251" HPOS="512" VPOS="1617" WIDTH="89" HEIGHT="30" CONTENT="small" WC="0.69" CC="70080"/>
						<SP ID="P198_SP00221" HPOS="601" VPOS="1655" WIDTH="31"/>
						<String ID="P198_ST00252" HPOS="632" VPOS="1618" WIDTH="56" HEIGHT="30" CONTENT="hill" WC="0.71" CC="7004"/>
						<SP ID="P198_SP00222" HPOS="688" VPOS="1655" WIDTH="28"/>
						<String ID="P198_ST00253" HPOS="716" VPOS="1630" WIDTH="44" HEIGHT="18" CONTENT="we" WC="1.00" CC="00"/>
						<SP ID="P198_SP00223" HPOS="760" VPOS="1655" WIDTH="28"/>
						<String ID="P198_ST00254" HPOS="788" VPOS="1631" WIDTH="49" HEIGHT="19" CONTENT="see" WC="0.83" CC="400"/>
						<SP ID="P198_SP00224" HPOS="837" VPOS="1655" WIDTH="23"/>
						<String ID="P198_ST00255" HPOS="860" VPOS="1621" WIDTH="119" HEIGHT="30" CONTENT="several" WC="0.84" CC="0000505"/>
						<SP ID="P198_SP00225" HPOS="979" VPOS="1655" WIDTH="23"/>
						<String ID="P198_ST00256" HPOS="1002" VPOS="1632" WIDTH="71" HEIGHT="20" CONTENT="men" WC="0.77" CC="006"/>
					</TextLine>
					<TextLine ID="P198_TL00031" HPOS="133" VPOS="1665" WIDTH="940" HEIGHT="42">
						<String ID="P198_ST00257" HPOS="133" VPOS="1665" WIDTH="184" HEIGHT="41" CONTENT="apparently" WC="0.75" CC="8000006520"/>
						<SP ID="P198_SP00226" HPOS="317" VPOS="1706" WIDTH="26"/>
						<String ID="P198_ST00258" HPOS="343" VPOS="1666" WIDTH="213" HEIGHT="41" CONTENT="commencing" WC="0.85" CC="2000050070"/>
						<SP ID="P198_SP00227" HPOS="556" VPOS="1707" WIDTH="24"/>
						<String ID="P198_ST00259" HPOS="580" VPOS="1678" WIDTH="18" HEIGHT="18" CONTENT="a" WC="0.07" CC="9"/>
						<SP ID="P198_SP00228" HPOS="598" VPOS="1707" WIDTH="24"/>
						<String ID="P198_ST00260" HPOS="622" VPOS="1678" WIDTH="68" HEIGHT="19" CONTENT="new" WC="0.62" CC="505"/>
						<SP ID="P198_SP00229" HPOS="690" VPOS="1707" WIDTH="24"/>
						<String ID="P198_ST00261" HPOS="714" VPOS="1669" WIDTH="91" HEIGHT="29" CONTENT="mine." WC="0.76" CC="00631"/>
						<SP ID="P198_SP00230" HPOS="805" VPOS="1707" WIDTH="48"/>
						<String ID="P198_ST00262" HPOS="853" VPOS="1670" WIDTH="51" HEIGHT="29" CONTENT="An" WC="0.63" CC="07"/>
						<SP ID="P198_SP00231" HPOS="904" VPOS="1707" WIDTH="24"/>
						<String ID="P198_ST00263" HPOS="928" VPOS="1670" WIDTH="52" HEIGHT="31" CONTENT="old" WC="1.00" CC="000"/>
						<SP ID="P198_SP00232" HPOS="980" VPOS="1707" WIDTH="21"/>
						<String ID="P198_ST00264" HPOS="1001" VPOS="1682" WIDTH="72" HEIGHT="19" CONTENT="man" WC="0.74" CC="007"/>
					</TextLine>
					<TextLine ID="P198_TL00032" HPOS="133" VPOS="1715" WIDTH="940" HEIGHT="43">
						<String ID="P198_ST00265" HPOS="133" VPOS="1715" WIDTH="61" HEIGHT="31" CONTENT="and" WC="0.79" CC="060"/>
						<SP ID="P198_SP00233" HPOS="194" VPOS="1746" WIDTH="15"/>
						<String ID="P198_ST00266" HPOS="209" VPOS="1715" WIDTH="47" HEIGHT="29" CONTENT="his" WC="0.62" CC="740"/>
						<SP ID="P198_SP00234" HPOS="256" VPOS="1746" WIDTH="16"/>
						<String ID="P198_ST00267" HPOS="272" VPOS="1719" WIDTH="61" HEIGHT="25" CONTENT="two" WC="0.44" CC="492"/>
						<SP ID="P198_SP00235" HPOS="333" VPOS="1746" WIDTH="16"/>
						<String ID="P198_ST00268" HPOS="349" VPOS="1725" WIDTH="71" HEIGHT="19" CONTENT="sons" WC="0.80" CC="0043"/>
						<SP ID="P198_SP00236" HPOS="420" VPOS="1746" WIDTH="16"/>
						<String ID="P198_ST00269" HPOS="436" VPOS="1726" WIDTH="50" HEIGHT="19" CONTENT="are" WC="0.88" CC="030"/>
						<SP ID="P198_SP00237" HPOS="486" VPOS="1746" WIDTH="16"/>
						<String ID="P198_ST00270" HPOS="502" VPOS="1715" WIDTH="129" HEIGHT="43" CONTENT="digging" WC="0.81" CC="0400260"/>
						<SP ID="P198_SP00238" HPOS="631" VPOS="1758" WIDTH="16"/>
						<String ID="P198_ST00271" HPOS="647" VPOS="1728" WIDTH="39" HEIGHT="19" CONTENT="an" WC="0.65" CC="07"/>
						<SP ID="P198_SP00239" HPOS="686" VPOS="1758" WIDTH="16"/>
						<String ID="P198_ST00272" HPOS="702" VPOS="1720" WIDTH="186" HEIGHT="29" CONTENT="excavation" WC="0.73" CC="0002080257"/>
						<SP ID="P198_SP00240" HPOS="888" VPOS="1758" WIDTH="16"/>
						<String ID="P198_ST00273" HPOS="904" VPOS="1720" WIDTH="98" HEIGHT="30" CONTENT="round" WC="0.66" CC="02059"/>
						<SP ID="P198_SP00241" HPOS="1002" VPOS="1758" WIDTH="19"/>
						<String ID="P198_ST00274" HPOS="1021" VPOS="1721" WIDTH="52" HEIGHT="30" CONTENT="the" WC="0.75" CC="070"/>
					</TextLine>
					<TextLine ID="P198_TL00033" HPOS="133" VPOS="1764" WIDTH="940" HEIGHT="46">
						<String ID="P198_ST00275" HPOS="133" VPOS="1769" WIDTH="83" HEIGHT="26" CONTENT="roots" WC="0.71" CC="20261"/>
						<SP ID="P198_SP00242" HPOS="216" VPOS="1795" WIDTH="24"/>
						<String ID="P198_ST00276" HPOS="240" VPOS="1764" WIDTH="34" HEIGHT="30" CONTENT="of" WC="0.58" CC="16"/>
						<SP ID="P198_SP00243" HPOS="274" VPOS="1795" WIDTH="19"/>
						<String ID="P198_ST00277" HPOS="293" VPOS="1775" WIDTH="83" HEIGHT="19" CONTENT="some" WC="0.80" CC="6100"/>
						<SP ID="P198_SP00244" HPOS="376" VPOS="1795" WIDTH="24"/>
						<String ID="P198_ST00278" HPOS="400" VPOS="1764" WIDTH="147" HEIGHT="31" CONTENT="bamboos" WC="0.77" CC="5000206"/>
						<String ID="P198_ST00279" HPOS="560" VPOS="1778" WIDTH="6" HEIGHT="23" CONTENT=";" WC="0.61" CC="3"/>
						<SP ID="P198_SP00245" HPOS="566" VPOS="1801" WIDTH="22"/>
						<String ID="P198_ST00280" HPOS="588" VPOS="1765" WIDTH="58" HEIGHT="32" CONTENT="but" WC="1.00" CC="000"/>
						<SP ID="P198_SP00246" HPOS="646" VPOS="1801" WIDTH="25"/>
						<String ID="P198_ST00281" HPOS="671" VPOS="1767" WIDTH="75" HEIGHT="41" CONTENT="they" WC="0.82" CC="0700"/>
						<SP ID="P198_SP00247" HPOS="746" VPOS="1808" WIDTH="26"/>
						<String ID="P198_ST00282" HPOS="772" VPOS="1769" WIDTH="54" HEIGHT="29" CONTENT="tell" WC="0.99" CC="0000"/>
						<SP ID="P198_SP00248" HPOS="826" VPOS="1808" WIDTH="25"/>
						<String ID="P198_ST00283" HPOS="851" VPOS="1780" WIDTH="36" HEIGHT="19" CONTENT="us" WC="0.54" CC="53"/>
						<SP ID="P198_SP00249" HPOS="887" VPOS="1808" WIDTH="18"/>
						<String ID="P198_ST00284" HPOS="905" VPOS="1769" WIDTH="69" HEIGHT="31" CONTENT="that" WC="0.64" CC="0707"/>
						<SP ID="P198_SP00250" HPOS="974" VPOS="1808" WIDTH="25"/>
						<String ID="P198_ST00285" HPOS="999" VPOS="1770" WIDTH="74" HEIGHT="40" CONTENT="they" WC="0.72" CC="3700"/>
					</TextLine>
				</TextBlock>
			</PrintSpace>
		</Page>
	</Layout>
</alto>
