<?xml version="1.0" encoding="UTF-8"?>
<alto xmlns:xsi="http://www.w3.org/2001/XMLSchema-instance" xsi:noNamespaceSchemaLocation="http://www.bl.uk/schemas/alto/alto-1-4.xsd" xmlns:xlink="http://www.w3.org/1999/xlink">
	<Description>
		<MeasurementUnit>mm10</MeasurementUnit>
		<sourceImageInformation>
			<fileName>//head1/IN/2008-10/A0011314642/000309.jp2</fileName>
		</sourceImageInformation>
		<OCRProcessing ID="OCRPROCESSING_1">
			<preProcessingStep>
				<processingSoftware>
					<softwareCreator>CCS Content Conversion Specialists GmbH, Germany</softwareCreator>
					<softwareName>CCS docWORKS</softwareName>
					<softwareVersion>6.1-0.67</softwareVersion>
				</processingSoftware>
			</preProcessingStep>
			<ocrProcessingStep>
				<processingSoftware>
					<softwareCreator>ABBYY (BIT Software), Russia</softwareCreator>
					<softwareName>Finereader</softwareName>
				</processingSoftware>
			</ocrProcessingStep>
		</OCRProcessing>
	</Description>
	<Styles>
		<TextStyle ID="TXT_0" FONTSIZE="9" FONTFAMILY="Courier New"/>
		<TextStyle ID="TXT_1" FONTSIZE="10" FONTFAMILY="Courier New"/>
		<ParagraphStyle ID="PAR_RIGHT" ALIGN="Right"/>
		<ParagraphStyle ID="PAR_LEFT" ALIGN="Left"/>
	</Styles>
	<Layout>
		<Page ID="P201" PHYSICAL_IMG_NR="201" HEIGHT="1940" WIDTH="1138" POSITION="Right" ACCURACY="39.60">
			<TopMargin ID="P201_TM00001" HPOS="0" VPOS="0" WIDTH="1137" HEIGHT="0"/>
			<LeftMargin ID="P201_LM00001" HPOS="0" VPOS="0" WIDTH="0" HEIGHT="1939"/>
			<RightMargin ID="P201_RM00001" HPOS="1137" VPOS="0" WIDTH="0" HEIGHT="1939"/>
			<BottomMargin ID="P201_BM00001" HPOS="0" VPOS="1939" WIDTH="1137" HEIGHT="0"/>
			<PrintSpace ID="P201_PS00001" HPOS="0" VPOS="0" WIDTH="1137" HEIGHT="1939">
				<TextBlock ID="P201_TB00001" HPOS="973" VPOS="609" WIDTH="24" HEIGHT="683" ROTATION="90.00" STYLEREFS="TXT_0 PAR_RIGHT">
					<TextLine ID="P201_TL00001" HPOS="975" VPOS="609" WIDTH="22" HEIGHT="683">
						<String ID="P201_ST00001" HPOS="975" VPOS="1222" WIDTH="16" HEIGHT="70" CONTENT="dOVSE" WC="0.18" CC="88787"/>
						<SP ID="P201_SP00001" HPOS="991" VPOS="1292" WIDTH="-16"/>
						<String ID="P201_ST00002" HPOS="975" VPOS="1177" WIDTH="16" HEIGHT="29" CONTENT="OF" WC="0.30" CC="67"/>
						<SP ID="P201_SP00002" HPOS="991" VPOS="1292" WIDTH="-16"/>
						<String ID="P201_ST00003" HPOS="975" VPOS="1116" WIDTH="16" HEIGHT="47" CONTENT="THE" WC="0.27" CC="677"/>
						<SP ID="P201_SP00003" HPOS="991" VPOS="1292" WIDTH="-15"/>
						<String ID="P201_ST00004" HPOS="976" VPOS="1030" WIDTH="16" HEIGHT="70" CONTENT="CHIEF" WC="0.51" CC="27247"/>
						<SP ID="P201_SP00004" HPOS="992" VPOS="1292" WIDTH="-15"/>
						<String ID="P201_ST00005" HPOS="977" VPOS="985" WIDTH="16" HEIGHT="29" CONTENT="AT" WC="0.16" CC="96"/>
						<SP ID="P201_SP00005" HPOS="993" VPOS="1292" WIDTH="-14"/>
						<String ID="P201_ST00006" HPOS="979" VPOS="883" WIDTH="16" HEIGHT="87" CONTENT="MALSON" WC="0.31" CC="797717"/>
						<SP ID="P201_SP00006" HPOS="995" VPOS="1292" WIDTH="-15"/>
						<String ID="P201_ST00007" HPOS="980" VPOS="733" WIDTH="15" HEIGHT="126" CONTENT="FEBRUARY" WC="0.36" CC="96890905"/>
						<SP ID="P201_SP00007" HPOS="995" VPOS="1292" WIDTH="-19"/>
						<String ID="P201_ST00008" HPOS="976" VPOS="684" WIDTH="21" HEIGHT="33" CONTENT="20," WC="0.82" CC="050"/>
						<SP ID="P201_SP00008" HPOS="997" VPOS="1292" WIDTH="-21"/>
						<String ID="P201_ST00009" HPOS="976" VPOS="609" WIDTH="21" HEIGHT="54" CONTENT="1892." WC="0.66" CC="76003"/>
					</TextLine>
				</TextBlock>
				<ComposedBlock ID="P201_CB00001" HPOS="94" VPOS="280" WIDTH="904" HEIGHT="1358" STYLEREFS="TXT_1 PAR_LEFT" TYPE="Illustration">
					<GraphicalElement ID="P201_CB00001_SUB" HPOS="94" VPOS="280" WIDTH="904" HEIGHT="1358"/>
				</ComposedBlock>
			</PrintSpace>
		</Page>
	</Layout>
</alto>
