<?xml version="1.0" encoding="UTF-8"?>
<alto xmlns:xsi="http://www.w3.org/2001/XMLSchema-instance" xsi:noNamespaceSchemaLocation="http://www.bl.uk/schemas/alto/alto-1-4.xsd" xmlns:xlink="http://www.w3.org/1999/xlink">
	<Description>
		<MeasurementUnit>mm10</MeasurementUnit>
		<sourceImageInformation>
			<fileName>//head1/IN/2008-10/A0011314642/000387.jp2</fileName>
		</sourceImageInformation>
		<OCRProcessing ID="OCRPROCESSING_1">
			<preProcessingStep>
				<processingSoftware>
					<softwareCreator>CCS Content Conversion Specialists GmbH, Germany</softwareCreator>
					<softwareName>CCS docWORKS</softwareName>
					<softwareVersion>6.1-0.67</softwareVersion>
				</processingSoftware>
			</preProcessingStep>
			<ocrProcessingStep>
				<processingSoftware>
					<softwareCreator>ABBYY (BIT Software), Russia</softwareCreator>
					<softwareName>Finereader</softwareName>
				</processingSoftware>
			</ocrProcessingStep>
		</OCRProcessing>
	</Description>
	<Styles>
		<TextStyle ID="TXT_0" FONTSIZE="9" FONTFAMILY="Courier New"/>
		<TextStyle ID="TXT_1" FONTSIZE="10" FONTFAMILY="Courier New"/>
		<ParagraphStyle ID="PAR_LEFT" ALIGN="Left"/>
		<ParagraphStyle ID="PAR_RIGHT" ALIGN="Right"/>
	</Styles>
	<Layout>
		<Page ID="P279" PHYSICAL_IMG_NR="279" HEIGHT="1940" WIDTH="1138" PRINTED_IMG_NR="263" POSITION="Right" ACCURACY="75.62">
			<TopMargin ID="P279_TM00001" HPOS="0" VPOS="0" WIDTH="1137" HEIGHT="139">
				<TextBlock ID="P279_TB00001" HPOS="397" VPOS="99" WIDTH="259" HEIGHT="39" STYLEREFS="TXT_0 PAR_LEFT">
					<TextLine ID="P279_TL00001" HPOS="397" VPOS="100" WIDTH="259" HEIGHT="38">
						<String ID="P279_ST00001" HPOS="397" VPOS="100" WIDTH="41" HEIGHT="28" CONTENT="In" WC="1.00" CC="00"/>
						<SP ID="P279_SP00001" HPOS="438" VPOS="128" WIDTH="23"/>
						<String ID="P279_ST00002" HPOS="461" VPOS="100" WIDTH="50" HEIGHT="29" CONTENT="the" WC="0.86" CC="400"/>
						<SP ID="P279_SP00002" HPOS="511" VPOS="129" WIDTH="24"/>
						<String ID="P279_ST00003" HPOS="535" VPOS="100" WIDTH="121" HEIGHT="38" CONTENT="Rapids" WC="0.95" CC="000200"/>
					</TextLine>
				</TextBlock>
				<TextBlock ID="P279_TB00002" HPOS="931" VPOS="103" WIDTH="57" HEIGHT="35" STYLEREFS="TXT_1 PAR_RIGHT">
					<TextLine ID="P279_TL00002" HPOS="931" VPOS="103" WIDTH="57" HEIGHT="35">
						<String ID="P279_ST00004" HPOS="931" VPOS="103" WIDTH="57" HEIGHT="35" CONTENT="263" WC="1.00" CC="000"/>
					</TextLine>
				</TextBlock>
			</TopMargin>
			<LeftMargin ID="P279_LM00001" HPOS="0" VPOS="139" WIDTH="44" HEIGHT="1663"/>
			<RightMargin ID="P279_RM00001" HPOS="991" VPOS="139" WIDTH="146" HEIGHT="1663"/>
			<BottomMargin ID="P279_BM00001" HPOS="0" VPOS="1802" WIDTH="1137" HEIGHT="137"/>
			<PrintSpace ID="P279_PS00001" HPOS="44" VPOS="139" WIDTH="947" HEIGHT="1663">
				<TextBlock ID="P279_TB00003" HPOS="53" VPOS="176" WIDTH="936" HEIGHT="479" STYLEREFS="TXT_0 PAR_LEFT">
					<TextLine ID="P279_TL00003" HPOS="53" VPOS="177" WIDTH="936" HEIGHT="41">
						<String ID="P279_ST00005" HPOS="53" VPOS="177" WIDTH="82" HEIGHT="41" CONTENT="light" WC="0.80" CC="01070"/>
						<SP ID="P279_SP00003" HPOS="135" VPOS="218" WIDTH="27"/>
						<String ID="P279_ST00006" HPOS="162" VPOS="189" WIDTH="16" HEIGHT="17" CONTENT="a" WC="1.00" CC="0"/>
						<SP ID="P279_SP00004" HPOS="178" VPOS="218" WIDTH="23"/>
						<String ID="P279_ST00007" HPOS="201" VPOS="178" WIDTH="82" HEIGHT="39" CONTENT="lamp" WC="0.80" CC="1600"/>
						<SP ID="P279_SP00005" HPOS="283" VPOS="218" WIDTH="24"/>
						<String ID="P279_ST00008" HPOS="307" VPOS="178" WIDTH="62" HEIGHT="29" CONTENT="and" WC="0.76" CC="070"/>
						<SP ID="P279_SP00006" HPOS="369" VPOS="218" WIDTH="19"/>
						<String ID="P279_ST00009" HPOS="388" VPOS="183" WIDTH="79" HEIGHT="25" CONTENT="start" WC="0.49" CC="39056"/>
						<SP ID="P279_SP00007" HPOS="467" VPOS="218" WIDTH="22"/>
						<String ID="P279_ST00010" HPOS="489" VPOS="178" WIDTH="32" HEIGHT="30" CONTENT="iu" WC="0.63" CC="07"/>
						<SP ID="P279_SP00008" HPOS="521" VPOS="218" WIDTH="23"/>
						<String ID="P279_ST00011" HPOS="544" VPOS="178" WIDTH="105" HEIGHT="30" CONTENT="search" WC="0.68" CC="700317"/>
						<SP ID="P279_SP00009" HPOS="649" VPOS="218" WIDTH="21"/>
						<String ID="P279_ST00012" HPOS="670" VPOS="178" WIDTH="33" HEIGHT="30" CONTENT="of" WC="0.68" CC="60"/>
						<SP ID="P279_SP00010" HPOS="703" VPOS="218" WIDTH="21"/>
						<String ID="P279_ST00013" HPOS="724" VPOS="189" WIDTH="40" HEIGHT="19" CONTENT="an" WC="0.64" CC="07"/>
						<SP ID="P279_SP00011" HPOS="764" VPOS="218" WIDTH="19"/>
						<String ID="P279_ST00014" HPOS="783" VPOS="178" WIDTH="122" HEIGHT="36" CONTENT="animal," WC="0.78" CC="0700052"/>
						<SP ID="P279_SP00012" HPOS="905" VPOS="218" WIDTH="17"/>
						<String ID="P279_ST00015" HPOS="922" VPOS="178" WIDTH="67" HEIGHT="30" CONTENT="that" WC="0.69" CC="0605"/>
					</TextLine>
					<TextLine ID="P279_TL00004" HPOS="53" VPOS="227" WIDTH="936" HEIGHT="41">
						<String ID="P279_ST00016" HPOS="53" VPOS="227" WIDTH="57" HEIGHT="29" CONTENT="has" WC="0.53" CC="706"/>
						<SP ID="P279_SP00013" HPOS="110" VPOS="256" WIDTH="25"/>
						<String ID="P279_ST00017" HPOS="135" VPOS="227" WIDTH="95" HEIGHT="30" CONTENT="taken" WC="0.86" CC="00006"/>
						<SP ID="P279_SP00014" HPOS="230" VPOS="257" WIDTH="30"/>
						<String ID="P279_ST00018" HPOS="260" VPOS="227" WIDTH="101" HEIGHT="41" CONTENT="flight," WC="0.65" CC="4430660"/>
						<SP ID="P279_SP00015" HPOS="361" VPOS="268" WIDTH="32"/>
						<String ID="P279_ST00019" HPOS="393" VPOS="233" WIDTH="31" HEIGHT="24" CONTENT="to" WC="1.00" CC="00"/>
						<SP ID="P279_SP00016" HPOS="424" VPOS="268" WIDTH="26"/>
						<String ID="P279_ST00020" HPOS="450" VPOS="228" WIDTH="98" HEIGHT="40" CONTENT="judge" WC="0.86" CC="06000"/>
						<SP ID="P279_SP00017" HPOS="548" VPOS="268" WIDTH="24"/>
						<String ID="P279_ST00021" HPOS="572" VPOS="228" WIDTH="79" HEIGHT="29" CONTENT="from" WC="0.91" CC="3000"/>
						<SP ID="P279_SP00018" HPOS="651" VPOS="268" WIDTH="27"/>
						<String ID="P279_ST00022" HPOS="678" VPOS="228" WIDTH="81" HEIGHT="29" CONTENT="their" WC="0.61" CC="56007"/>
						<SP ID="P279_SP00019" HPOS="759" VPOS="268" WIDTH="30"/>
						<String ID="P279_ST00023" HPOS="789" VPOS="233" WIDTH="200" HEIGHT="29" CONTENT="movements," WC="0.79" CC="0200404503"/>
					</TextLine>
					<TextLine ID="P279_TL00005" HPOS="54" VPOS="277" WIDTH="935" HEIGHT="41">
						<String ID="P279_ST00024" HPOS="54" VPOS="277" WIDTH="121" HEIGHT="41" CONTENT="though" WC="0.60" CC="071607"/>
						<SP ID="P279_SP00020" HPOS="175" VPOS="318" WIDTH="31"/>
						<String ID="P279_ST00025" HPOS="206" VPOS="277" WIDTH="14" HEIGHT="30" CONTENT="I" WC="0.84" CC="1"/>
						<SP ID="P279_SP00021" HPOS="220" VPOS="318" WIDTH="27"/>
						<String ID="P279_ST00026" HPOS="247" VPOS="277" WIDTH="39" HEIGHT="30" CONTENT="do" WC="0.90" CC="01"/>
						<SP ID="P279_SP00022" HPOS="286" VPOS="318" WIDTH="25"/>
						<String ID="P279_ST00027" HPOS="311" VPOS="283" WIDTH="55" HEIGHT="24" CONTENT="not" WC="0.67" CC="009"/>
						<SP ID="P279_SP00023" HPOS="366" VPOS="318" WIDTH="30"/>
						<String ID="P279_ST00028" HPOS="396" VPOS="289" WIDTH="48" HEIGHT="18" CONTENT="see" WC="0.78" CC="410"/>
						<SP ID="P279_SP00024" HPOS="444" VPOS="318" WIDTH="27"/>
						<String ID="P279_ST00029" HPOS="471" VPOS="278" WIDTH="33" HEIGHT="29" CONTENT="it." WC="0.64" CC="460"/>
						<SP ID="P279_SP00025" HPOS="504" VPOS="318" WIDTH="47"/>
						<String ID="P279_ST00030" HPOS="551" VPOS="278" WIDTH="87" HEIGHT="40" CONTENT="They" WC="0.82" CC="0700"/>
						<SP ID="P279_SP00026" HPOS="638" VPOS="318" WIDTH="25"/>
						<String ID="P279_ST00031" HPOS="663" VPOS="278" WIDTH="178" HEIGHT="29" CONTENT="afterwards" WC="0.69" CC="7030306405"/>
						<SP ID="P279_SP00027" HPOS="841" VPOS="318" WIDTH="27"/>
						<String ID="P279_ST00032" HPOS="868" VPOS="278" WIDTH="121" HEIGHT="39" CONTENT="explain" WC="0.83" CC="0004007"/>
					</TextLine>
					<TextLine ID="P279_TL00006" HPOS="55" VPOS="327" WIDTH="934" HEIGHT="41">
						<String ID="P279_ST00033" HPOS="55" VPOS="327" WIDTH="82" HEIGHT="30" CONTENT="their" WC="0.85" CC="07000"/>
						<SP ID="P279_SP00028" HPOS="137" VPOS="357" WIDTH="15"/>
						<String ID="P279_ST00034" HPOS="152" VPOS="338" WIDTH="195" HEIGHT="19" CONTENT="manœuvres" WC="0.72" CC="007040561"/>
						<SP ID="P279_SP00029" HPOS="347" VPOS="357" WIDTH="13"/>
						<String ID="P279_ST00035" HPOS="360" VPOS="339" WIDTH="6" HEIGHT="24" CONTENT=";" WC="0.51" CC="4"/>
						<SP ID="P279_SP00030" HPOS="366" VPOS="363" WIDTH="17"/>
						<String ID="P279_ST00036" HPOS="383" VPOS="338" WIDTH="55" HEIGHT="20" CONTENT="one" WC="0.76" CC="070"/>
						<SP ID="P279_SP00031" HPOS="438" VPOS="363" WIDTH="11"/>
						<String ID="P279_ST00037" HPOS="449" VPOS="327" WIDTH="34" HEIGHT="31" CONTENT="of" WC="0.89" CC="20"/>
						<SP ID="P279_SP00032" HPOS="483" VPOS="363" WIDTH="12"/>
						<String ID="P279_ST00038" HPOS="495" VPOS="327" WIDTH="86" HEIGHT="30" CONTENT="them" WC="0.69" CC="4700"/>
						<SP ID="P279_SP00033" HPOS="581" VPOS="363" WIDTH="16"/>
						<String ID="P279_ST00039" HPOS="597" VPOS="327" WIDTH="61" HEIGHT="30" CONTENT="had" WC="0.75" CC="700"/>
						<SP ID="P279_SP00034" HPOS="658" VPOS="363" WIDTH="16"/>
						<String ID="P279_ST00040" HPOS="674" VPOS="338" WIDTH="71" HEIGHT="19" CONTENT="seen" WC="0.80" CC="2005"/>
						<SP ID="P279_SP00035" HPOS="745" VPOS="363" WIDTH="16"/>
						<String ID="P279_ST00041" HPOS="761" VPOS="338" WIDTH="17" HEIGHT="19" CONTENT="a" WC="1.00" CC="0"/>
						<SP ID="P279_SP00036" HPOS="778" VPOS="363" WIDTH="15"/>
						<String ID="P279_ST00042" HPOS="793" VPOS="327" WIDTH="73" HEIGHT="41" CONTENT="long" WC="0.82" CC="0070"/>
						<SP ID="P279_SP00037" HPOS="866" VPOS="368" WIDTH="12"/>
						<String ID="P279_ST00043" HPOS="878" VPOS="328" WIDTH="111" HEIGHT="40" CONTENT="myria" SUBS_TYPE="HypPart1" SUBS_CONTENT="myriapod," WC="0.91" CC="005000"/>
						<HYP CONTENT="-"/>
					</TextLine>
					<TextLine ID="P279_TL00007" HPOS="55" VPOS="377" WIDTH="934" HEIGHT="40">
						<String ID="P279_ST00044" HPOS="55" VPOS="377" WIDTH="72" HEIGHT="39" CONTENT="pod," SUBS_TYPE="HypPart2" SUBS_CONTENT="myriapod," WC="0.90" CC="0004"/>
						<SP ID="P279_SP00038" HPOS="127" VPOS="416" WIDTH="17"/>
						<String ID="P279_ST00045" HPOS="144" VPOS="377" WIDTH="101" HEIGHT="29" CONTENT="which" WC="0.50" CC="97007"/>
						<SP ID="P279_SP00039" HPOS="245" VPOS="416" WIDTH="18"/>
						<String ID="P279_ST00046" HPOS="263" VPOS="377" WIDTH="76" HEIGHT="40" CONTENT="they" WC="0.65" CC="6700"/>
						<SP ID="P279_SP00040" HPOS="339" VPOS="417" WIDTH="23"/>
						<String ID="P279_ST00047" HPOS="362" VPOS="388" WIDTH="78" HEIGHT="19" CONTENT="were" WC="0.89" CC="0040"/>
						<SP ID="P279_SP00041" HPOS="440" VPOS="417" WIDTH="23"/>
						<String ID="P279_ST00048" HPOS="463" VPOS="377" WIDTH="129" HEIGHT="30" CONTENT="anxious" WC="0.68" CC="0604045"/>
						<SP ID="P279_SP00042" HPOS="592" VPOS="417" WIDTH="23"/>
						<String ID="P279_ST00049" HPOS="615" VPOS="382" WIDTH="33" HEIGHT="25" CONTENT="to" WC="0.74" CC="50"/>
						<SP ID="P279_SP00043" HPOS="648" VPOS="417" WIDTH="24"/>
						<String ID="P279_ST00050" HPOS="672" VPOS="377" WIDTH="132" HEIGHT="40" CONTENT="destroy," WC="0.67" CC="00567303"/>
						<SP ID="P279_SP00044" HPOS="804" VPOS="417" WIDTH="18"/>
						<String ID="P279_ST00051" HPOS="822" VPOS="388" WIDTH="32" HEIGHT="19" CONTENT="as" WC="0.73" CC="05"/>
						<SP ID="P279_SP00045" HPOS="854" VPOS="417" WIDTH="22"/>
						<String ID="P279_ST00052" HPOS="876" VPOS="377" WIDTH="26" HEIGHT="29" CONTENT="it" WC="0.81" CC="03"/>
						<SP ID="P279_SP00046" HPOS="902" VPOS="417" WIDTH="22"/>
						<String ID="P279_ST00053" HPOS="924" VPOS="377" WIDTH="26" HEIGHT="30" CONTENT="is" WC="0.84" CC="03"/>
						<SP ID="P279_SP00047" HPOS="950" VPOS="417" WIDTH="23"/>
						<String ID="P279_ST00054" HPOS="973" VPOS="388" WIDTH="16" HEIGHT="18" CONTENT="a" WC="1.00" CC="0"/>
					</TextLine>
					<TextLine ID="P279_TL00008" HPOS="56" VPOS="427" WIDTH="933" HEIGHT="40">
						<String ID="P279_ST00055" HPOS="56" VPOS="427" WIDTH="173" HEIGHT="40" CONTENT="dangerous" WC="0.76" CC="005006053"/>
						<SP ID="P279_SP00048" HPOS="229" VPOS="467" WIDTH="30"/>
						<String ID="P279_ST00056" HPOS="259" VPOS="427" WIDTH="107" HEIGHT="30" CONTENT="insect." WC="0.75" CC="0740120"/>
						<SP ID="P279_SP00049" HPOS="366" VPOS="467" WIDTH="46"/>
						<String ID="P279_ST00057" HPOS="412" VPOS="427" WIDTH="87" HEIGHT="40" CONTENT="They" WC="0.81" CC="0700"/>
						<SP ID="P279_SP00050" HPOS="499" VPOS="467" WIDTH="27"/>
						<String ID="P279_ST00058" HPOS="526" VPOS="438" WIDTH="61" HEIGHT="29" CONTENT="say," WC="0.84" CC="5000"/>
						<SP ID="P279_SP00051" HPOS="587" VPOS="467" WIDTH="30"/>
						<String ID="P279_ST00059" HPOS="617" VPOS="427" WIDTH="70" HEIGHT="30" CONTENT="that" WC="0.51" CC="5706"/>
						<SP ID="P279_SP00052" HPOS="687" VPOS="467" WIDTH="24"/>
						<String ID="P279_ST00060" HPOS="711" VPOS="427" WIDTH="89" HEIGHT="29" CONTENT="when" WC="0.68" CC="0705"/>
						<SP ID="P279_SP00053" HPOS="800" VPOS="467" WIDTH="30"/>
						<String ID="P279_ST00061" HPOS="830" VPOS="427" WIDTH="25" HEIGHT="29" CONTENT="it" WC="0.64" CC="07"/>
						<SP ID="P279_SP00054" HPOS="855" VPOS="467" WIDTH="30"/>
						<String ID="P279_ST00062" HPOS="885" VPOS="427" WIDTH="104" HEIGHT="29" CONTENT="crawls" WC="0.66" CC="560026"/>
					</TextLine>
					<TextLine ID="P279_TL00009" HPOS="56" VPOS="476" WIDTH="933" HEIGHT="41">
						<String ID="P279_ST00063" HPOS="56" VPOS="487" WIDTH="73" HEIGHT="19" CONTENT="over" WC="0.98" CC="0000"/>
						<SP ID="P279_SP00055" HPOS="129" VPOS="506" WIDTH="15"/>
						<String ID="P279_ST00064" HPOS="144" VPOS="476" WIDTH="54" HEIGHT="30" CONTENT="the" WC="0.55" CC="570"/>
						<SP ID="P279_SP00056" HPOS="198" VPOS="506" WIDTH="16"/>
						<String ID="P279_ST00065" HPOS="214" VPOS="476" WIDTH="69" HEIGHT="30" CONTENT="skin" WC="0.55" CC="2706"/>
						<SP ID="P279_SP00057" HPOS="283" VPOS="506" WIDTH="19"/>
						<String ID="P279_ST00066" HPOS="302" VPOS="477" WIDTH="26" HEIGHT="29" CONTENT="it" WC="0.53" CC="27"/>
						<SP ID="P279_SP00058" HPOS="328" VPOS="506" WIDTH="21"/>
						<String ID="P279_ST00067" HPOS="349" VPOS="476" WIDTH="101" HEIGHT="31" CONTENT="leaves" WC="0.91" CC="000005"/>
						<SP ID="P279_SP00059" HPOS="450" VPOS="507" WIDTH="19"/>
						<String ID="P279_ST00068" HPOS="469" VPOS="481" WIDTH="98" HEIGHT="26" CONTENT="traces" WC="0.72" CC="260006"/>
						<SP ID="P279_SP00060" HPOS="567" VPOS="507" WIDTH="21"/>
						<String ID="P279_ST00069" HPOS="588" VPOS="476" WIDTH="34" HEIGHT="31" CONTENT="of" WC="0.85" CC="20"/>
						<SP ID="P279_SP00061" HPOS="622" VPOS="507" WIDTH="22"/>
						<String ID="P279_ST00070" HPOS="644" VPOS="476" WIDTH="42" HEIGHT="31" CONTENT="its" WC="0.64" CC="046"/>
						<SP ID="P279_SP00062" HPOS="686" VPOS="507" WIDTH="21"/>
						<String ID="P279_ST00071" HPOS="707" VPOS="487" WIDTH="135" HEIGHT="30" CONTENT="passage," WC="0.74" CC="00350901"/>
						<SP ID="P279_SP00063" HPOS="842" VPOS="517" WIDTH="17"/>
						<String ID="P279_ST00072" HPOS="859" VPOS="476" WIDTH="33" HEIGHT="30" CONTENT="in" WC="0.69" CC="06"/>
						<SP ID="P279_SP00064" HPOS="892" VPOS="517" WIDTH="25"/>
						<String ID="P279_ST00073" HPOS="917" VPOS="476" WIDTH="72" HEIGHT="40" CONTENT="long" SUBS_TYPE="HypPart1" SUBS_CONTENT="longred" WC="0.64" CC="05804"/>
						<HYP CONTENT="-"/>
					</TextLine>
					<TextLine ID="P279_TL00010" HPOS="55" VPOS="526" WIDTH="934" HEIGHT="41">
						<String ID="P279_ST00074" HPOS="55" VPOS="526" WIDTH="53" HEIGHT="29" CONTENT="red" SUBS_TYPE="HypPart2" SUBS_CONTENT="longred" WC="0.86" CC="400"/>
						<SP ID="P279_SP00065" HPOS="108" VPOS="555" WIDTH="25"/>
						<String ID="P279_ST00075" HPOS="133" VPOS="526" WIDTH="121" HEIGHT="40" CONTENT="painful" WC="0.92" CC="0004000"/>
						<SP ID="P279_SP00066" HPOS="254" VPOS="566" WIDTH="22"/>
						<String ID="P279_ST00076" HPOS="276" VPOS="526" WIDTH="60" HEIGHT="30" CONTENT="and" WC="0.78" CC="060"/>
						<SP ID="P279_SP00067" HPOS="336" VPOS="566" WIDTH="24"/>
						<String ID="P279_ST00077" HPOS="360" VPOS="526" WIDTH="172" HEIGHT="41" CONTENT="unhealthy" WC="0.58" CC="637022770"/>
						<SP ID="P279_SP00068" HPOS="532" VPOS="567" WIDTH="23"/>
						<String ID="P279_ST00078" HPOS="555" VPOS="526" WIDTH="126" HEIGHT="30" CONTENT="streaks." WC="0.74" CC="56600010"/>
						<SP ID="P279_SP00069" HPOS="681" VPOS="567" WIDTH="56"/>
						<String ID="P279_ST00079" HPOS="737" VPOS="526" WIDTH="15" HEIGHT="30" CONTENT="I" WC="1.00" CC="0"/>
						<SP ID="P279_SP00070" HPOS="752" VPOS="567" WIDTH="17"/>
						<String ID="P279_ST00080" HPOS="769" VPOS="526" WIDTH="38" HEIGHT="30" CONTENT="do" WC="1.00" CC="00"/>
						<SP ID="P279_SP00071" HPOS="807" VPOS="567" WIDTH="17"/>
						<String ID="P279_ST00081" HPOS="824" VPOS="530" WIDTH="54" HEIGHT="26" CONTENT="not" WC="0.71" CC="800"/>
						<SP ID="P279_SP00072" HPOS="878" VPOS="567" WIDTH="21"/>
						<String ID="P279_ST00082" HPOS="899" VPOS="526" WIDTH="90" HEIGHT="29" CONTENT="know" WC="0.79" CC="0800"/>
					</TextLine>
					<TextLine ID="P279_TL00011" HPOS="56" VPOS="576" WIDTH="933" HEIGHT="39">
						<String ID="P279_ST00083" HPOS="56" VPOS="576" WIDTH="139" HEIGHT="29" CONTENT="whether" WC="0.69" CC="0706700"/>
						<SP ID="P279_SP00073" HPOS="195" VPOS="605" WIDTH="18"/>
						<String ID="P279_ST00084" HPOS="213" VPOS="576" WIDTH="63" HEIGHT="29" CONTENT="this" WC="0.66" CC="5700"/>
						<SP ID="P279_SP00074" HPOS="276" VPOS="605" WIDTH="16"/>
						<String ID="P279_ST00085" HPOS="292" VPOS="576" WIDTH="150" HEIGHT="30" CONTENT="assertion" WC="0.66" CC="076210507"/>
						<SP ID="P279_SP00075" HPOS="442" VPOS="606" WIDTH="15"/>
						<String ID="P279_ST00086" HPOS="457" VPOS="576" WIDTH="25" HEIGHT="30" CONTENT="is" WC="0.68" CC="06"/>
						<SP ID="P279_SP00076" HPOS="482" VPOS="606" WIDTH="17"/>
						<String ID="P279_ST00087" HPOS="499" VPOS="581" WIDTH="77" HEIGHT="31" CONTENT="true," WC="0.71" CC="06502"/>
						<SP ID="P279_SP00077" HPOS="576" VPOS="612" WIDTH="18"/>
						<String ID="P279_ST00088" HPOS="594" VPOS="576" WIDTH="57" HEIGHT="30" CONTENT="but" WC="0.50" CC="265"/>
						<SP ID="P279_SP00078" HPOS="651" VPOS="612" WIDTH="16"/>
						<String ID="P279_ST00089" HPOS="667" VPOS="581" WIDTH="32" HEIGHT="25" CONTENT="at" WC="0.73" CC="05"/>
						<SP ID="P279_SP00079" HPOS="699" VPOS="612" WIDTH="16"/>
						<String ID="P279_ST00090" HPOS="715" VPOS="576" WIDTH="39" HEIGHT="30" CONTENT="all" WC="0.51" CC="750"/>
						<SP ID="P279_SP00080" HPOS="754" VPOS="612" WIDTH="26"/>
						<String ID="P279_ST00091" HPOS="780" VPOS="581" WIDTH="116" HEIGHT="29" CONTENT="events," WC="0.74" CC="0008160"/>
						<SP ID="P279_SP00081" HPOS="896" VPOS="612" WIDTH="18"/>
						<String ID="P279_ST00092" HPOS="914" VPOS="576" WIDTH="75" HEIGHT="39" CONTENT="they" WC="0.72" CC="3700"/>
					</TextLine>
					<TextLine ID="P279_TL00012" HPOS="57" VPOS="625" WIDTH="540" HEIGHT="30">
						<String ID="P279_ST00093" HPOS="57" VPOS="636" WIDTH="82" HEIGHT="19" CONTENT="seem" WC="0.86" CC="5000"/>
						<SP ID="P279_SP00082" HPOS="139" VPOS="655" WIDTH="16"/>
						<String ID="P279_ST00094" HPOS="155" VPOS="625" WIDTH="92" HEIGHT="30" CONTENT="much" WC="0.65" CC="0607"/>
						<SP ID="P279_SP00083" HPOS="247" VPOS="655" WIDTH="17"/>
						<String ID="P279_ST00095" HPOS="264" VPOS="625" WIDTH="97" HEIGHT="30" CONTENT="afraid" WC="0.83" CC="009000"/>
						<SP ID="P279_SP00084" HPOS="361" VPOS="655" WIDTH="16"/>
						<String ID="P279_ST00096" HPOS="377" VPOS="625" WIDTH="33" HEIGHT="30" CONTENT="of" WC="0.87" CC="20"/>
						<SP ID="P279_SP00085" HPOS="410" VPOS="655" WIDTH="12"/>
						<String ID="P279_ST00097" HPOS="422" VPOS="625" WIDTH="54" HEIGHT="30" CONTENT="the" WC="0.57" CC="570"/>
						<SP ID="P279_SP00086" HPOS="476" VPOS="655" WIDTH="15"/>
						<String ID="P279_ST00098" HPOS="491" VPOS="626" WIDTH="106" HEIGHT="29" CONTENT="insect." WC="0.75" CC="7360000"/>
					</TextLine>
				</TextBlock>
				<TextBlock ID="P279_TB00004" HPOS="784" VPOS="757" WIDTH="167" HEIGHT="23" STYLEREFS="TXT_0 PAR_RIGHT">
					<TextLine ID="P279_TL00013" HPOS="784" VPOS="758" WIDTH="167" HEIGHT="22">
						<String ID="P279_ST00099" HPOS="784" VPOS="758" WIDTH="89" HEIGHT="22" CONTENT="March" WC="0.66" CC="09402"/>
						<SP ID="P279_SP00087" HPOS="873" VPOS="780" WIDTH="14"/>
						<String ID="P279_ST00100" HPOS="887" VPOS="758" WIDTH="64" HEIGHT="22" CONTENT="27th." WC="0.58" CC="99000"/>
					</TextLine>
				</TextBlock>
				<TextBlock ID="P279_TB00005" HPOS="48" VPOS="817" WIDTH="943" HEIGHT="684" STYLEREFS="TXT_0 PAR_LEFT">
					<TextLine ID="P279_TL00014" HPOS="99" VPOS="817" WIDTH="890" HEIGHT="37">
						<String ID="P279_ST00101" HPOS="99" VPOS="818" WIDTH="109" HEIGHT="30" CONTENT="Before" WC="0.83" CC="602000"/>
						<SP ID="P279_SP00088" HPOS="208" VPOS="848" WIDTH="24"/>
						<String ID="P279_ST00102" HPOS="232" VPOS="818" WIDTH="52" HEIGHT="29" CONTENT="the" WC="0.75" CC="070"/>
						<SP ID="P279_SP00089" HPOS="284" VPOS="848" WIDTH="23"/>
						<String ID="P279_ST00103" HPOS="307" VPOS="822" WIDTH="89" HEIGHT="32" CONTENT="start," WC="0.79" CC="030240"/>
						<SP ID="P279_SP00090" HPOS="396" VPOS="854" WIDTH="17"/>
						<String ID="P279_ST00104" HPOS="413" VPOS="828" WIDTH="56" HEIGHT="19" CONTENT="our" WC="0.51" CC="086"/>
						<SP ID="P279_SP00091" HPOS="469" VPOS="854" WIDTH="14"/>
						<String ID="P279_ST00105" HPOS="483" VPOS="828" WIDTH="71" HEIGHT="19" CONTENT="men" WC="0.79" CC="006"/>
						<SP ID="P279_SP00092" HPOS="554" VPOS="854" WIDTH="16"/>
						<String ID="P279_ST00106" HPOS="570" VPOS="817" WIDTH="100" HEIGHT="29" CONTENT="fasten" WC="0.74" CC="081005"/>
						<SP ID="P279_SP00093" HPOS="670" VPOS="854" WIDTH="15"/>
						<String ID="P279_ST00107" HPOS="685" VPOS="817" WIDTH="81" HEIGHT="29" CONTENT="fresh" WC="0.51" CC="06097"/>
						<SP ID="P279_SP00094" HPOS="766" VPOS="854" WIDTH="21"/>
						<String ID="P279_ST00108" HPOS="787" VPOS="817" WIDTH="146" HEIGHT="30" CONTENT="bamboos" WC="0.67" CC="7004135"/>
						<SP ID="P279_SP00095" HPOS="933" VPOS="854" WIDTH="24"/>
						<String ID="P279_ST00109" HPOS="957" VPOS="824" WIDTH="32" HEIGHT="23" CONTENT="to" WC="0.15" CC="97"/>
					</TextLine>
					<TextLine ID="P279_TL00015" HPOS="56" VPOS="867" WIDTH="935" HEIGHT="40">
						<String ID="P279_ST00110" HPOS="56" VPOS="868" WIDTH="53" HEIGHT="29" CONTENT="the" WC="0.75" CC="070"/>
						<SP ID="P279_SP00096" HPOS="109" VPOS="897" WIDTH="24"/>
						<String ID="P279_ST00111" HPOS="133" VPOS="868" WIDTH="80" HEIGHT="29" CONTENT="sides" WC="0.81" CC="30005"/>
						<SP ID="P279_SP00097" HPOS="213" VPOS="897" WIDTH="16"/>
						<String ID="P279_ST00112" HPOS="229" VPOS="868" WIDTH="34" HEIGHT="28" CONTENT="of" WC="0.70" CC="14"/>
						<SP ID="P279_SP00098" HPOS="263" VPOS="897" WIDTH="20"/>
						<String ID="P279_ST00113" HPOS="283" VPOS="867" WIDTH="52" HEIGHT="30" CONTENT="the" WC="0.39" CC="575"/>
						<SP ID="P279_SP00099" HPOS="335" VPOS="897" WIDTH="24"/>
						<String ID="P279_ST00114" HPOS="359" VPOS="868" WIDTH="151" HEIGHT="39" CONTENT="pirogues," WC="0.59" CC="006486063"/>
						<SP ID="P279_SP00100" HPOS="510" VPOS="907" WIDTH="22"/>
						<String ID="P279_ST00115" HPOS="532" VPOS="867" WIDTH="61" HEIGHT="29" CONTENT="and" WC="0.77" CC="060"/>
						<SP ID="P279_SP00101" HPOS="593" VPOS="907" WIDTH="23"/>
						<String ID="P279_ST00116" HPOS="616" VPOS="867" WIDTH="85" HEIGHT="40" CONTENT="place" WC="0.91" CC="03000"/>
						<SP ID="P279_SP00102" HPOS="701" VPOS="907" WIDTH="24"/>
						<String ID="P279_ST00117" HPOS="725" VPOS="878" WIDTH="17" HEIGHT="18" CONTENT="a" WC="1.00" CC="0"/>
						<SP ID="P279_SP00103" HPOS="742" VPOS="907" WIDTH="23"/>
						<String ID="P279_ST00118" HPOS="765" VPOS="867" WIDTH="86" HEIGHT="29" CONTENT="thick" WC="0.78" CC="07030"/>
						<SP ID="P279_SP00104" HPOS="851" VPOS="907" WIDTH="22"/>
						<String ID="P279_ST00119" HPOS="873" VPOS="878" WIDTH="62" HEIGHT="18" CONTENT="row" WC="0.69" CC="900"/>
						<SP ID="P279_SP00105" HPOS="935" VPOS="907" WIDTH="23"/>
						<String ID="P279_ST00120" HPOS="958" VPOS="867" WIDTH="33" HEIGHT="29" CONTENT="of" WC="1.00" CC="00"/>
					</TextLine>
					<TextLine ID="P279_TL00016" HPOS="55" VPOS="916" WIDTH="930" HEIGHT="41">
						<String ID="P279_ST00121" HPOS="55" VPOS="918" WIDTH="84" HEIGHT="39" CONTENT="palm" WC="1.00" CC="0000"/>
						<SP ID="P279_SP00106" HPOS="139" VPOS="957" WIDTH="24"/>
						<String ID="P279_ST00122" HPOS="163" VPOS="922" WIDTH="80" HEIGHT="24" CONTENT="trees" WC="0.76" CC="07004"/>
						<SP ID="P279_SP00107" HPOS="243" VPOS="957" WIDTH="26"/>
						<String ID="P279_ST00123" HPOS="269" VPOS="917" WIDTH="99" HEIGHT="29" CONTENT="round" WC="0.73" CC="01470"/>
						<SP ID="P279_SP00108" HPOS="368" VPOS="957" WIDTH="26"/>
						<String ID="P279_ST00124" HPOS="394" VPOS="917" WIDTH="54" HEIGHT="29" CONTENT="the" WC="0.75" CC="070"/>
						<SP ID="P279_SP00109" HPOS="448" VPOS="957" WIDTH="26"/>
						<String ID="P279_ST00125" HPOS="474" VPOS="916" WIDTH="91" HEIGHT="36" CONTENT="bows," WC="0.71" CC="03073"/>
						<SP ID="P279_SP00110" HPOS="565" VPOS="957" WIDTH="17"/>
						<String ID="P279_ST00126" HPOS="582" VPOS="916" WIDTH="135" HEIGHT="41" CONTENT="forming" WC="0.78" CC="0000086"/>
						<SP ID="P279_SP00111" HPOS="717" VPOS="957" WIDTH="23"/>
						<String ID="P279_ST00127" HPOS="740" VPOS="928" WIDTH="17" HEIGHT="18" CONTENT="a" WC="1.00" CC="0"/>
						<SP ID="P279_SP00112" HPOS="757" VPOS="957" WIDTH="21"/>
						<String ID="P279_ST00128" HPOS="778" VPOS="916" WIDTH="86" HEIGHT="30" CONTENT="small" WC="0.90" CC="50000"/>
						<SP ID="P279_SP00113" HPOS="864" VPOS="957" WIDTH="16"/>
						<String ID="P279_ST00129" HPOS="880" VPOS="917" WIDTH="105" HEIGHT="40" CONTENT="hedge." WC="0.88" CC="600000"/>
					</TextLine>
					<TextLine ID="P279_TL00017" HPOS="56" VPOS="966" WIDTH="932" HEIGHT="40">
						<String ID="P279_ST00130" HPOS="56" VPOS="967" WIDTH="64" HEIGHT="29" CONTENT="The" WC="0.75" CC="070"/>
						<SP ID="P279_SP00114" HPOS="120" VPOS="996" WIDTH="16"/>
						<String ID="P279_ST00131" HPOS="136" VPOS="967" WIDTH="89" HEIGHT="29" CONTENT="effect" WC="0.91" CC="000005"/>
						<SP ID="P279_SP00115" HPOS="225" VPOS="996" WIDTH="20"/>
						<String ID="P279_ST00132" HPOS="245" VPOS="967" WIDTH="27" HEIGHT="28" CONTENT="is" WC="0.63" CC="33"/>
						<SP ID="P279_SP00116" HPOS="272" VPOS="996" WIDTH="17"/>
						<String ID="P279_ST00133" HPOS="289" VPOS="966" WIDTH="139" HEIGHT="40" CONTENT="original," WC="0.74" CC="020025704"/>
						<SP ID="P279_SP00117" HPOS="428" VPOS="1006" WIDTH="18"/>
						<String ID="P279_ST00134" HPOS="446" VPOS="966" WIDTH="47" HEIGHT="29" CONTENT="for" WC="0.81" CC="005"/>
						<SP ID="P279_SP00118" HPOS="493" VPOS="1006" WIDTH="18"/>
						<String ID="P279_ST00135" HPOS="511" VPOS="976" WIDTH="45" HEIGHT="19" CONTENT="we" WC="1.00" CC="00"/>
						<SP ID="P279_SP00119" HPOS="556" VPOS="1006" WIDTH="21"/>
						<String ID="P279_ST00136" HPOS="577" VPOS="976" WIDTH="83" HEIGHT="19" CONTENT="seem" WC="0.79" CC="6100"/>
						<SP ID="P279_SP00120" HPOS="660" VPOS="1006" WIDTH="21"/>
						<String ID="P279_ST00137" HPOS="681" VPOS="970" WIDTH="33" HEIGHT="25" CONTENT="to" WC="0.61" CC="52"/>
						<SP ID="P279_SP00121" HPOS="714" VPOS="1006" WIDTH="24"/>
						<String ID="P279_ST00138" HPOS="738" VPOS="976" WIDTH="87" HEIGHT="30" CONTENT="carry" WC="0.94" CC="02000"/>
						<SP ID="P279_SP00122" HPOS="825" VPOS="1006" WIDTH="16"/>
						<String ID="P279_ST00139" HPOS="841" VPOS="977" WIDTH="17" HEIGHT="18" CONTENT="a" WC="1.00" CC="0"/>
						<SP ID="P279_SP00123" HPOS="858" VPOS="1006" WIDTH="15"/>
						<String ID="P279_ST00140" HPOS="873" VPOS="966" WIDTH="115" HEIGHT="40" CONTENT="garden" WC="0.77" CC="007006"/>
					</TextLine>
					<TextLine ID="P279_TL00018" HPOS="55" VPOS="1015" WIDTH="932" HEIGHT="41">
						<String ID="P279_ST00141" HPOS="55" VPOS="1017" WIDTH="34" HEIGHT="29" CONTENT="in" WC="0.64" CC="07"/>
						<SP ID="P279_SP00124" HPOS="89" VPOS="1046" WIDTH="15"/>
						<String ID="P279_ST00142" HPOS="104" VPOS="1016" WIDTH="84" HEIGHT="30" CONTENT="front" WC="0.67" CC="04560"/>
						<SP ID="P279_SP00125" HPOS="188" VPOS="1046" WIDTH="16"/>
						<String ID="P279_ST00143" HPOS="204" VPOS="1016" WIDTH="34" HEIGHT="29" CONTENT="of" WC="1.00" CC="00"/>
						<SP ID="P279_SP00126" HPOS="238" VPOS="1046" WIDTH="12"/>
						<String ID="P279_ST00144" HPOS="250" VPOS="1027" WIDTH="43" HEIGHT="18" CONTENT="us." WC="0.74" CC="520"/>
						<SP ID="P279_SP00127" HPOS="293" VPOS="1046" WIDTH="49"/>
						<String ID="P279_ST00145" HPOS="342" VPOS="1016" WIDTH="36" HEIGHT="29" CONTENT="In" WC="0.67" CC="06"/>
						<SP ID="P279_SP00128" HPOS="378" VPOS="1046" WIDTH="16"/>
						<String ID="P279_ST00146" HPOS="394" VPOS="1016" WIDTH="80" HEIGHT="40" CONTENT="spite" WC="0.76" CC="60500"/>
						<SP ID="P279_SP00129" HPOS="474" VPOS="1056" WIDTH="16"/>
						<String ID="P279_ST00147" HPOS="490" VPOS="1015" WIDTH="34" HEIGHT="30" CONTENT="of" WC="0.85" CC="02"/>
						<SP ID="P279_SP00130" HPOS="524" VPOS="1056" WIDTH="12"/>
						<String ID="P279_ST00148" HPOS="536" VPOS="1015" WIDTH="86" HEIGHT="30" CONTENT="these" WC="0.64" CC="77110"/>
						<SP ID="P279_SP00131" HPOS="622" VPOS="1056" WIDTH="16"/>
						<String ID="P279_ST00149" HPOS="638" VPOS="1015" WIDTH="204" HEIGHT="40" CONTENT="precautions," WC="0.85" CC="000005000424"/>
						<SP ID="P279_SP00132" HPOS="842" VPOS="1056" WIDTH="17"/>
						<String ID="P279_ST00150" HPOS="859" VPOS="1026" WIDTH="44" HEIGHT="19" CONTENT="we" WC="1.00" CC="00"/>
						<SP ID="P279_SP00133" HPOS="903" VPOS="1056" WIDTH="17"/>
						<String ID="P279_ST00151" HPOS="920" VPOS="1016" WIDTH="67" HEIGHT="40" CONTENT="ship" WC="0.71" CC="4700"/>
					</TextLine>
					<TextLine ID="P279_TL00019" HPOS="55" VPOS="1064" WIDTH="932" HEIGHT="41">
						<String ID="P279_ST00152" HPOS="55" VPOS="1066" WIDTH="118" HEIGHT="30" CONTENT="several" WC="0.77" CC="6100403"/>
						<SP ID="P279_SP00134" HPOS="173" VPOS="1096" WIDTH="25"/>
						<String ID="P279_ST00153" HPOS="198" VPOS="1076" WIDTH="101" HEIGHT="19" CONTENT="waves" WC="0.95" CC="00002"/>
						<SP ID="P279_SP00135" HPOS="299" VPOS="1096" WIDTH="30"/>
						<String ID="P279_ST00154" HPOS="329" VPOS="1070" WIDTH="32" HEIGHT="25" CONTENT="at" WC="1.00" CC="00"/>
						<SP ID="P279_SP00136" HPOS="361" VPOS="1096" WIDTH="31"/>
						<String ID="P279_ST00155" HPOS="392" VPOS="1065" WIDTH="52" HEIGHT="30" CONTENT="the" WC="0.69" CC="071"/>
						<SP ID="P279_SP00137" HPOS="444" VPOS="1096" WIDTH="30"/>
						<String ID="P279_ST00156" HPOS="474" VPOS="1064" WIDTH="69" HEIGHT="31" CONTENT="first" WC="0.54" CC="11756"/>
						<SP ID="P279_SP00138" HPOS="543" VPOS="1096" WIDTH="28"/>
						<String ID="P279_ST00157" HPOS="571" VPOS="1064" WIDTH="104" HEIGHT="41" CONTENT="rapid;" WC="0.85" CC="000404"/>
						<SP ID="P279_SP00139" HPOS="675" VPOS="1105" WIDTH="29"/>
						<String ID="P279_ST00158" HPOS="704" VPOS="1065" WIDTH="27" HEIGHT="30" CONTENT="it" WC="0.62" CC="07"/>
						<SP ID="P279_SP00140" HPOS="731" VPOS="1105" WIDTH="28"/>
						<String ID="P279_ST00159" HPOS="759" VPOS="1065" WIDTH="26" HEIGHT="29" CONTENT="is" WC="0.68" CC="06"/>
						<SP ID="P279_SP00141" HPOS="785" VPOS="1105" WIDTH="25"/>
						<String ID="P279_ST00160" HPOS="810" VPOS="1065" WIDTH="177" HEIGHT="30" CONTENT="considered" WC="0.71" CC="0466300600"/>
					</TextLine>
					<TextLine ID="P279_TL00020" HPOS="55" VPOS="1114" WIDTH="931" HEIGHT="41">
						<String ID="P279_ST00161" HPOS="55" VPOS="1117" WIDTH="182" HEIGHT="38" CONTENT="dangerous," WC="0.79" CC="0050000364"/>
						<SP ID="P279_SP00142" HPOS="237" VPOS="1155" WIDTH="18"/>
						<String ID="P279_ST00162" HPOS="255" VPOS="1115" WIDTH="61" HEIGHT="29" CONTENT="and" WC="0.91" CC="020"/>
						<SP ID="P279_SP00143" HPOS="316" VPOS="1155" WIDTH="16"/>
						<String ID="P279_ST00163" HPOS="332" VPOS="1125" WIDTH="44" HEIGHT="19" CONTENT="we" WC="1.00" CC="00"/>
						<SP ID="P279_SP00144" HPOS="376" VPOS="1155" WIDTH="23"/>
						<String ID="P279_ST00164" HPOS="399" VPOS="1125" WIDTH="50" HEIGHT="19" CONTENT="are" WC="0.86" CC="030"/>
						<SP ID="P279_SP00145" HPOS="449" VPOS="1155" WIDTH="22"/>
						<String ID="P279_ST00165" HPOS="471" VPOS="1118" WIDTH="56" HEIGHT="26" CONTENT="not" WC="0.69" CC="305"/>
						<SP ID="P279_SP00146" HPOS="527" VPOS="1155" WIDTH="16"/>
						<String ID="P279_ST00166" HPOS="543" VPOS="1125" WIDTH="87" HEIGHT="30" CONTENT="sorry" WC="0.73" CC="40530"/>
						<SP ID="P279_SP00147" HPOS="630" VPOS="1155" WIDTH="15"/>
						<String ID="P279_ST00167" HPOS="645" VPOS="1119" WIDTH="33" HEIGHT="25" CONTENT="to" WC="0.96" CC="00"/>
						<SP ID="P279_SP00148" HPOS="678" VPOS="1155" WIDTH="16"/>
						<String ID="P279_ST00168" HPOS="694" VPOS="1114" WIDTH="66" HEIGHT="30" CONTENT="find" WC="0.82" CC="0070"/>
						<SP ID="P279_SP00149" HPOS="760" VPOS="1155" WIDTH="16"/>
						<String ID="P279_ST00169" HPOS="776" VPOS="1114" WIDTH="153" HEIGHT="30" CONTENT="ourselves" WC="0.75" CC="055500005"/>
						<SP ID="P279_SP00150" HPOS="929" VPOS="1155" WIDTH="19"/>
						<String ID="P279_ST00170" HPOS="948" VPOS="1126" WIDTH="38" HEIGHT="18" CONTENT="on" WC="0.50" CC="17"/>
					</TextLine>
					<TextLine ID="P279_TL00021" HPOS="54" VPOS="1163" WIDTH="933" HEIGHT="41">
						<String ID="P279_ST00171" HPOS="54" VPOS="1166" WIDTH="53" HEIGHT="29" CONTENT="the" WC="0.75" CC="070"/>
						<SP ID="P279_SP00151" HPOS="107" VPOS="1195" WIDTH="24"/>
						<String ID="P279_ST00172" HPOS="131" VPOS="1165" WIDTH="88" HEIGHT="29" CONTENT="other" WC="0.64" CC="20734"/>
						<SP ID="P279_SP00152" HPOS="219" VPOS="1195" WIDTH="25"/>
						<String ID="P279_ST00173" HPOS="244" VPOS="1165" WIDTH="74" HEIGHT="35" CONTENT="side," WC="0.79" CC="73000"/>
						<SP ID="P279_SP00153" HPOS="318" VPOS="1200" WIDTH="17"/>
						<String ID="P279_ST00174" HPOS="335" VPOS="1164" WIDTH="48" HEIGHT="30" CONTENT="for" WC="0.80" CC="006"/>
						<SP ID="P279_SP00154" HPOS="383" VPOS="1200" WIDTH="23"/>
						<String ID="P279_ST00175" HPOS="406" VPOS="1164" WIDTH="54" HEIGHT="30" CONTENT="the" WC="0.53" CC="570"/>
						<SP ID="P279_SP00155" HPOS="460" VPOS="1200" WIDTH="24"/>
						<String ID="P279_ST00176" HPOS="484" VPOS="1164" WIDTH="181" HEIGHT="40" CONTENT="impression" WC="0.67" CC="0006056445"/>
						<SP ID="P279_SP00156" HPOS="665" VPOS="1204" WIDTH="27"/>
						<String ID="P279_ST00177" HPOS="692" VPOS="1164" WIDTH="25" HEIGHT="29" CONTENT="is" WC="0.73" CC="22"/>
						<SP ID="P279_SP00157" HPOS="717" VPOS="1204" WIDTH="25"/>
						<String ID="P279_ST00178" HPOS="742" VPOS="1174" WIDTH="76" HEIGHT="29" CONTENT="very" WC="1.00" CC="0000"/>
						<SP ID="P279_SP00158" HPOS="818" VPOS="1204" WIDTH="26"/>
						<String ID="P279_ST00179" HPOS="844" VPOS="1163" WIDTH="143" HEIGHT="31" CONTENT="different" WC="0.90" CC="050000030"/>
					</TextLine>
					<TextLine ID="P279_TL00022" HPOS="54" VPOS="1213" WIDTH="931" HEIGHT="41">
						<String ID="P279_ST00180" HPOS="54" VPOS="1216" WIDTH="90" HEIGHT="28" CONTENT="when" WC="0.52" CC="0747"/>
						<SP ID="P279_SP00159" HPOS="144" VPOS="1244" WIDTH="21"/>
						<String ID="P279_ST00181" HPOS="165" VPOS="1214" WIDTH="189" HEIGHT="40" CONTENT="descending" WC="0.80" CC="0020070360"/>
						<SP ID="P279_SP00160" HPOS="354" VPOS="1254" WIDTH="23"/>
						<String ID="P279_ST00182" HPOS="377" VPOS="1214" WIDTH="53" HEIGHT="30" CONTENT="the" WC="0.75" CC="070"/>
						<SP ID="P279_SP00161" HPOS="430" VPOS="1254" WIDTH="26"/>
						<String ID="P279_ST00183" HPOS="456" VPOS="1214" WIDTH="81" HEIGHT="30" CONTENT="river" WC="1.00" CC="00000"/>
						<SP ID="P279_SP00162" HPOS="537" VPOS="1254" WIDTH="22"/>
						<String ID="P279_ST00184" HPOS="559" VPOS="1213" WIDTH="122" HEIGHT="30" CONTENT="instead" WC="0.83" CC="0605000"/>
						<SP ID="P279_SP00163" HPOS="681" VPOS="1254" WIDTH="22"/>
						<String ID="P279_ST00185" HPOS="703" VPOS="1213" WIDTH="34" HEIGHT="30" CONTENT="of" WC="1.00" CC="00"/>
						<SP ID="P279_SP00164" HPOS="737" VPOS="1254" WIDTH="21"/>
						<String ID="P279_ST00186" HPOS="758" VPOS="1213" WIDTH="167" HEIGHT="41" CONTENT="ascending" WC="0.80" CC="030070070"/>
						<SP ID="P279_SP00165" HPOS="925" VPOS="1254" WIDTH="22"/>
						<String ID="P279_ST00187" HPOS="947" VPOS="1214" WIDTH="38" HEIGHT="35" CONTENT="it;" WC="1.00" CC="000"/>
					</TextLine>
					<TextLine ID="P279_TL00023" HPOS="54" VPOS="1262" WIDTH="931" HEIGHT="43">
						<String ID="P279_ST00188" HPOS="54" VPOS="1264" WIDTH="186" HEIGHT="41" CONTENT="everything" WC="0.71" CC="0046037070"/>
						<SP ID="P279_SP00166" HPOS="240" VPOS="1305" WIDTH="16"/>
						<String ID="P279_ST00189" HPOS="256" VPOS="1263" WIDTH="137" HEIGHT="40" CONTENT="depends" WC="0.84" CC="0000703"/>
						<SP ID="P279_SP00167" HPOS="393" VPOS="1305" WIDTH="15"/>
						<String ID="P279_ST00190" HPOS="408" VPOS="1274" WIDTH="85" HEIGHT="29" CONTENT="uj^on" WC="0.32" CC="67847"/>
						<SP ID="P279_SP00168" HPOS="493" VPOS="1305" WIDTH="16"/>
						<String ID="P279_ST00191" HPOS="509" VPOS="1263" WIDTH="53" HEIGHT="30" CONTENT="the" WC="0.59" CC="470"/>
						<SP ID="P279_SP00169" HPOS="562" VPOS="1305" WIDTH="19"/>
						<String ID="P279_ST00192" HPOS="581" VPOS="1267" WIDTH="167" HEIGHT="26" CONTENT="steersman" WC="0.72" CC="500057006"/>
						<SP ID="P279_SP00170" HPOS="748" VPOS="1305" WIDTH="16"/>
						<String ID="P279_ST00193" HPOS="764" VPOS="1262" WIDTH="106" HEIGHT="41" CONTENT="placed" WC="0.92" CC="050000"/>
						<SP ID="P279_SP00171" HPOS="870" VPOS="1305" WIDTH="16"/>
						<String ID="P279_ST00194" HPOS="886" VPOS="1267" WIDTH="32" HEIGHT="25" CONTENT="at" WC="0.54" CC="90"/>
						<SP ID="P279_SP00172" HPOS="918" VPOS="1305" WIDTH="16"/>
						<String ID="P279_ST00195" HPOS="934" VPOS="1263" WIDTH="51" HEIGHT="30" CONTENT="the" WC="0.58" CC="570"/>
					</TextLine>
					<TextLine ID="P279_TL00024" HPOS="52" VPOS="1312" WIDTH="933" HEIGHT="41">
						<String ID="P279_ST00196" HPOS="52" VPOS="1315" WIDTH="92" HEIGHT="29" CONTENT="bows." WC="0.69" CC="73040"/>
						<SP ID="P279_SP00173" HPOS="144" VPOS="1344" WIDTH="47"/>
						<String ID="P279_ST00197" HPOS="191" VPOS="1314" WIDTH="64" HEIGHT="29" CONTENT="The" WC="0.74" CC="070"/>
						<SP ID="P279_SP00174" HPOS="255" VPOS="1344" WIDTH="15"/>
						<String ID="P279_ST00198" HPOS="270" VPOS="1324" WIDTH="72" HEIGHT="19" CONTENT="man" WC="0.95" CC="001"/>
						<SP ID="P279_SP00175" HPOS="342" VPOS="1344" WIDTH="15"/>
						<String ID="P279_ST00199" HPOS="357" VPOS="1317" WIDTH="85" HEIGHT="26" CONTENT="must" WC="0.56" CC="0574"/>
						<SP ID="P279_SP00176" HPOS="442" VPOS="1344" WIDTH="14"/>
						<String ID="P279_ST00200" HPOS="456" VPOS="1312" WIDTH="37" HEIGHT="31" CONTENT="be" WC="0.75" CC="40"/>
						<SP ID="P279_SP00177" HPOS="493" VPOS="1344" WIDTH="17"/>
						<String ID="P279_ST00201" HPOS="510" VPOS="1323" WIDTH="75" HEIGHT="30" CONTENT="very" WC="0.92" CC="0030"/>
						<SP ID="P279_SP00178" HPOS="585" VPOS="1353" WIDTH="21"/>
						<String ID="P279_ST00202" HPOS="606" VPOS="1312" WIDTH="111" HEIGHT="35" CONTENT="skilful," WC="0.74" CC="60020640"/>
						<SP ID="P279_SP00179" HPOS="717" VPOS="1353" WIDTH="20"/>
						<String ID="P279_ST00203" HPOS="737" VPOS="1312" WIDTH="47" HEIGHT="30" CONTENT="for" WC="0.76" CC="006"/>
						<SP ID="P279_SP00180" HPOS="784" VPOS="1353" WIDTH="26"/>
						<String ID="P279_ST00204" HPOS="810" VPOS="1312" WIDTH="37" HEIGHT="30" CONTENT="he" WC="0.63" CC="70"/>
						<SP ID="P279_SP00181" HPOS="847" VPOS="1353" WIDTH="27"/>
						<String ID="P279_ST00205" HPOS="874" VPOS="1312" WIDTH="55" HEIGHT="30" CONTENT="has" WC="0.52" CC="706"/>
						<SP ID="P279_SP00182" HPOS="929" VPOS="1353" WIDTH="23"/>
						<String ID="P279_ST00206" HPOS="952" VPOS="1317" WIDTH="33" HEIGHT="25" CONTENT="to" WC="0.57" CC="61"/>
					</TextLine>
					<TextLine ID="P279_TL00025" HPOS="51" VPOS="1362" WIDTH="933" HEIGHT="42">
						<String ID="P279_ST00207" HPOS="51" VPOS="1364" WIDTH="94" HEIGHT="40" CONTENT="guide" WC="0.89" CC="05000"/>
						<SP ID="P279_SP00183" HPOS="145" VPOS="1404" WIDTH="24"/>
						<String ID="P279_ST00208" HPOS="169" VPOS="1364" WIDTH="54" HEIGHT="29" CONTENT="the" WC="0.55" CC="760"/>
						<SP ID="P279_SP00184" HPOS="223" VPOS="1404" WIDTH="18"/>
						<String ID="P279_ST00209" HPOS="241" VPOS="1364" WIDTH="136" HEIGHT="40" CONTENT="pirogue," WC="0.79" CC="03400403"/>
						<SP ID="P279_SP00185" HPOS="377" VPOS="1404" WIDTH="18"/>
						<String ID="P279_ST00210" HPOS="395" VPOS="1362" WIDTH="100" HEIGHT="31" CONTENT="which" WC="0.60" CC="07307"/>
						<SP ID="P279_SP00186" HPOS="495" VPOS="1404" WIDTH="20"/>
						<String ID="P279_ST00211" HPOS="515" VPOS="1373" WIDTH="105" HEIGHT="19" CONTENT="moves" WC="0.82" CC="03005"/>
						<SP ID="P279_SP00187" HPOS="620" VPOS="1404" WIDTH="21"/>
						<String ID="P279_ST00212" HPOS="641" VPOS="1362" WIDTH="74" HEIGHT="30" CONTENT="with" WC="0.78" CC="0107"/>
						<SP ID="P279_SP00188" HPOS="715" VPOS="1404" WIDTH="16"/>
						<String ID="P279_ST00213" HPOS="731" VPOS="1366" WIDTH="87" HEIGHT="37" CONTENT="great" WC="0.70" CC="04045"/>
						<SP ID="P279_SP00189" HPOS="818" VPOS="1404" WIDTH="20"/>
						<String ID="P279_ST00214" HPOS="838" VPOS="1362" WIDTH="146" HEIGHT="40" CONTENT="rapidity," WC="0.80" CC="070100503"/>
					</TextLine>
					<TextLine ID="P279_TL00026" HPOS="51" VPOS="1412" WIDTH="933" HEIGHT="42">
						<String ID="P279_ST00215" HPOS="51" VPOS="1414" WIDTH="123" HEIGHT="40" CONTENT="exactly" WC="0.96" CC="0001010"/>
						<SP ID="P279_SP00190" HPOS="174" VPOS="1454" WIDTH="15"/>
						<String ID="P279_ST00216" HPOS="189" VPOS="1414" WIDTH="140" HEIGHT="29" CONTENT="between" WC="0.76" CC="4020207"/>
						<SP ID="P279_SP00191" HPOS="329" VPOS="1454" WIDTH="15"/>
						<String ID="P279_ST00217" HPOS="344" VPOS="1417" WIDTH="61" HEIGHT="26" CONTENT="two" WC="0.75" CC="502"/>
						<SP ID="P279_SP00192" HPOS="405" VPOS="1454" WIDTH="16"/>
						<String ID="P279_ST00218" HPOS="421" VPOS="1412" WIDTH="98" HEIGHT="35" CONTENT="rocks," WC="0.77" CC="343020"/>
						<SP ID="P279_SP00193" HPOS="519" VPOS="1454" WIDTH="18"/>
						<String ID="P279_ST00219" HPOS="537" VPOS="1423" WIDTH="57" HEIGHT="19" CONTENT="one" WC="0.46" CC="671"/>
						<SP ID="P279_SP00194" HPOS="594" VPOS="1454" WIDTH="27"/>
						<String ID="P279_ST00220" HPOS="621" VPOS="1412" WIDTH="121" HEIGHT="40" CONTENT="surplus" WC="0.69" CC="4450006"/>
						<SP ID="P279_SP00195" HPOS="742" VPOS="1454" WIDTH="16"/>
						<String ID="P279_ST00221" HPOS="758" VPOS="1412" WIDTH="94" HEIGHT="30" CONTENT="touch" WC="0.62" CC="50507"/>
						<SP ID="P279_SP00196" HPOS="852" VPOS="1454" WIDTH="24"/>
						<String ID="P279_ST00222" HPOS="876" VPOS="1412" WIDTH="33" HEIGHT="29" CONTENT="of" WC="1.00" CC="00"/>
						<SP ID="P279_SP00197" HPOS="909" VPOS="1454" WIDTH="23"/>
						<String ID="P279_ST00223" HPOS="932" VPOS="1412" WIDTH="52" HEIGHT="30" CONTENT="the" WC="0.75" CC="070"/>
					</TextLine>
					<TextLine ID="P279_TL00027" HPOS="48" VPOS="1462" WIDTH="490" HEIGHT="39">
						<String ID="P279_ST00224" HPOS="48" VPOS="1475" WIDTH="52" HEIGHT="20" CONTENT="oar" WC="0.82" CC="203"/>
						<SP ID="P279_SP00198" HPOS="100" VPOS="1495" WIDTH="16"/>
						<String ID="P279_ST00225" HPOS="116" VPOS="1463" WIDTH="101" HEIGHT="30" CONTENT="would" WC="0.78" CC="04600"/>
						<SP ID="P279_SP00199" HPOS="217" VPOS="1495" WIDTH="15"/>
						<String ID="P279_ST00226" HPOS="232" VPOS="1463" WIDTH="173" HEIGHT="38" CONTENT="inevitably" WC="0.73" CC="0700046610"/>
						<SP ID="P279_SP00200" HPOS="405" VPOS="1501" WIDTH="16"/>
						<String ID="P279_ST00227" HPOS="421" VPOS="1462" WIDTH="68" HEIGHT="30" CONTENT="sink" WC="0.70" CC="5060"/>
						<SP ID="P279_SP00201" HPOS="489" VPOS="1501" WIDTH="15"/>
						<String ID="P279_ST00228" HPOS="504" VPOS="1462" WIDTH="34" HEIGHT="30" CONTENT="it." WC="0.76" CC="060"/>
					</TextLine>
				</TextBlock>
				<TextBlock ID="P279_TB00006" HPOS="44" VPOS="1511" WIDTH="941" HEIGHT="291" STYLEREFS="TXT_0 PAR_LEFT">
					<TextLine ID="P279_TL00028" HPOS="93" VPOS="1511" WIDTH="891" HEIGHT="42">
						<String ID="P279_ST00229" HPOS="93" VPOS="1514" WIDTH="84" HEIGHT="30" CONTENT="Once" WC="0.71" CC="5600"/>
						<SP ID="P279_SP00202" HPOS="177" VPOS="1544" WIDTH="16"/>
						<String ID="P279_ST00230" HPOS="193" VPOS="1517" WIDTH="55" HEIGHT="26" CONTENT="out" WC="0.76" CC="420"/>
						<SP ID="P279_SP00203" HPOS="248" VPOS="1544" WIDTH="16"/>
						<String ID="P279_ST00231" HPOS="264" VPOS="1513" WIDTH="32" HEIGHT="29" CONTENT="of" WC="0.76" CC="04"/>
						<SP ID="P279_SP00204" HPOS="296" VPOS="1544" WIDTH="22"/>
						<String ID="P279_ST00232" HPOS="318" VPOS="1512" WIDTH="116" HEIGHT="41" CONTENT="danger" WC="0.81" CC="008003"/>
						<SP ID="P279_SP00205" HPOS="434" VPOS="1553" WIDTH="15"/>
						<String ID="P279_ST00233" HPOS="449" VPOS="1512" WIDTH="53" HEIGHT="30" CONTENT="the" WC="0.75" CC="070"/>
						<SP ID="P279_SP00206" HPOS="502" VPOS="1553" WIDTH="13"/>
						<String ID="P279_ST00234" HPOS="515" VPOS="1512" WIDTH="143" HEIGHT="30" CONTENT="boatmen" WC="0.75" CC="0404007"/>
						<SP ID="P279_SP00207" HPOS="658" VPOS="1553" WIDTH="15"/>
						<String ID="P279_ST00235" HPOS="673" VPOS="1511" WIDTH="118" HEIGHT="40" CONTENT="replace" WC="0.89" CC="5000010"/>
						<SP ID="P279_SP00208" HPOS="791" VPOS="1553" WIDTH="17"/>
						<String ID="P279_ST00236" HPOS="808" VPOS="1511" WIDTH="52" HEIGHT="30" CONTENT="the" WC="0.53" CC="670"/>
						<SP ID="P279_SP00209" HPOS="860" VPOS="1553" WIDTH="16"/>
						<String ID="P279_ST00237" HPOS="876" VPOS="1515" WIDTH="108" HEIGHT="26" CONTENT="water" SUBS_TYPE="HypPart1" SUBS_CONTENT="waterpipe" WC="0.74" CC="005090"/>
						<HYP CONTENT="-"/>
					</TextLine>
					<TextLine ID="P279_TL00029" HPOS="47" VPOS="1560" WIDTH="936" HEIGHT="45">
						<String ID="P279_ST00238" HPOS="47" VPOS="1564" WIDTH="73" HEIGHT="41" CONTENT="pipe" SUBS_TYPE="HypPart2" SUBS_CONTENT="waterpipe" WC="1.00" CC="0000"/>
						<SP ID="P279_SP00210" HPOS="120" VPOS="1605" WIDTH="15"/>
						<String ID="P279_ST00239" HPOS="135" VPOS="1564" WIDTH="76" HEIGHT="30" CONTENT="used" WC="0.68" CC="6600"/>
						<SP ID="P279_SP00211" HPOS="211" VPOS="1605" WIDTH="17"/>
						<String ID="P279_ST00240" HPOS="228" VPOS="1574" WIDTH="39" HEIGHT="18" CONTENT="on" WC="0.69" CC="06"/>
						<SP ID="P279_SP00212" HPOS="267" VPOS="1605" WIDTH="16"/>
						<String ID="P279_ST00241" HPOS="283" VPOS="1563" WIDTH="53" HEIGHT="29" CONTENT="the" WC="0.58" CC="570"/>
						<SP ID="P279_SP00213" HPOS="336" VPOS="1605" WIDTH="17"/>
						<String ID="P279_ST00242" HPOS="353" VPOS="1562" WIDTH="95" HEIGHT="30" CONTENT="Black" WC="0.74" CC="60060"/>
						<SP ID="P279_SP00214" HPOS="448" VPOS="1605" WIDTH="23"/>
						<String ID="P279_ST00243" HPOS="471" VPOS="1562" WIDTH="94" HEIGHT="30" CONTENT="River" WC="0.76" CC="70004"/>
						<SP ID="P279_SP00215" HPOS="565" VPOS="1605" WIDTH="12"/>
						<String ID="P279_ST00244" HPOS="577" VPOS="1561" WIDTH="43" HEIGHT="41" CONTENT="by" WC="1.00" CC="00"/>
						<SP ID="P279_SP00216" HPOS="620" VPOS="1605" WIDTH="15"/>
						<String ID="P279_ST00245" HPOS="635" VPOS="1561" WIDTH="54" HEIGHT="31" CONTENT="the" WC="0.75" CC="150"/>
						<SP ID="P279_SP00217" HPOS="689" VPOS="1605" WIDTH="22"/>
						<String ID="P279_ST00246" HPOS="711" VPOS="1562" WIDTH="156" HEIGHT="39" CONTENT="cigarette," WC="0.83" CC="0409000003"/>
						<SP ID="P279_SP00218" HPOS="867" VPOS="1605" WIDTH="17"/>
						<String ID="P279_ST00247" HPOS="884" VPOS="1560" WIDTH="99" HEIGHT="30" CONTENT="which" WC="0.45" CC="97207"/>
					</TextLine>
					<TextLine ID="P279_TL00030" HPOS="47" VPOS="1610" WIDTH="937" HEIGHT="45">
						<String ID="P279_ST00248" HPOS="47" VPOS="1614" WIDTH="78" HEIGHT="41" CONTENT="they" WC="0.66" CC="6700"/>
						<SP ID="P279_SP00219" HPOS="125" VPOS="1655" WIDTH="16"/>
						<String ID="P279_ST00249" HPOS="141" VPOS="1618" WIDTH="57" HEIGHT="36" CONTENT="put" WC="0.61" CC="065"/>
						<SP ID="P279_SP00220" HPOS="198" VPOS="1655" WIDTH="23"/>
						<String ID="P279_ST00250" HPOS="221" VPOS="1613" WIDTH="115" HEIGHT="30" CONTENT="behind" WC="0.72" CC="007440"/>
						<SP ID="P279_SP00221" HPOS="336" VPOS="1655" WIDTH="25"/>
						<String ID="P279_ST00251" HPOS="361" VPOS="1613" WIDTH="53" HEIGHT="29" CONTENT="the" WC="0.57" CC="470"/>
						<SP ID="P279_SP00222" HPOS="414" VPOS="1655" WIDTH="28"/>
						<String ID="P279_ST00252" HPOS="442" VPOS="1623" WIDTH="51" HEIGHT="18" CONTENT="ear" WC="0.83" CC="005"/>
						<SP ID="P279_SP00223" HPOS="493" VPOS="1655" WIDTH="22"/>
						<String ID="P279_ST00253" HPOS="515" VPOS="1611" WIDTH="77" HEIGHT="30" CONTENT="after" WC="0.94" CC="00003"/>
						<SP ID="P279_SP00224" HPOS="592" VPOS="1655" WIDTH="25"/>
						<String ID="P279_ST00254" HPOS="617" VPOS="1622" WIDTH="17" HEIGHT="19" CONTENT="a" WC="1.00" CC="0"/>
						<SP ID="P279_SP00225" HPOS="634" VPOS="1655" WIDTH="26"/>
						<String ID="P279_ST00255" HPOS="660" VPOS="1611" WIDTH="59" HEIGHT="30" CONTENT="few" WC="0.62" CC="208"/>
						<SP ID="P279_SP00226" HPOS="719" VPOS="1655" WIDTH="23"/>
						<String ID="P279_ST00256" HPOS="742" VPOS="1611" WIDTH="107" HEIGHT="30" CONTENT="whiffs." WC="0.89" CC="0700000"/>
						<SP ID="P279_SP00227" HPOS="849" VPOS="1655" WIDTH="48"/>
						<String ID="P279_ST00257" HPOS="897" VPOS="1610" WIDTH="87" HEIGHT="41" CONTENT="They" WC="0.81" CC="0700"/>
					</TextLine>
					<TextLine ID="P279_TL00031" HPOS="48" VPOS="1660" WIDTH="935" HEIGHT="42">
						<String ID="P279_ST00258" HPOS="48" VPOS="1664" WIDTH="62" HEIGHT="31" CONTENT="also" WC="0.96" CC="0001"/>
						<SP ID="P279_SP00228" HPOS="110" VPOS="1695" WIDTH="22"/>
						<String ID="P279_ST00259" HPOS="132" VPOS="1664" WIDTH="85" HEIGHT="30" CONTENT="chew" WC="0.80" CC="0700"/>
						<SP ID="P279_SP00229" HPOS="217" VPOS="1695" WIDTH="17"/>
						<String ID="P279_ST00260" HPOS="234" VPOS="1663" WIDTH="88" HEIGHT="30" CONTENT="betel." WC="0.79" CC="600060"/>
						<SP ID="P279_SP00230" HPOS="322" VPOS="1695" WIDTH="48"/>
						<String ID="P279_ST00261" HPOS="370" VPOS="1663" WIDTH="14" HEIGHT="29" CONTENT="I" WC="0.81" CC="1"/>
						<SP ID="P279_SP00231" HPOS="384" VPOS="1695" WIDTH="17"/>
						<String ID="P279_ST00262" HPOS="401" VPOS="1662" WIDTH="121" HEIGHT="30" CONTENT="remark" WC="0.88" CC="700000"/>
						<SP ID="P279_SP00232" HPOS="522" VPOS="1695" WIDTH="12"/>
						<String ID="P279_ST00263" HPOS="534" VPOS="1662" WIDTH="70" HEIGHT="29" CONTENT="that" WC="0.73" CC="4600"/>
						<SP ID="P279_SP00233" HPOS="604" VPOS="1695" WIDTH="22"/>
						<String ID="P279_ST00264" HPOS="626" VPOS="1661" WIDTH="54" HEIGHT="30" CONTENT="the" WC="0.52" CC="670"/>
						<SP ID="P279_SP00234" HPOS="680" VPOS="1695" WIDTH="16"/>
						<String ID="P279_ST00265" HPOS="696" VPOS="1661" WIDTH="145" HEIGHT="41" CONTENT="majority" WC="0.88" CC="00003410"/>
						<SP ID="P279_SP00235" HPOS="841" VPOS="1702" WIDTH="11"/>
						<String ID="P279_ST00266" HPOS="852" VPOS="1660" WIDTH="33" HEIGHT="31" CONTENT="of" WC="0.83" CC="30"/>
						<SP ID="P279_SP00236" HPOS="885" VPOS="1702" WIDTH="12"/>
						<String ID="P279_ST00267" HPOS="897" VPOS="1660" WIDTH="86" HEIGHT="30" CONTENT="them" WC="0.79" CC="0700"/>
					</TextLine>
					<TextLine ID="P279_TL00032" HPOS="47" VPOS="1709" WIDTH="936" HEIGHT="42">
						<String ID="P279_ST00268" HPOS="47" VPOS="1725" WIDTH="79" HEIGHT="20" CONTENT="wear" WC="0.81" CC="0007"/>
						<SP ID="P279_SP00237" HPOS="126" VPOS="1745" WIDTH="26"/>
						<String ID="P279_ST00269" HPOS="152" VPOS="1725" WIDTH="18" HEIGHT="19" CONTENT="a" WC="1.00" CC="0"/>
						<SP ID="P279_SP00238" HPOS="170" VPOS="1745" WIDTH="26"/>
						<String ID="P279_ST00270" HPOS="196" VPOS="1713" WIDTH="143" HEIGHT="36" CONTENT="bracelet," WC="0.72" CC="260000473"/>
						<SP ID="P279_SP00239" HPOS="339" VPOS="1749" WIDTH="18"/>
						<String ID="P279_ST00271" HPOS="357" VPOS="1712" WIDTH="89" HEIGHT="30" CONTENT="made" WC="1.00" CC="0000"/>
						<SP ID="P279_SP00240" HPOS="446" VPOS="1749" WIDTH="24"/>
						<String ID="P279_ST00272" HPOS="470" VPOS="1713" WIDTH="34" HEIGHT="29" CONTENT="of" WC="0.55" CC="26"/>
						<SP ID="P279_SP00241" HPOS="504" VPOS="1749" WIDTH="19"/>
						<String ID="P279_ST00273" HPOS="523" VPOS="1717" WIDTH="61" HEIGHT="24" CONTENT="two" WC="0.78" CC="401"/>
						<SP ID="P279_SP00242" HPOS="584" VPOS="1749" WIDTH="24"/>
						<String ID="P279_ST00274" HPOS="608" VPOS="1711" WIDTH="134" HEIGHT="36" CONTENT="threads," WC="0.78" CC="17300030"/>
						<SP ID="P279_SP00243" HPOS="742" VPOS="1749" WIDTH="18"/>
						<String ID="P279_ST00275" HPOS="760" VPOS="1722" WIDTH="39" HEIGHT="19" CONTENT="on" WC="0.66" CC="06"/>
						<SP ID="P279_SP00244" HPOS="799" VPOS="1749" WIDTH="23"/>
						<String ID="P279_ST00276" HPOS="822" VPOS="1710" WIDTH="53" HEIGHT="31" CONTENT="the" WC="0.60" CC="470"/>
						<SP ID="P279_SP00245" HPOS="875" VPOS="1749" WIDTH="23"/>
						<String ID="P279_ST00277" HPOS="898" VPOS="1709" WIDTH="85" HEIGHT="42" CONTENT="right" WC="0.72" CC="00076"/>
					</TextLine>
					<TextLine ID="P279_TL00033" HPOS="45" VPOS="1759" WIDTH="940" HEIGHT="43">
						<String ID="P279_ST00278" HPOS="45" VPOS="1765" WIDTH="94" HEIGHT="30" CONTENT="wrist." WC="1.00" CC="000000"/>
						<SP ID="P279_SP00246" HPOS="139" VPOS="1795" WIDTH="47"/>
						<String ID="P279_ST00279" HPOS="186" VPOS="1764" WIDTH="86" HEIGHT="38" CONTENT="They" WC="0.82" CC="0700"/>
						<SP ID="P279_SP00247" HPOS="272" VPOS="1802" WIDTH="15"/>
						<String ID="P279_ST00280" HPOS="287" VPOS="1763" WIDTH="56" HEIGHT="30" CONTENT="tell" WC="0.95" CC="0002"/>
						<SP ID="P279_SP00248" HPOS="343" VPOS="1802" WIDTH="15"/>
						<String ID="P279_ST00281" HPOS="358" VPOS="1774" WIDTH="36" HEIGHT="18" CONTENT="us" WC="0.57" CC="62"/>
						<SP ID="P279_SP00249" HPOS="394" VPOS="1802" WIDTH="16"/>
						<String ID="P279_ST00282" HPOS="410" VPOS="1763" WIDTH="69" HEIGHT="29" CONTENT="that" WC="0.64" CC="0706"/>
						<SP ID="P279_SP00250" HPOS="479" VPOS="1802" WIDTH="23"/>
						<String ID="P279_ST00283" HPOS="502" VPOS="1763" WIDTH="25" HEIGHT="29" CONTENT="it" WC="0.69" CC="14"/>
						<SP ID="P279_SP00251" HPOS="527" VPOS="1802" WIDTH="23"/>
						<String ID="P279_ST00284" HPOS="550" VPOS="1763" WIDTH="26" HEIGHT="28" CONTENT="is" WC="0.70" CC="05"/>
						<SP ID="P279_SP00252" HPOS="576" VPOS="1802" WIDTH="20"/>
						<String ID="P279_ST00285" HPOS="596" VPOS="1773" WIDTH="17" HEIGHT="18" CONTENT="a" WC="1.00" CC="0"/>
						<SP ID="P279_SP00253" HPOS="613" VPOS="1802" WIDTH="26"/>
						<String ID="P279_ST00286" HPOS="639" VPOS="1761" WIDTH="143" HEIGHT="30" CONTENT="talisman" WC="0.77" CC="18105000"/>
						<String ID="P279_ST00287" HPOS="785" VPOS="1779" WIDTH="40" HEIGHT="3" CONTENT="—" WC="0.20" CC="8"/>
						<String ID="P279_ST00288" HPOS="829" VPOS="1772" WIDTH="16" HEIGHT="18" CONTENT="a" WC="1.00" CC="0"/>
						<SP ID="P279_SP00254" HPOS="845" VPOS="1802" WIDTH="16"/>
						<String ID="P279_ST00289" HPOS="861" VPOS="1759" WIDTH="76" HEIGHT="31" CONTENT="kind" WC="0.76" CC="0540"/>
						<SP ID="P279_SP00255" HPOS="937" VPOS="1802" WIDTH="16"/>
						<String ID="P279_ST00290" HPOS="953" VPOS="1759" WIDTH="32" HEIGHT="30" CONTENT="of" WC="0.92" CC="10"/>
					</TextLine>
				</TextBlock>
			</PrintSpace>
		</Page>
	</Layout>
</alto>
