<?xml version="1.0" encoding="UTF-8"?>
<alto xmlns:xsi="http://www.w3.org/2001/XMLSchema-instance" xsi:noNamespaceSchemaLocation="http://www.bl.uk/schemas/alto/alto-1-4.xsd" xmlns:xlink="http://www.w3.org/1999/xlink">
	<Description>
		<MeasurementUnit>mm10</MeasurementUnit>
		<sourceImageInformation>
			<fileName>//head1/IN/2008-10/A0011314642/000148.jp2</fileName>
		</sourceImageInformation>
		<OCRProcessing ID="OCRPROCESSING_1">
			<preProcessingStep>
				<processingSoftware>
					<softwareCreator>CCS Content Conversion Specialists GmbH, Germany</softwareCreator>
					<softwareName>CCS docWORKS</softwareName>
					<softwareVersion>6.1-0.67</softwareVersion>
				</processingSoftware>
			</preProcessingStep>
			<ocrProcessingStep>
				<processingSoftware>
					<softwareCreator>ABBYY (BIT Software), Russia</softwareCreator>
					<softwareName>Finereader</softwareName>
				</processingSoftware>
			</ocrProcessingStep>
		</OCRProcessing>
	</Description>
	<Styles>
		<TextStyle ID="TXT_0" FONTSIZE="10" FONTFAMILY="Courier New"/>
		<TextStyle ID="TXT_1" FONTSIZE="9" FONTFAMILY="Courier New"/>
		<ParagraphStyle ID="PAR_LEFT" ALIGN="Left"/>
		<ParagraphStyle ID="PAR_CENTER" ALIGN="Center"/>
	</Styles>
	<Layout>
		<Page ID="P44" PHYSICAL_IMG_NR="44" HEIGHT="1940" WIDTH="1138" PRINTED_IMG_NR="28" POSITION="Left" ACCURACY="74.40">
			<TopMargin ID="P44_TM00001" HPOS="0" VPOS="0" WIDTH="1137" HEIGHT="111">
				<TextBlock ID="P44_TB00001" HPOS="110" VPOS="82" WIDTH="37" HEIGHT="28" STYLEREFS="TXT_0 PAR_LEFT">
					<TextLine ID="P44_TL00001" HPOS="110" VPOS="82" WIDTH="37" HEIGHT="28">
						<String ID="P44_ST00001" HPOS="110" VPOS="82" WIDTH="37" HEIGHT="28" CONTENT="28" WC="1.00" CC="00"/>
					</TextLine>
				</TextBlock>
				<TextBlock ID="P44_TB00002" HPOS="427" VPOS="77" WIDTH="291" HEIGHT="31" STYLEREFS="TXT_1 PAR_CENTER">
					<TextLine ID="P44_TL00002" HPOS="428" VPOS="77" WIDTH="290" HEIGHT="31">
						<String ID="P44_ST00002" HPOS="428" VPOS="78" WIDTH="144" HEIGHT="30" CONTENT="Around" WC="0.68" CC="022850"/>
						<SP ID="P44_SP00001" HPOS="572" VPOS="108" WIDTH="24"/>
						<String ID="P44_ST00003" HPOS="596" VPOS="77" WIDTH="122" HEIGHT="31" CONTENT="Tonkin" WC="0.83" CC="000107"/>
					</TextLine>
				</TextBlock>
			</TopMargin>
			<LeftMargin ID="P44_LM00001" HPOS="0" VPOS="111" WIDTH="106" HEIGHT="1686"/>
			<RightMargin ID="P44_RM00001" HPOS="1065" VPOS="111" WIDTH="72" HEIGHT="1686"/>
			<BottomMargin ID="P44_BM00001" HPOS="0" VPOS="1797" WIDTH="1137" HEIGHT="142"/>
			<PrintSpace ID="P44_PS00001" HPOS="106" VPOS="111" WIDTH="959" HEIGHT="1686">
				<TextBlock ID="P44_TB00003" HPOS="106" VPOS="161" WIDTH="948" HEIGHT="794" STYLEREFS="TXT_1 PAR_LEFT">
					<TextLine ID="P44_TL00003" HPOS="151" VPOS="161" WIDTH="901" HEIGHT="41">
						<String ID="P44_ST00004" HPOS="151" VPOS="167" WIDTH="56" HEIGHT="31" CONTENT="We" WC="1.00" CC="00"/>
						<SP ID="P44_SP00002" HPOS="207" VPOS="198" WIDTH="17"/>
						<String ID="P44_ST00005" HPOS="224" VPOS="167" WIDTH="78" HEIGHT="30" CONTENT="have" WC="0.77" CC="7010"/>
						<SP ID="P44_SP00003" HPOS="302" VPOS="198" WIDTH="16"/>
						<String ID="P44_ST00006" HPOS="318" VPOS="166" WIDTH="132" HEIGHT="31" CONTENT="reached" WC="0.87" CC="0001700"/>
						<SP ID="P44_SP00004" HPOS="450" VPOS="198" WIDTH="17"/>
						<String ID="P44_ST00007" HPOS="467" VPOS="176" WIDTH="39" HEIGHT="19" CONTENT="an" WC="0.58" CC="08"/>
						<SP ID="P44_SP00005" HPOS="506" VPOS="198" WIDTH="16"/>
						<String ID="P44_ST00008" HPOS="522" VPOS="165" WIDTH="149" HEIGHT="29" CONTENT="immense" WC="0.80" CC="1000830"/>
						<SP ID="P44_SP00006" HPOS="671" VPOS="198" WIDTH="25"/>
						<String ID="P44_ST00009" HPOS="696" VPOS="162" WIDTH="135" HEIGHT="31" CONTENT="harbour" WC="0.71" CC="7800400"/>
						<SP ID="P44_SP00007" HPOS="831" VPOS="198" WIDTH="23"/>
						<String ID="P44_ST00010" HPOS="854" VPOS="162" WIDTH="75" HEIGHT="30" CONTENT="shut" WC="0.46" CC="4753"/>
						<SP ID="P44_SP00008" HPOS="929" VPOS="198" WIDTH="23"/>
						<String ID="P44_ST00011" HPOS="952" VPOS="162" WIDTH="33" HEIGHT="30" CONTENT="in" WC="0.91" CC="01"/>
						<SP ID="P44_SP00009" HPOS="985" VPOS="198" WIDTH="23"/>
						<String ID="P44_ST00012" HPOS="1008" VPOS="161" WIDTH="44" HEIGHT="41" CONTENT="by" WC="0.56" CC="08"/>
					</TextLine>
					<TextLine ID="P44_TL00004" HPOS="107" VPOS="211" WIDTH="945" HEIGHT="47">
						<String ID="P44_ST00013" HPOS="107" VPOS="217" WIDTH="81" HEIGHT="41" CONTENT="lofty" WC="0.86" CC="00060"/>
						<SP ID="P44_SP00010" HPOS="188" VPOS="258" WIDTH="22"/>
						<String ID="P44_ST00014" HPOS="210" VPOS="218" WIDTH="93" HEIGHT="36" CONTENT="walls," WC="0.68" CC="053063"/>
						<SP ID="P44_SP00011" HPOS="303" VPOS="258" WIDTH="25"/>
						<String ID="P44_ST00015" HPOS="328" VPOS="217" WIDTH="53" HEIGHT="30" CONTENT="the" WC="0.69" CC="350"/>
						<SP ID="P44_SP00012" HPOS="381" VPOS="258" WIDTH="23"/>
						<String ID="P44_ST00016" HPOS="404" VPOS="216" WIDTH="85" HEIGHT="30" CONTENT="work" WC="0.76" CC="0053"/>
						<SP ID="P44_SP00013" HPOS="489" VPOS="258" WIDTH="19"/>
						<String ID="P44_ST00017" HPOS="508" VPOS="215" WIDTH="34" HEIGHT="30" CONTENT="of" WC="0.62" CC="33"/>
						<SP ID="P44_SP00014" HPOS="542" VPOS="258" WIDTH="20"/>
						<String ID="P44_ST00018" HPOS="562" VPOS="218" WIDTH="121" HEIGHT="31" CONTENT="nature," WC="0.51" CC="7754504"/>
						<SP ID="P44_SP00015" HPOS="683" VPOS="258" WIDTH="21"/>
						<String ID="P44_ST00019" HPOS="704" VPOS="212" WIDTH="92" HEIGHT="31" CONTENT="while" WC="0.86" CC="07000"/>
						<SP ID="P44_SP00016" HPOS="796" VPOS="258" WIDTH="23"/>
						<String ID="P44_ST00020" HPOS="819" VPOS="213" WIDTH="33" HEIGHT="29" CONTENT="in" WC="0.58" CC="08"/>
						<SP ID="P44_SP00017" HPOS="852" VPOS="258" WIDTH="23"/>
						<String ID="P44_ST00021" HPOS="875" VPOS="212" WIDTH="53" HEIGHT="30" CONTENT="the" WC="0.60" CC="470"/>
						<SP ID="P44_SP00018" HPOS="928" VPOS="258" WIDTH="31"/>
						<String ID="P44_ST00022" HPOS="959" VPOS="211" WIDTH="93" HEIGHT="31" CONTENT="back" SUBS_TYPE="HypPart1" SUBS_CONTENT="background" WC="0.93" CC="00003"/>
						<HYP CONTENT="-"/>
					</TextLine>
					<TextLine ID="P44_TL00005" HPOS="108" VPOS="262" WIDTH="944" HEIGHT="46">
						<String ID="P44_ST00023" HPOS="108" VPOS="267" WIDTH="120" HEIGHT="41" CONTENT="ground" SUBS_TYPE="HypPart2" SUBS_CONTENT="background" WC="0.60" CC="062670"/>
						<SP ID="P44_SP00019" HPOS="228" VPOS="308" WIDTH="16"/>
						<String ID="P44_ST00024" HPOS="244" VPOS="278" WIDTH="16" HEIGHT="19" CONTENT="a" WC="1.00" CC="0"/>
						<SP ID="P44_SP00020" HPOS="260" VPOS="308" WIDTH="17"/>
						<String ID="P44_ST00025" HPOS="277" VPOS="267" WIDTH="91" HEIGHT="30" CONTENT="series" WC="0.72" CC="406500"/>
						<SP ID="P44_SP00021" HPOS="368" VPOS="308" WIDTH="16"/>
						<String ID="P44_ST00026" HPOS="384" VPOS="266" WIDTH="34" HEIGHT="30" CONTENT="of" WC="1.00" CC="00"/>
						<SP ID="P44_SP00022" HPOS="418" VPOS="308" WIDTH="19"/>
						<String ID="P44_ST00027" HPOS="437" VPOS="266" WIDTH="113" HEIGHT="39" CONTENT="rolling" WC="0.84" CC="0002250"/>
						<SP ID="P44_SP00023" HPOS="550" VPOS="308" WIDTH="16"/>
						<String ID="P44_ST00028" HPOS="566" VPOS="265" WIDTH="72" HEIGHT="29" CONTENT="hills" WC="0.50" CC="73507"/>
						<SP ID="P44_SP00024" HPOS="638" VPOS="308" WIDTH="16"/>
						<String ID="P44_ST00029" HPOS="654" VPOS="263" WIDTH="152" HEIGHT="30" CONTENT="indicates" WC="0.62" CC="060355306"/>
						<SP ID="P44_SP00025" HPOS="806" VPOS="308" WIDTH="15"/>
						<String ID="P44_ST00030" HPOS="821" VPOS="262" WIDTH="54" HEIGHT="31" CONTENT="the" WC="0.60" CC="470"/>
						<SP ID="P44_SP00026" HPOS="875" VPOS="308" WIDTH="23"/>
						<String ID="P44_ST00031" HPOS="898" VPOS="262" WIDTH="154" HEIGHT="31" CONTENT="direction" WC="0.79" CC="007006003"/>
					</TextLine>
					<TextLine ID="P44_TL00006" HPOS="108" VPOS="312" WIDTH="944" HEIGHT="43">
						<String ID="P44_ST00032" HPOS="108" VPOS="317" WIDTH="33" HEIGHT="30" CONTENT="of" WC="0.83" CC="03"/>
						<SP ID="P44_SP00027" HPOS="141" VPOS="347" WIDTH="19"/>
						<String ID="P44_ST00033" HPOS="160" VPOS="317" WIDTH="53" HEIGHT="30" CONTENT="the" WC="0.67" CC="270"/>
						<SP ID="P44_SP00028" HPOS="213" VPOS="347" WIDTH="24"/>
						<String ID="P44_ST00034" HPOS="237" VPOS="315" WIDTH="166" HEIGHT="32" CONTENT="mainland." WC="0.87" CC="001030600"/>
						<SP ID="P44_SP00029" HPOS="403" VPOS="347" WIDTH="42"/>
						<String ID="P44_ST00035" HPOS="445" VPOS="315" WIDTH="94" HEIGHT="40" CONTENT="Upon" WC="0.82" CC="0015"/>
						<SP ID="P44_SP00030" HPOS="539" VPOS="355" WIDTH="24"/>
						<String ID="P44_ST00036" HPOS="563" VPOS="315" WIDTH="54" HEIGHT="29" CONTENT="the" WC="0.51" CC="770"/>
						<SP ID="P44_SP00031" HPOS="617" VPOS="355" WIDTH="24"/>
						<String ID="P44_ST00037" HPOS="641" VPOS="313" WIDTH="102" HEIGHT="41" CONTENT="slopes" WC="0.72" CC="505005"/>
						<SP ID="P44_SP00032" HPOS="743" VPOS="355" WIDTH="23"/>
						<String ID="P44_ST00038" HPOS="766" VPOS="312" WIDTH="35" HEIGHT="30" CONTENT="of" WC="0.88" CC="02"/>
						<SP ID="P44_SP00033" HPOS="801" VPOS="355" WIDTH="19"/>
						<String ID="P44_ST00039" HPOS="820" VPOS="323" WIDTH="58" HEIGHT="19" CONTENT="one" WC="0.79" CC="060"/>
						<SP ID="P44_SP00034" HPOS="878" VPOS="355" WIDTH="25"/>
						<String ID="P44_ST00040" HPOS="903" VPOS="312" WIDTH="34" HEIGHT="30" CONTENT="of" WC="1.00" CC="00"/>
						<SP ID="P44_SP00035" HPOS="937" VPOS="355" WIDTH="27"/>
						<String ID="P44_ST00041" HPOS="964" VPOS="312" WIDTH="88" HEIGHT="31" CONTENT="these" WC="0.62" CC="67022"/>
					</TextLine>
					<TextLine ID="P44_TL00007" HPOS="109" VPOS="363" WIDTH="943" HEIGHT="34">
						<String ID="P44_ST00042" HPOS="109" VPOS="367" WIDTH="71" HEIGHT="30" CONTENT="hills" WC="0.57" CC="70309"/>
						<SP ID="P44_SP00036" HPOS="180" VPOS="397" WIDTH="30"/>
						<String ID="P44_ST00043" HPOS="210" VPOS="367" WIDTH="86" HEIGHT="30" CONTENT="there" WC="0.61" CC="67050"/>
						<SP ID="P44_SP00037" HPOS="296" VPOS="397" WIDTH="32"/>
						<String ID="P44_ST00044" HPOS="328" VPOS="377" WIDTH="50" HEIGHT="20" CONTENT="are" WC="0.74" CC="160"/>
						<SP ID="P44_SP00038" HPOS="378" VPOS="397" WIDTH="23"/>
						<String ID="P44_ST00045" HPOS="401" VPOS="370" WIDTH="33" HEIGHT="26" CONTENT="to" WC="0.65" CC="70"/>
						<SP ID="P44_SP00039" HPOS="434" VPOS="397" WIDTH="28"/>
						<String ID="P44_ST00046" HPOS="462" VPOS="365" WIDTH="38" HEIGHT="30" CONTENT="be" WC="1.00" CC="00"/>
						<SP ID="P44_SP00040" HPOS="500" VPOS="397" WIDTH="27"/>
						<String ID="P44_ST00047" HPOS="527" VPOS="376" WIDTH="73" HEIGHT="19" CONTENT="seen" WC="0.57" CC="6028"/>
						<SP ID="P44_SP00041" HPOS="600" VPOS="397" WIDTH="31"/>
						<String ID="P44_ST00048" HPOS="631" VPOS="363" WIDTH="119" HEIGHT="31" CONTENT="several" WC="0.76" CC="2010408"/>
						<SP ID="P44_SP00042" HPOS="750" VPOS="397" WIDTH="27"/>
						<String ID="P44_ST00049" HPOS="777" VPOS="364" WIDTH="74" HEIGHT="29" CONTENT="trim" WC="0.51" CC="7560"/>
						<SP ID="P44_SP00043" HPOS="851" VPOS="397" WIDTH="31"/>
						<String ID="P44_ST00050" HPOS="882" VPOS="363" WIDTH="61" HEIGHT="30" CONTENT="and" WC="1.00" CC="000"/>
						<SP ID="P44_SP00044" HPOS="943" VPOS="397" WIDTH="26"/>
						<String ID="P44_ST00051" HPOS="969" VPOS="363" WIDTH="83" HEIGHT="30" CONTENT="well" SUBS_TYPE="HypPart1" SUBS_CONTENT="wellbuilt" WC="0.73" CC="00354"/>
						<HYP CONTENT="-"/>
					</TextLine>
					<TextLine ID="P44_TL00008" HPOS="108" VPOS="413" WIDTH="944" HEIGHT="40">
						<String ID="P44_ST00052" HPOS="108" VPOS="417" WIDTH="82" HEIGHT="30" CONTENT="built" SUBS_TYPE="HypPart2" SUBS_CONTENT="wellbuilt" WC="0.57" CC="57340"/>
						<SP ID="P44_SP00045" HPOS="190" VPOS="447" WIDTH="25"/>
						<String ID="P44_ST00053" HPOS="215" VPOS="417" WIDTH="94" HEIGHT="30" CONTENT="white" WC="0.71" CC="07060"/>
						<SP ID="P44_SP00046" HPOS="309" VPOS="447" WIDTH="25"/>
						<String ID="P44_ST00054" HPOS="334" VPOS="417" WIDTH="121" HEIGHT="35" CONTENT="houses," WC="0.58" CC="7474012"/>
						<SP ID="P44_SP00047" HPOS="455" VPOS="452" WIDTH="28"/>
						<String ID="P44_ST00055" HPOS="483" VPOS="415" WIDTH="62" HEIGHT="30" CONTENT="and" WC="0.79" CC="060"/>
						<SP ID="P44_SP00048" HPOS="545" VPOS="452" WIDTH="27"/>
						<String ID="P44_ST00056" HPOS="572" VPOS="420" WIDTH="32" HEIGHT="25" CONTENT="at" WC="0.68" CC="06"/>
						<SP ID="P44_SP00049" HPOS="604" VPOS="452" WIDTH="21"/>
						<String ID="P44_ST00057" HPOS="625" VPOS="415" WIDTH="53" HEIGHT="29" CONTENT="the" WC="0.49" CC="770"/>
						<SP ID="P44_SP00050" HPOS="678" VPOS="452" WIDTH="25"/>
						<String ID="P44_ST00058" HPOS="703" VPOS="414" WIDTH="67" HEIGHT="29" CONTENT="foot" WC="0.81" CC="0007"/>
						<SP ID="P44_SP00051" HPOS="770" VPOS="452" WIDTH="25"/>
						<String ID="P44_ST00059" HPOS="795" VPOS="425" WIDTH="18" HEIGHT="18" CONTENT="a" WC="1.00" CC="0"/>
						<SP ID="P44_SP00052" HPOS="813" VPOS="452" WIDTH="24"/>
						<String ID="P44_ST00060" HPOS="837" VPOS="418" WIDTH="66" HEIGHT="25" CONTENT="sort" WC="0.68" CC="5024"/>
						<SP ID="P44_SP00053" HPOS="903" VPOS="452" WIDTH="26"/>
						<String ID="P44_ST00061" HPOS="929" VPOS="413" WIDTH="35" HEIGHT="30" CONTENT="of" WC="1.00" CC="00"/>
						<SP ID="P44_SP00054" HPOS="964" VPOS="452" WIDTH="22"/>
						<String ID="P44_ST00062" HPOS="986" VPOS="414" WIDTH="66" HEIGHT="39" CONTENT="pier" WC="0.93" CC="0002"/>
					</TextLine>
					<TextLine ID="P44_TL00009" HPOS="109" VPOS="463" WIDTH="945" HEIGHT="37">
						<String ID="P44_ST00063" HPOS="109" VPOS="467" WIDTH="137" HEIGHT="33" CONTENT="running" WC="0.40" CC="0777269"/>
						<SP ID="P44_SP00055" HPOS="246" VPOS="500" WIDTH="15"/>
						<String ID="P44_ST00064" HPOS="261" VPOS="470" WIDTH="55" HEIGHT="26" CONTENT="out" WC="0.55" CC="075"/>
						<SP ID="P44_SP00056" HPOS="316" VPOS="500" WIDTH="23"/>
						<String ID="P44_ST00065" HPOS="339" VPOS="467" WIDTH="67" HEIGHT="29" CONTENT="into" WC="0.63" CC="0770"/>
						<SP ID="P44_SP00057" HPOS="406" VPOS="500" WIDTH="23"/>
						<String ID="P44_ST00066" HPOS="429" VPOS="465" WIDTH="54" HEIGHT="30" CONTENT="the" WC="0.63" CC="370"/>
						<SP ID="P44_SP00058" HPOS="483" VPOS="500" WIDTH="23"/>
						<String ID="P44_ST00067" HPOS="506" VPOS="475" WIDTH="60" HEIGHT="25" CONTENT="sea," WC="0.80" CC="6100"/>
						<SP ID="P44_SP00059" HPOS="566" VPOS="500" WIDTH="25"/>
						<String ID="P44_ST00068" HPOS="591" VPOS="464" WIDTH="77" HEIGHT="30" CONTENT="with" WC="0.65" CC="0067"/>
						<SP ID="P44_SP00060" HPOS="668" VPOS="500" WIDTH="24"/>
						<String ID="P44_ST00069" HPOS="692" VPOS="475" WIDTH="17" HEIGHT="18" CONTENT="a" WC="1.00" CC="0"/>
						<SP ID="P44_SP00061" HPOS="709" VPOS="500" WIDTH="23"/>
						<String ID="P44_ST00070" HPOS="732" VPOS="464" WIDTH="64" HEIGHT="29" CONTENT="line" WC="1.00" CC="0000"/>
						<SP ID="P44_SP00062" HPOS="796" VPOS="500" WIDTH="22"/>
						<String ID="P44_ST00071" HPOS="818" VPOS="463" WIDTH="35" HEIGHT="30" CONTENT="of" WC="1.00" CC="00"/>
						<SP ID="P44_SP00063" HPOS="853" VPOS="500" WIDTH="24"/>
						<String ID="P44_ST00072" HPOS="877" VPOS="463" WIDTH="73" HEIGHT="29" CONTENT="rails" WC="0.70" CC="40046"/>
						<SP ID="P44_SP00064" HPOS="950" VPOS="500" WIDTH="27"/>
						<String ID="P44_ST00073" HPOS="977" VPOS="474" WIDTH="77" HEIGHT="19" CONTENT="over" WC="0.47" CC="2439"/>
					</TextLine>
					<TextLine ID="P44_TL00010" HPOS="109" VPOS="514" WIDTH="941" HEIGHT="41">
						<String ID="P44_ST00074" HPOS="109" VPOS="516" WIDTH="100" HEIGHT="30" CONTENT="which" WC="0.63" CC="07307"/>
						<SP ID="P44_SP00065" HPOS="209" VPOS="546" WIDTH="15"/>
						<String ID="P44_ST00075" HPOS="224" VPOS="516" WIDTH="54" HEIGHT="30" CONTENT="the" WC="0.75" CC="070"/>
						<SP ID="P44_SP00066" HPOS="278" VPOS="546" WIDTH="16"/>
						<String ID="P44_ST00076" HPOS="294" VPOS="516" WIDTH="107" HEIGHT="30" CONTENT="trucks" WC="0.57" CC="674007"/>
						<SP ID="P44_SP00067" HPOS="401" VPOS="546" WIDTH="17"/>
						<String ID="P44_ST00077" HPOS="418" VPOS="526" WIDTH="50" HEIGHT="19" CONTENT="are" WC="0.50" CC="770"/>
						<SP ID="P44_SP00068" HPOS="468" VPOS="546" WIDTH="18"/>
						<String ID="P44_ST00078" HPOS="486" VPOS="514" WIDTH="146" HEIGHT="41" CONTENT="carrying" WC="0.84" CC="00050070"/>
						<SP ID="P44_SP00069" HPOS="632" VPOS="555" WIDTH="19"/>
						<String ID="P44_ST00079" HPOS="651" VPOS="518" WIDTH="57" HEIGHT="25" CONTENT="out" WC="0.55" CC="336"/>
						<SP ID="P44_SP00070" HPOS="708" VPOS="555" WIDTH="14"/>
						<String ID="P44_ST00080" HPOS="722" VPOS="514" WIDTH="54" HEIGHT="29" CONTENT="the" WC="0.57" CC="075"/>
						<SP ID="P44_SP00071" HPOS="776" VPOS="555" WIDTH="24"/>
						<String ID="P44_ST00081" HPOS="800" VPOS="514" WIDTH="67" HEIGHT="29" CONTENT="coal" WC="0.73" CC="0505"/>
						<SP ID="P44_SP00072" HPOS="867" VPOS="555" WIDTH="21"/>
						<String ID="P44_ST00082" HPOS="888" VPOS="514" WIDTH="162" HEIGHT="29" CONTENT="extracted" WC="0.85" CC="000700400"/>
					</TextLine>
					<TextLine ID="P44_TL00011" HPOS="110" VPOS="564" WIDTH="944" HEIGHT="42">
						<String ID="P44_ST00083" HPOS="110" VPOS="567" WIDTH="78" HEIGHT="29" CONTENT="from" WC="0.71" CC="5060"/>
						<SP ID="P44_SP00073" HPOS="188" VPOS="596" WIDTH="35"/>
						<String ID="P44_ST00084" HPOS="223" VPOS="566" WIDTH="52" HEIGHT="30" CONTENT="the" WC="0.76" CC="070"/>
						<SP ID="P44_SP00074" HPOS="275" VPOS="596" WIDTH="39"/>
						<String ID="P44_ST00085" HPOS="314" VPOS="566" WIDTH="64" HEIGHT="40" CONTENT="pits" WC="0.60" CC="0267"/>
						<SP ID="P44_SP00075" HPOS="378" VPOS="606" WIDTH="31"/>
						<String ID="P44_ST00086" HPOS="409" VPOS="565" WIDTH="80" HEIGHT="30" CONTENT="close" WC="0.83" CC="00170"/>
						<SP ID="P44_SP00076" HPOS="489" VPOS="606" WIDTH="32"/>
						<String ID="P44_ST00087" HPOS="521" VPOS="569" WIDTH="33" HEIGHT="25" CONTENT="to" WC="0.66" CC="60"/>
						<SP ID="P44_SP00077" HPOS="554" VPOS="606" WIDTH="30"/>
						<String ID="P44_ST00088" HPOS="584" VPOS="564" WIDTH="54" HEIGHT="30" CONTENT="the" WC="0.70" CC="170"/>
						<SP ID="P44_SP00078" HPOS="638" VPOS="606" WIDTH="32"/>
						<String ID="P44_ST00089" HPOS="670" VPOS="564" WIDTH="98" HEIGHT="30" CONTENT="shore." WC="0.71" CC="570400"/>
						<SP ID="P44_SP00079" HPOS="768" VPOS="606" WIDTH="63"/>
						<String ID="P44_ST00090" HPOS="831" VPOS="564" WIDTH="65" HEIGHT="29" CONTENT="The" WC="0.75" CC="070"/>
						<SP ID="P44_SP00080" HPOS="896" VPOS="606" WIDTH="30"/>
						<String ID="P44_ST00091" HPOS="926" VPOS="564" WIDTH="128" HEIGHT="29" CONTENT="tricolor" WC="0.64" CC="75300407"/>
					</TextLine>
					<TextLine ID="P44_TL00012" HPOS="111" VPOS="613" WIDTH="940" HEIGHT="42">
						<String ID="P44_ST00092" HPOS="111" VPOS="616" WIDTH="91" HEIGHT="29" CONTENT="floats" WC="0.84" CC="440000"/>
						<SP ID="P44_SP00081" HPOS="202" VPOS="645" WIDTH="30"/>
						<String ID="P44_ST00093" HPOS="232" VPOS="615" WIDTH="97" HEIGHT="30" CONTENT="above" WC="0.67" CC="35340"/>
						<SP ID="P44_SP00082" HPOS="329" VPOS="645" WIDTH="32"/>
						<String ID="P44_ST00094" HPOS="361" VPOS="615" WIDTH="53" HEIGHT="30" CONTENT="the" WC="0.75" CC="070"/>
						<SP ID="P44_SP00083" HPOS="414" VPOS="645" WIDTH="29"/>
						<String ID="P44_ST00095" HPOS="443" VPOS="615" WIDTH="75" HEIGHT="40" CONTENT="pits," WC="0.83" CC="00043"/>
						<SP ID="P44_SP00084" HPOS="518" VPOS="655" WIDTH="28"/>
						<String ID="P44_ST00096" HPOS="546" VPOS="614" WIDTH="63" HEIGHT="30" CONTENT="and" WC="0.76" CC="070"/>
						<SP ID="P44_SP00085" HPOS="609" VPOS="655" WIDTH="26"/>
						<String ID="P44_ST00097" HPOS="635" VPOS="613" WIDTH="84" HEIGHT="37" CONTENT="here," WC="0.72" CC="70600"/>
						<SP ID="P44_SP00086" HPOS="719" VPOS="655" WIDTH="13"/>
						<String ID="P44_ST00098" HPOS="732" VPOS="618" WIDTH="33" HEIGHT="25" CONTENT="at" WC="0.67" CC="06"/>
						<SP ID="P44_SP00087" HPOS="765" VPOS="655" WIDTH="28"/>
						<String ID="P44_ST00099" HPOS="793" VPOS="613" WIDTH="193" HEIGHT="42" CONTENT="Hong-Hay," WC="0.75" CC="406017002"/>
						<SP ID="P44_SP00088" HPOS="986" VPOS="655" WIDTH="27"/>
						<String ID="P44_ST00100" HPOS="1013" VPOS="624" WIDTH="38" HEIGHT="19" CONTENT="an" WC="0.52" CC="36"/>
					</TextLine>
					<TextLine ID="P44_TL00013" HPOS="110" VPOS="663" WIDTH="942" HEIGHT="43">
						<String ID="P44_ST00101" HPOS="110" VPOS="667" WIDTH="171" HEIGHT="39" CONTENT="important" WC="0.77" CC="000430056"/>
						<SP ID="P44_SP00089" HPOS="281" VPOS="706" WIDTH="16"/>
						<String ID="P44_ST00102" HPOS="297" VPOS="665" WIDTH="122" HEIGHT="41" CONTENT="mining" WC="0.71" CC="006370"/>
						<SP ID="P44_SP00090" HPOS="419" VPOS="706" WIDTH="23"/>
						<String ID="P44_ST00103" HPOS="442" VPOS="670" WIDTH="104" HEIGHT="25" CONTENT="centre" WC="0.88" CC="006000"/>
						<SP ID="P44_SP00091" HPOS="546" VPOS="706" WIDTH="25"/>
						<String ID="P44_ST00104" HPOS="571" VPOS="664" WIDTH="26" HEIGHT="30" CONTENT="is" WC="0.72" CC="05"/>
						<SP ID="P44_SP00092" HPOS="597" VPOS="706" WIDTH="22"/>
						<String ID="P44_ST00105" HPOS="619" VPOS="663" WIDTH="124" HEIGHT="41" CONTENT="rapidly" WC="0.80" CC="4004040"/>
						<SP ID="P44_SP00093" HPOS="743" VPOS="706" WIDTH="15"/>
						<String ID="P44_ST00106" HPOS="758" VPOS="663" WIDTH="145" HEIGHT="42" CONTENT="forming," WC="0.74" CC="04604202"/>
						<SP ID="P44_SP00094" HPOS="903" VPOS="706" WIDTH="25"/>
						<String ID="P44_ST00107" HPOS="928" VPOS="674" WIDTH="17" HEIGHT="19" CONTENT="a" WC="0.30" CC="6"/>
						<SP ID="P44_SP00095" HPOS="945" VPOS="706" WIDTH="23"/>
						<String ID="P44_ST00108" HPOS="968" VPOS="668" WIDTH="84" HEIGHT="26" CONTENT="town" WC="0.71" CC="3106"/>
					</TextLine>
					<TextLine ID="P44_TL00014" HPOS="111" VPOS="713" WIDTH="941" HEIGHT="44">
						<String ID="P44_ST00109" HPOS="111" VPOS="717" WIDTH="25" HEIGHT="29" CONTENT="is" WC="0.45" CC="37"/>
						<SP ID="P44_SP00096" HPOS="136" VPOS="746" WIDTH="16"/>
						<String ID="P44_ST00110" HPOS="152" VPOS="715" WIDTH="163" HEIGHT="42" CONTENT="springing" WC="0.72" CC="400080560"/>
						<SP ID="P44_SP00097" HPOS="315" VPOS="757" WIDTH="16"/>
						<String ID="P44_ST00111" HPOS="331" VPOS="726" WIDTH="51" HEIGHT="30" CONTENT="up," WC="0.74" CC="304"/>
						<SP ID="P44_SP00098" HPOS="382" VPOS="757" WIDTH="18"/>
						<String ID="P44_ST00112" HPOS="400" VPOS="726" WIDTH="17" HEIGHT="19" CONTENT="a" WC="1.00" CC="0"/>
						<SP ID="P44_SP00099" HPOS="417" VPOS="757" WIDTH="17"/>
						<String ID="P44_ST00113" HPOS="434" VPOS="725" WIDTH="83" HEIGHT="30" CONTENT="quay" WC="0.80" CC="0620"/>
						<SP ID="P44_SP00100" HPOS="517" VPOS="757" WIDTH="16"/>
						<String ID="P44_ST00114" HPOS="533" VPOS="714" WIDTH="55" HEIGHT="30" CONTENT="has" WC="0.39" CC="745"/>
						<SP ID="P44_SP00101" HPOS="588" VPOS="757" WIDTH="17"/>
						<String ID="P44_ST00115" HPOS="605" VPOS="714" WIDTH="78" HEIGHT="30" CONTENT="been" WC="0.80" CC="0007"/>
						<SP ID="P44_SP00102" HPOS="683" VPOS="757" WIDTH="16"/>
						<String ID="P44_ST00116" HPOS="699" VPOS="713" WIDTH="81" HEIGHT="31" CONTENT="built" WC="0.77" CC="05005"/>
						<SP ID="P44_SP00103" HPOS="780" VPOS="757" WIDTH="16"/>
						<String ID="P44_ST00117" HPOS="796" VPOS="714" WIDTH="63" HEIGHT="30" CONTENT="and" WC="0.77" CC="060"/>
						<SP ID="P44_SP00104" HPOS="859" VPOS="757" WIDTH="15"/>
						<String ID="P44_ST00118" HPOS="874" VPOS="714" WIDTH="56" HEIGHT="30" CONTENT="the" WC="0.75" CC="070"/>
						<SP ID="P44_SP00105" HPOS="930" VPOS="757" WIDTH="16"/>
						<String ID="P44_ST00119" HPOS="946" VPOS="724" WIDTH="106" HEIGHT="20" CONTENT="means" WC="0.76" CC="00074"/>
					</TextLine>
					<TextLine ID="P44_TL00015" HPOS="112" VPOS="763" WIDTH="940" HEIGHT="42">
						<String ID="P44_ST00120" HPOS="112" VPOS="765" WIDTH="34" HEIGHT="31" CONTENT="of" WC="0.88" CC="20"/>
						<SP ID="P44_SP00106" HPOS="146" VPOS="796" WIDTH="15"/>
						<String ID="P44_ST00121" HPOS="161" VPOS="766" WIDTH="261" HEIGHT="29" CONTENT="communication" WC="0.73" CC="0400660505006"/>
						<SP ID="P44_SP00107" HPOS="422" VPOS="796" WIDTH="16"/>
						<String ID="P44_ST00122" HPOS="438" VPOS="775" WIDTH="50" HEIGHT="20" CONTENT="are" WC="0.82" CC="050"/>
						<SP ID="P44_SP00108" HPOS="488" VPOS="796" WIDTH="17"/>
						<String ID="P44_ST00123" HPOS="505" VPOS="764" WIDTH="94" HEIGHT="41" CONTENT="being" WC="0.92" CC="10020"/>
						<SP ID="P44_SP00109" HPOS="599" VPOS="805" WIDTH="15"/>
						<String ID="P44_ST00124" HPOS="614" VPOS="763" WIDTH="129" HEIGHT="41" CONTENT="opened." WC="0.93" CC="0004000"/>
						<SP ID="P44_SP00110" HPOS="743" VPOS="805" WIDTH="34"/>
						<String ID="P44_ST00125" HPOS="777" VPOS="765" WIDTH="27" HEIGHT="29" CONTENT="A" WC="1.00" CC="0"/>
						<SP ID="P44_SP00111" HPOS="804" VPOS="805" WIDTH="17"/>
						<String ID="P44_ST00126" HPOS="821" VPOS="764" WIDTH="231" HEIGHT="41" CONTENT="homogeneous" WC="0.65" CC="56030050475"/>
					</TextLine>
					<TextLine ID="P44_TL00016" HPOS="111" VPOS="813" WIDTH="943" HEIGHT="43">
						<String ID="P44_ST00127" HPOS="111" VPOS="816" WIDTH="72" HEIGHT="40" CONTENT="plan" WC="0.81" CC="0007"/>
						<SP ID="P44_SP00112" HPOS="183" VPOS="856" WIDTH="24"/>
						<String ID="P44_ST00128" HPOS="207" VPOS="815" WIDTH="55" HEIGHT="30" CONTENT="has" WC="0.53" CC="706"/>
						<SP ID="P44_SP00113" HPOS="262" VPOS="856" WIDTH="23"/>
						<String ID="P44_ST00129" HPOS="285" VPOS="815" WIDTH="79" HEIGHT="30" CONTENT="been" WC="0.68" CC="3045"/>
						<SP ID="P44_SP00114" HPOS="364" VPOS="856" WIDTH="22"/>
						<String ID="P44_ST00130" HPOS="386" VPOS="814" WIDTH="107" HEIGHT="31" CONTENT="traced" WC="0.87" CC="520000"/>
						<SP ID="P44_SP00115" HPOS="493" VPOS="856" WIDTH="22"/>
						<String ID="P44_ST00131" HPOS="515" VPOS="814" WIDTH="43" HEIGHT="41" CONTENT="by" WC="1.00" CC="00"/>
						<SP ID="P44_SP00116" HPOS="558" VPOS="856" WIDTH="22"/>
						<String ID="P44_ST00132" HPOS="580" VPOS="825" WIDTH="73" HEIGHT="19" CONTENT="men" WC="0.76" CC="007"/>
						<SP ID="P44_SP00117" HPOS="653" VPOS="856" WIDTH="27"/>
						<String ID="P44_ST00133" HPOS="680" VPOS="813" WIDTH="35" HEIGHT="31" CONTENT="of" WC="1.00" CC="00"/>
						<SP ID="P44_SP00118" HPOS="715" VPOS="856" WIDTH="18"/>
						<String ID="P44_ST00134" HPOS="733" VPOS="814" WIDTH="209" HEIGHT="41" CONTENT="intelligence," WC="0.83" CC="0130020066100"/>
						<SP ID="P44_SP00119" HPOS="942" VPOS="856" WIDTH="25"/>
						<String ID="P44_ST00135" HPOS="967" VPOS="814" WIDTH="87" HEIGHT="30" CONTENT="there" WC="0.63" CC="57050"/>
					</TextLine>
					<TextLine ID="P44_TL00017" HPOS="112" VPOS="863" WIDTH="942" HEIGHT="42">
						<String ID="P44_ST00136" HPOS="112" VPOS="866" WIDTH="55" HEIGHT="29" CONTENT="has" WC="0.60" CC="704"/>
						<SP ID="P44_SP00120" HPOS="167" VPOS="895" WIDTH="25"/>
						<String ID="P44_ST00137" HPOS="192" VPOS="865" WIDTH="79" HEIGHT="30" CONTENT="been" WC="0.65" CC="5008"/>
						<SP ID="P44_SP00121" HPOS="271" VPOS="895" WIDTH="30"/>
						<String ID="P44_ST00138" HPOS="301" VPOS="876" WIDTH="39" HEIGHT="19" CONTENT="no" WC="1.00" CC="00"/>
						<SP ID="P44_SP00122" HPOS="340" VPOS="895" WIDTH="24"/>
						<String ID="P44_ST00139" HPOS="364" VPOS="865" WIDTH="69" HEIGHT="30" CONTENT="lack" WC="0.83" CC="1050"/>
						<SP ID="P44_SP00123" HPOS="433" VPOS="895" WIDTH="30"/>
						<String ID="P44_ST00140" HPOS="463" VPOS="864" WIDTH="35" HEIGHT="31" CONTENT="of" WC="1.00" CC="00"/>
						<SP ID="P44_SP00124" HPOS="498" VPOS="895" WIDTH="26"/>
						<String ID="P44_ST00141" HPOS="524" VPOS="875" WIDTH="115" HEIGHT="30" CONTENT="money" WC="1.00" CC="00000"/>
						<SP ID="P44_SP00125" HPOS="639" VPOS="905" WIDTH="25"/>
						<String ID="P44_ST00142" HPOS="664" VPOS="868" WIDTH="33" HEIGHT="26" CONTENT="to" WC="0.62" CC="34"/>
						<SP ID="P44_SP00126" HPOS="697" VPOS="905" WIDTH="31"/>
						<String ID="P44_ST00143" HPOS="728" VPOS="874" WIDTH="90" HEIGHT="30" CONTENT="carry" WC="0.77" CC="20260"/>
						<SP ID="P44_SP00127" HPOS="818" VPOS="905" WIDTH="25"/>
						<String ID="P44_ST00144" HPOS="843" VPOS="864" WIDTH="27" HEIGHT="30" CONTENT="it" WC="0.92" CC="10"/>
						<SP ID="P44_SP00128" HPOS="870" VPOS="905" WIDTH="30"/>
						<String ID="P44_ST00145" HPOS="900" VPOS="868" WIDTH="64" HEIGHT="33" CONTENT="out," WC="0.97" CC="0000"/>
						<SP ID="P44_SP00129" HPOS="964" VPOS="905" WIDTH="28"/>
						<String ID="P44_ST00146" HPOS="992" VPOS="863" WIDTH="62" HEIGHT="31" CONTENT="and" WC="0.57" CC="570"/>
					</TextLine>
					<TextLine ID="P44_TL00018" HPOS="113" VPOS="914" WIDTH="795" HEIGHT="41">
						<String ID="P44_ST00147" HPOS="113" VPOS="916" WIDTH="134" HEIGHT="39" CONTENT="nothing" WC="0.50" CC="5077670"/>
						<SP ID="P44_SP00130" HPOS="247" VPOS="955" WIDTH="15"/>
						<String ID="P44_ST00148" HPOS="262" VPOS="915" WIDTH="56" HEIGHT="30" CONTENT="has" WC="0.68" CC="602"/>
						<SP ID="P44_SP00131" HPOS="318" VPOS="955" WIDTH="16"/>
						<String ID="P44_ST00149" HPOS="334" VPOS="915" WIDTH="78" HEIGHT="30" CONTENT="been" WC="0.82" CC="0007"/>
						<SP ID="P44_SP00132" HPOS="412" VPOS="955" WIDTH="15"/>
						<String ID="P44_ST00150" HPOS="427" VPOS="914" WIDTH="163" HEIGHT="41" CONTENT="neglected" WC="0.91" CC="700000000"/>
						<SP ID="P44_SP00133" HPOS="590" VPOS="955" WIDTH="16"/>
						<String ID="P44_ST00151" HPOS="606" VPOS="919" WIDTH="32" HEIGHT="25" CONTENT="to" WC="1.00" CC="00"/>
						<SP ID="P44_SP00134" HPOS="638" VPOS="955" WIDTH="16"/>
						<String ID="P44_ST00152" HPOS="654" VPOS="924" WIDTH="110" HEIGHT="20" CONTENT="ensure" WC="0.85" CC="005200"/>
						<SP ID="P44_SP00135" HPOS="764" VPOS="955" WIDTH="17"/>
						<String ID="P44_ST00153" HPOS="781" VPOS="924" WIDTH="127" HEIGHT="20" CONTENT="success." WC="0.60" CC="66102660"/>
					</TextLine>
				</TextBlock>
				<TextBlock ID="P44_TB00004" HPOS="112" VPOS="963" WIDTH="953" HEIGHT="834" STYLEREFS="TXT_1 PAR_LEFT">
					<TextLine ID="P44_TL00019" HPOS="157" VPOS="963" WIDTH="900" HEIGHT="42">
						<String ID="P44_ST00154" HPOS="157" VPOS="966" WIDTH="61" HEIGHT="28" CONTENT="The" WC="0.68" CC="063"/>
						<SP ID="P44_SP00136" HPOS="218" VPOS="994" WIDTH="34"/>
						<String ID="P44_ST00155" HPOS="252" VPOS="965" WIDTH="187" HEIGHT="35" CONTENT="difficulties," WC="0.81" CC="0000026004233"/>
						<SP ID="P44_SP00137" HPOS="439" VPOS="1000" WIDTH="39"/>
						<String ID="P44_ST00156" HPOS="478" VPOS="964" WIDTH="221" HEIGHT="36" CONTENT="nevertheless," WC="0.79" CC="4060007000530"/>
						<SP ID="P44_SP00138" HPOS="699" VPOS="1000" WIDTH="40"/>
						<String ID="P44_ST00157" HPOS="739" VPOS="963" WIDTH="80" HEIGHT="31" CONTENT="have" WC="0.60" CC="7800"/>
						<SP ID="P44_SP00139" HPOS="819" VPOS="1000" WIDTH="39"/>
						<String ID="P44_ST00158" HPOS="858" VPOS="963" WIDTH="79" HEIGHT="31" CONTENT="been" WC="0.63" CC="7007"/>
						<SP ID="P44_SP00140" HPOS="937" VPOS="1000" WIDTH="41"/>
						<String ID="P44_ST00159" HPOS="978" VPOS="974" WIDTH="79" HEIGHT="31" CONTENT="very" WC="0.66" CC="5060"/>
					</TextLine>
					<TextLine ID="P44_TL00020" HPOS="113" VPOS="1013" WIDTH="941" HEIGHT="42">
						<String ID="P44_ST00160" HPOS="113" VPOS="1019" WIDTH="96" HEIGHT="36" CONTENT="great," WC="0.65" CC="072074"/>
						<SP ID="P44_SP00141" HPOS="209" VPOS="1055" WIDTH="19"/>
						<String ID="P44_ST00161" HPOS="228" VPOS="1015" WIDTH="53" HEIGHT="29" CONTENT="the" WC="0.62" CC="370"/>
						<SP ID="P44_SP00142" HPOS="281" VPOS="1055" WIDTH="15"/>
						<String ID="P44_ST00162" HPOS="296" VPOS="1014" WIDTH="69" HEIGHT="30" CONTENT="first" WC="0.78" CC="00046"/>
						<SP ID="P44_SP00143" HPOS="365" VPOS="1055" WIDTH="15"/>
						<String ID="P44_ST00163" HPOS="380" VPOS="1014" WIDTH="120" HEIGHT="41" CONTENT="having" WC="0.71" CC="640060"/>
						<SP ID="P44_SP00144" HPOS="500" VPOS="1055" WIDTH="14"/>
						<String ID="P44_ST00164" HPOS="514" VPOS="1014" WIDTH="80" HEIGHT="30" CONTENT="been" WC="0.63" CC="7007"/>
						<SP ID="P44_SP00145" HPOS="594" VPOS="1055" WIDTH="15"/>
						<String ID="P44_ST00165" HPOS="609" VPOS="1013" WIDTH="102" HEIGHT="31" CONTENT="raised" WC="0.77" CC="404400"/>
						<SP ID="P44_SP00146" HPOS="711" VPOS="1055" WIDTH="15"/>
						<String ID="P44_ST00166" HPOS="726" VPOS="1013" WIDTH="45" HEIGHT="41" CONTENT="by" WC="0.68" CC="60"/>
						<SP ID="P44_SP00147" HPOS="771" VPOS="1055" WIDTH="16"/>
						<String ID="P44_ST00167" HPOS="787" VPOS="1024" WIDTH="57" HEIGHT="20" CONTENT="our" WC="0.60" CC="136"/>
						<SP ID="P44_SP00148" HPOS="844" VPOS="1055" WIDTH="15"/>
						<String ID="P44_ST00168" HPOS="859" VPOS="1018" WIDTH="195" HEIGHT="36" CONTENT="representa" SUBS_TYPE="HypPart1" SUBS_CONTENT="representatives," WC="0.75" CC="30051307400"/>
						<HYP CONTENT="-"/>
					</TextLine>
					<TextLine ID="P44_TL00021" HPOS="113" VPOS="1063" WIDTH="943" HEIGHT="41">
						<String ID="P44_ST00169" HPOS="113" VPOS="1065" WIDTH="89" HEIGHT="35" CONTENT="tives," SUBS_TYPE="HypPart2" SUBS_CONTENT="representatives," WC="0.80" CC="010153"/>
						<SP ID="P44_SP00149" HPOS="202" VPOS="1100" WIDTH="29"/>
						<String ID="P44_ST00170" HPOS="231" VPOS="1063" WIDTH="62" HEIGHT="31" CONTENT="and" WC="0.82" CC="050"/>
						<SP ID="P44_SP00150" HPOS="293" VPOS="1100" WIDTH="21"/>
						<String ID="P44_ST00171" HPOS="314" VPOS="1064" WIDTH="42" HEIGHT="40" CONTENT="by" WC="1.00" CC="00"/>
						<SP ID="P44_SP00151" HPOS="356" VPOS="1104" WIDTH="25"/>
						<String ID="P44_ST00172" HPOS="381" VPOS="1075" WIDTH="57" HEIGHT="19" CONTENT="our" WC="0.56" CC="570"/>
						<SP ID="P44_SP00152" HPOS="438" VPOS="1104" WIDTH="26"/>
						<String ID="P44_ST00173" HPOS="464" VPOS="1064" WIDTH="251" HEIGHT="30" CONTENT="administrative" WC="0.71" CC="70007024606040"/>
						<SP ID="P44_SP00153" HPOS="715" VPOS="1104" WIDTH="32"/>
						<String ID="P44_ST00174" HPOS="747" VPOS="1068" WIDTH="120" HEIGHT="36" CONTENT="system" WC="0.71" CC="603600"/>
						<SP ID="P44_SP00154" HPOS="867" VPOS="1104" WIDTH="30"/>
						<String ID="P44_ST00175" HPOS="897" VPOS="1064" WIDTH="102" HEIGHT="30" CONTENT="which" WC="0.70" CC="07007"/>
						<SP ID="P44_SP00155" HPOS="999" VPOS="1104" WIDTH="31"/>
						<String ID="P44_ST00176" HPOS="1030" VPOS="1064" WIDTH="26" HEIGHT="29" CONTENT="is" WC="0.86" CC="02"/>
					</TextLine>
					<TextLine ID="P44_TL00022" HPOS="114" VPOS="1112" WIDTH="942" HEIGHT="42">
						<String ID="P44_ST00177" HPOS="114" VPOS="1113" WIDTH="115" HEIGHT="41" CONTENT="always" WC="0.78" CC="000507"/>
						<SP ID="P44_SP00156" HPOS="229" VPOS="1154" WIDTH="26"/>
						<String ID="P44_ST00178" HPOS="255" VPOS="1123" WIDTH="78" HEIGHT="30" CONTENT="very" WC="0.64" CC="7070"/>
						<SP ID="P44_SP00157" HPOS="333" VPOS="1154" WIDTH="29"/>
						<String ID="P44_ST00179" HPOS="362" VPOS="1113" WIDTH="74" HEIGHT="30" CONTENT="slow" WC="0.61" CC="5009"/>
						<SP ID="P44_SP00158" HPOS="436" VPOS="1154" WIDTH="24"/>
						<String ID="P44_ST00180" HPOS="460" VPOS="1112" WIDTH="32" HEIGHT="30" CONTENT="in" WC="0.63" CC="07"/>
						<SP ID="P44_SP00159" HPOS="492" VPOS="1154" WIDTH="24"/>
						<String ID="P44_ST00181" HPOS="516" VPOS="1113" WIDTH="199" HEIGHT="40" CONTENT="sanctioning" WC="0.58" CC="70100657268"/>
						<SP ID="P44_SP00160" HPOS="715" VPOS="1154" WIDTH="25"/>
						<String ID="P44_ST00182" HPOS="740" VPOS="1123" WIDTH="17" HEIGHT="19" CONTENT="a" WC="1.00" CC="0"/>
						<SP ID="P44_SP00161" HPOS="757" VPOS="1154" WIDTH="24"/>
						<String ID="P44_ST00183" HPOS="781" VPOS="1112" WIDTH="101" HEIGHT="31" CONTENT="sound" WC="0.49" CC="56660"/>
						<SP ID="P44_SP00162" HPOS="882" VPOS="1154" WIDTH="24"/>
						<String ID="P44_ST00184" HPOS="906" VPOS="1112" WIDTH="94" HEIGHT="31" CONTENT="affair." WC="0.91" CC="0000140"/>
						<SP ID="P44_SP00163" HPOS="1000" VPOS="1154" WIDTH="41"/>
						<String ID="P44_ST00185" HPOS="1041" VPOS="1113" WIDTH="15" HEIGHT="29" CONTENT="I" WC="1.00" CC="0"/>
					</TextLine>
					<TextLine ID="P44_TL00023" HPOS="114" VPOS="1162" WIDTH="942" HEIGHT="31">
						<String ID="P44_ST00186" HPOS="114" VPOS="1163" WIDTH="102" HEIGHT="30" CONTENT="would" WC="0.93" CC="00200"/>
						<SP ID="P44_SP00164" HPOS="216" VPOS="1193" WIDTH="23"/>
						<String ID="P44_ST00187" HPOS="239" VPOS="1162" WIDTH="57" HEIGHT="31" CONTENT="call" WC="0.87" CC="0500"/>
						<SP ID="P44_SP00165" HPOS="296" VPOS="1193" WIDTH="23"/>
						<String ID="P44_ST00188" HPOS="319" VPOS="1162" WIDTH="53" HEIGHT="30" CONTENT="the" WC="0.66" CC="072"/>
						<SP ID="P44_SP00166" HPOS="372" VPOS="1193" WIDTH="23"/>
						<String ID="P44_ST00189" HPOS="395" VPOS="1162" WIDTH="132" HEIGHT="30" CONTENT="reader's" WC="0.87" CC="30000007"/>
						<SP ID="P44_SP00167" HPOS="527" VPOS="1193" WIDTH="26"/>
						<String ID="P44_ST00190" HPOS="553" VPOS="1163" WIDTH="157" HEIGHT="30" CONTENT="attention" WC="0.64" CC="263076004"/>
						<SP ID="P44_SP00168" HPOS="710" VPOS="1193" WIDTH="22"/>
						<String ID="P44_ST00191" HPOS="732" VPOS="1166" WIDTH="33" HEIGHT="26" CONTENT="to" WC="0.47" CC="64"/>
						<SP ID="P44_SP00169" HPOS="765" VPOS="1193" WIDTH="23"/>
						<String ID="P44_ST00192" HPOS="788" VPOS="1162" WIDTH="55" HEIGHT="31" CONTENT="the" WC="0.75" CC="070"/>
						<SP ID="P44_SP00170" HPOS="843" VPOS="1193" WIDTH="28"/>
						<String ID="P44_ST00193" HPOS="871" VPOS="1162" WIDTH="88" HEIGHT="31" CONTENT="dates" WC="0.87" CC="00500"/>
						<SP ID="P44_SP00171" HPOS="959" VPOS="1193" WIDTH="15"/>
						<String ID="P44_ST00194" HPOS="974" VPOS="1174" WIDTH="5" HEIGHT="19" CONTENT=":" WC="1.00" CC="0"/>
						<SP ID="P44_SP00172" HPOS="979" VPOS="1193" WIDTH="23"/>
						<String ID="P44_ST00195" HPOS="1002" VPOS="1162" WIDTH="54" HEIGHT="31" CONTENT="the" WC="0.56" CC="570"/>
					</TextLine>
					<TextLine ID="P44_TL00024" HPOS="115" VPOS="1212" WIDTH="942" HEIGHT="31">
						<String ID="P44_ST00196" HPOS="115" VPOS="1214" WIDTH="69" HEIGHT="29" CONTENT="first" WC="0.86" CC="00060"/>
						<SP ID="P44_SP00173" HPOS="184" VPOS="1243" WIDTH="34"/>
						<String ID="P44_ST00197" HPOS="218" VPOS="1212" WIDTH="133" HEIGHT="31" CONTENT="demand" WC="0.81" CC="001360"/>
						<SP ID="P44_SP00174" HPOS="351" VPOS="1243" WIDTH="30"/>
						<String ID="P44_ST00198" HPOS="381" VPOS="1212" WIDTH="47" HEIGHT="30" CONTENT="for" WC="0.85" CC="004"/>
						<SP ID="P44_SP00175" HPOS="428" VPOS="1243" WIDTH="23"/>
						<String ID="P44_ST00199" HPOS="451" VPOS="1223" WIDTH="17" HEIGHT="19" CONTENT="a" WC="0.01" CC="9"/>
						<SP ID="P44_SP00176" HPOS="468" VPOS="1243" WIDTH="32"/>
						<String ID="P44_ST00200" HPOS="500" VPOS="1213" WIDTH="180" HEIGHT="30" CONTENT="concession" WC="0.68" CC="0160044427"/>
						<SP ID="P44_SP00177" HPOS="680" VPOS="1243" WIDTH="24"/>
						<String ID="P44_ST00201" HPOS="704" VPOS="1224" WIDTH="63" HEIGHT="19" CONTENT="was" WC="0.83" CC="004"/>
						<SP ID="P44_SP00178" HPOS="767" VPOS="1243" WIDTH="25"/>
						<String ID="P44_ST00202" HPOS="792" VPOS="1218" WIDTH="72" HEIGHT="25" CONTENT="sent" WC="0.57" CC="3066"/>
						<SP ID="P44_SP00179" HPOS="864" VPOS="1243" WIDTH="30"/>
						<String ID="P44_ST00203" HPOS="894" VPOS="1214" WIDTH="33" HEIGHT="29" CONTENT="in" WC="0.54" CC="17"/>
						<SP ID="P44_SP00180" HPOS="927" VPOS="1243" WIDTH="20"/>
						<String ID="P44_ST00204" HPOS="947" VPOS="1218" WIDTH="33" HEIGHT="25" CONTENT="to" WC="0.56" CC="62"/>
						<SP ID="P44_SP00181" HPOS="980" VPOS="1243" WIDTH="23"/>
						<String ID="P44_ST00205" HPOS="1003" VPOS="1214" WIDTH="54" HEIGHT="29" CONTENT="the" WC="0.53" CC="670"/>
					</TextLine>
					<TextLine ID="P44_TL00025" HPOS="116" VPOS="1262" WIDTH="942" HEIGHT="41">
						<String ID="P44_ST00206" HPOS="116" VPOS="1262" WIDTH="251" HEIGHT="31" CONTENT="administration" WC="0.67" CC="80057044005054"/>
						<SP ID="P44_SP00182" HPOS="367" VPOS="1293" WIDTH="33"/>
						<String ID="P44_ST00207" HPOS="400" VPOS="1262" WIDTH="34" HEIGHT="29" CONTENT="in" WC="0.44" CC="46"/>
						<SP ID="P44_SP00183" HPOS="434" VPOS="1293" WIDTH="41"/>
						<String ID="P44_ST00208" HPOS="475" VPOS="1265" WIDTH="90" HEIGHT="31" CONTENT="1881," WC="1.00" CC="00000"/>
						<SP ID="P44_SP00184" HPOS="565" VPOS="1296" WIDTH="40"/>
						<String ID="P44_ST00209" HPOS="605" VPOS="1262" WIDTH="59" HEIGHT="30" CONTENT="but" WC="0.58" CC="750"/>
						<SP ID="P44_SP00185" HPOS="664" VPOS="1296" WIDTH="36"/>
						<String ID="P44_ST00210" HPOS="700" VPOS="1263" WIDTH="26" HEIGHT="29" CONTENT="it" WC="0.97" CC="00"/>
						<SP ID="P44_SP00186" HPOS="726" VPOS="1296" WIDTH="30"/>
						<String ID="P44_ST00211" HPOS="756" VPOS="1274" WIDTH="62" HEIGHT="19" CONTENT="was" WC="0.84" CC="004"/>
						<SP ID="P44_SP00187" HPOS="818" VPOS="1296" WIDTH="37"/>
						<String ID="P44_ST00212" HPOS="855" VPOS="1268" WIDTH="56" HEIGHT="25" CONTENT="not" WC="0.79" CC="600"/>
						<SP ID="P44_SP00188" HPOS="911" VPOS="1296" WIDTH="38"/>
						<String ID="P44_ST00213" HPOS="949" VPOS="1263" WIDTH="109" HEIGHT="40" CONTENT="finally" WC="0.89" CC="0006000"/>
					</TextLine>
					<TextLine ID="P44_TL00026" HPOS="116" VPOS="1311" WIDTH="942" HEIGHT="42">
						<String ID="P44_ST00214" HPOS="116" VPOS="1312" WIDTH="134" HEIGHT="41" CONTENT="granted" WC="0.82" CC="0006600"/>
						<SP ID="P44_SP00189" HPOS="250" VPOS="1353" WIDTH="23"/>
						<String ID="P44_ST00215" HPOS="273" VPOS="1311" WIDTH="82" HEIGHT="30" CONTENT="until" WC="0.68" CC="58020"/>
						<SP ID="P44_SP00190" HPOS="355" VPOS="1353" WIDTH="23"/>
						<String ID="P44_ST00216" HPOS="378" VPOS="1315" WIDTH="91" HEIGHT="26" CONTENT="1888." WC="0.98" CC="00010"/>
						<SP ID="P44_SP00191" HPOS="469" VPOS="1353" WIDTH="48"/>
						<String ID="P44_ST00217" HPOS="517" VPOS="1311" WIDTH="165" HEIGHT="42" CONTENT="Although" WC="0.73" CC="00070706"/>
						<SP ID="P44_SP00192" HPOS="682" VPOS="1353" WIDTH="17"/>
						<String ID="P44_ST00218" HPOS="699" VPOS="1312" WIDTH="55" HEIGHT="30" CONTENT="the" WC="0.75" CC="070"/>
						<SP ID="P44_SP00193" HPOS="754" VPOS="1353" WIDTH="17"/>
						<String ID="P44_ST00219" HPOS="771" VPOS="1312" WIDTH="187" HEIGHT="41" CONTENT="Hong-Hay" WC="0.61" CC="61800580"/>
						<SP ID="P44_SP00194" HPOS="958" VPOS="1353" WIDTH="19"/>
						<String ID="P44_ST00220" HPOS="977" VPOS="1313" WIDTH="81" HEIGHT="29" CONTENT="coal" SUBS_TYPE="HypPart1" SUBS_CONTENT="coalfields" WC="1.00" CC="00000"/>
						<HYP CONTENT="-"/>
					</TextLine>
					<TextLine ID="P44_TL00027" HPOS="116" VPOS="1360" WIDTH="941" HEIGHT="32">
						<String ID="P44_ST00221" HPOS="116" VPOS="1361" WIDTH="90" HEIGHT="31" CONTENT="fields" SUBS_TYPE="HypPart2" SUBS_CONTENT="coalfields" WC="0.87" CC="330000"/>
						<SP ID="P44_SP00195" HPOS="206" VPOS="1392" WIDTH="28"/>
						<String ID="P44_ST00222" HPOS="234" VPOS="1361" WIDTH="62" HEIGHT="30" CONTENT="had" WC="0.75" CC="700"/>
						<SP ID="P44_SP00196" HPOS="296" VPOS="1392" WIDTH="27"/>
						<String ID="P44_ST00223" HPOS="323" VPOS="1361" WIDTH="78" HEIGHT="30" CONTENT="been" WC="0.61" CC="7007"/>
						<SP ID="P44_SP00197" HPOS="401" VPOS="1392" WIDTH="27"/>
						<String ID="P44_ST00224" HPOS="428" VPOS="1360" WIDTH="107" HEIGHT="31" CONTENT="talked" WC="0.93" CC="400000"/>
						<SP ID="P44_SP00198" HPOS="535" VPOS="1392" WIDTH="31"/>
						<String ID="P44_ST00225" HPOS="566" VPOS="1360" WIDTH="96" HEIGHT="31" CONTENT="about" WC="0.69" CC="07160"/>
						<SP ID="P44_SP00199" HPOS="662" VPOS="1392" WIDTH="31"/>
						<String ID="P44_ST00226" HPOS="693" VPOS="1362" WIDTH="48" HEIGHT="29" CONTENT="for" WC="0.96" CC="010"/>
						<SP ID="P44_SP00200" HPOS="741" VPOS="1392" WIDTH="29"/>
						<String ID="P44_ST00227" HPOS="770" VPOS="1362" WIDTH="55" HEIGHT="30" CONTENT="the" WC="0.77" CC="060"/>
						<SP ID="P44_SP00201" HPOS="825" VPOS="1392" WIDTH="31"/>
						<String ID="P44_ST00228" HPOS="856" VPOS="1363" WIDTH="62" HEIGHT="29" CONTENT="last" WC="0.58" CC="0474"/>
						<SP ID="P44_SP00202" HPOS="918" VPOS="1392" WIDTH="30"/>
						<String ID="P44_ST00229" HPOS="948" VPOS="1362" WIDTH="109" HEIGHT="30" CONTENT="fifteen" WC="0.91" CC="0000006"/>
					</TextLine>
					<TextLine ID="P44_TL00028" HPOS="117" VPOS="1410" WIDTH="942" HEIGHT="41">
						<String ID="P44_ST00230" HPOS="117" VPOS="1422" WIDTH="98" HEIGHT="29" CONTENT="years," WC="0.80" CC="000360"/>
						<SP ID="P44_SP00203" HPOS="215" VPOS="1451" WIDTH="32"/>
						<String ID="P44_ST00231" HPOS="247" VPOS="1411" WIDTH="77" HEIGHT="39" CONTENT="they" WC="0.64" CC="6700"/>
						<SP ID="P44_SP00204" HPOS="324" VPOS="1451" WIDTH="34"/>
						<String ID="P44_ST00232" HPOS="358" VPOS="1421" WIDTH="79" HEIGHT="19" CONTENT="were" WC="0.96" CC="0010"/>
						<SP ID="P44_SP00205" HPOS="437" VPOS="1451" WIDTH="30"/>
						<String ID="P44_ST00233" HPOS="467" VPOS="1410" WIDTH="116" HEIGHT="31" CONTENT="visited" WC="0.68" CC="5450500"/>
						<SP ID="P44_SP00206" HPOS="583" VPOS="1451" WIDTH="26"/>
						<String ID="P44_ST00234" HPOS="609" VPOS="1410" WIDTH="49" HEIGHT="31" CONTENT="for" WC="0.98" CC="000"/>
						<SP ID="P44_SP00207" HPOS="658" VPOS="1451" WIDTH="25"/>
						<String ID="P44_ST00235" HPOS="683" VPOS="1411" WIDTH="54" HEIGHT="30" CONTENT="the" WC="0.48" CC="870"/>
						<SP ID="P44_SP00208" HPOS="737" VPOS="1451" WIDTH="23"/>
						<String ID="P44_ST00236" HPOS="760" VPOS="1410" WIDTH="70" HEIGHT="31" CONTENT="first" WC="0.78" CC="00064"/>
						<SP ID="P44_SP00209" HPOS="830" VPOS="1451" WIDTH="24"/>
						<String ID="P44_ST00237" HPOS="854" VPOS="1412" WIDTH="77" HEIGHT="30" CONTENT="time" WC="0.91" CC="0300"/>
						<SP ID="P44_SP00210" HPOS="931" VPOS="1451" WIDTH="25"/>
						<String ID="P44_ST00238" HPOS="956" VPOS="1413" WIDTH="33" HEIGHT="29" CONTENT="in" WC="0.47" CC="37"/>
						<SP ID="P44_SP00211" HPOS="989" VPOS="1451" WIDTH="16"/>
						<String ID="P44_ST00239" HPOS="1005" VPOS="1412" WIDTH="54" HEIGHT="30" CONTENT="the" WC="0.75" CC="070"/>
					</TextLine>
					<TextLine ID="P44_TL00029" HPOS="119" VPOS="1460" WIDTH="940" HEIGHT="41">
						<String ID="P44_ST00240" HPOS="119" VPOS="1461" WIDTH="106" HEIGHT="40" CONTENT="spring" WC="0.76" CC="503040"/>
						<SP ID="P44_SP00212" HPOS="225" VPOS="1501" WIDTH="34"/>
						<String ID="P44_ST00241" HPOS="259" VPOS="1460" WIDTH="33" HEIGHT="30" CONTENT="of" WC="1.00" CC="00"/>
						<SP ID="P44_SP00213" HPOS="292" VPOS="1501" WIDTH="48"/>
						<String ID="P44_ST00242" HPOS="340" VPOS="1464" WIDTH="78" HEIGHT="27" CONTENT="1881" WC="0.93" CC="2000"/>
						<SP ID="P44_SP00214" HPOS="418" VPOS="1501" WIDTH="41"/>
						<String ID="P44_ST00243" HPOS="459" VPOS="1460" WIDTH="42" HEIGHT="40" CONTENT="by" WC="0.64" CC="70"/>
						<SP ID="P44_SP00215" HPOS="501" VPOS="1501" WIDTH="39"/>
						<String ID="P44_ST00244" HPOS="540" VPOS="1460" WIDTH="42" HEIGHT="30" CONTENT="M." WC="1.00" CC="00"/>
						<SP ID="P44_SP00216" HPOS="582" VPOS="1501" WIDTH="33"/>
						<String ID="P44_ST00245" HPOS="615" VPOS="1460" WIDTH="127" HEIGHT="30" CONTENT="Mourin" WC="0.66" CC="004536"/>
						<SP ID="P44_SP00217" HPOS="742" VPOS="1501" WIDTH="39"/>
						<String ID="P44_ST00246" HPOS="781" VPOS="1461" WIDTH="192" HEIGHT="37" CONTENT="d'Arfeuille," WC="0.83" CC="049000401000"/>
						<SP ID="P44_SP00218" HPOS="973" VPOS="1501" WIDTH="32"/>
						<String ID="P44_ST00247" HPOS="1005" VPOS="1462" WIDTH="54" HEIGHT="30" CONTENT="the" WC="0.77" CC="060"/>
					</TextLine>
					<TextLine ID="P44_TL00030" HPOS="119" VPOS="1509" WIDTH="943" HEIGHT="43">
						<String ID="P44_ST00248" HPOS="119" VPOS="1515" WIDTH="178" HEIGHT="35" CONTENT="temporary" WC="0.77" CC="000025750"/>
						<SP ID="P44_SP00219" HPOS="297" VPOS="1550" WIDTH="25"/>
						<String ID="P44_ST00249" HPOS="322" VPOS="1509" WIDTH="107" HEIGHT="30" CONTENT="consul" WC="0.88" CC="005001"/>
						<SP ID="P44_SP00220" HPOS="429" VPOS="1550" WIDTH="21"/>
						<String ID="P44_ST00250" HPOS="450" VPOS="1509" WIDTH="35" HEIGHT="31" CONTENT="of" WC="0.82" CC="03"/>
						<SP ID="P44_SP00221" HPOS="485" VPOS="1550" WIDTH="27"/>
						<String ID="P44_ST00251" HPOS="512" VPOS="1509" WIDTH="118" HEIGHT="31" CONTENT="France" WC="0.67" CC="690300"/>
						<SP ID="P44_SP00222" HPOS="630" VPOS="1550" WIDTH="24"/>
						<String ID="P44_ST00252" HPOS="654" VPOS="1515" WIDTH="34" HEIGHT="25" CONTENT="at" WC="1.00" CC="00"/>
						<SP ID="P44_SP00223" HPOS="688" VPOS="1550" WIDTH="25"/>
						<String ID="P44_ST00253" HPOS="713" VPOS="1510" WIDTH="181" HEIGHT="42" CONTENT="Haiphong," WC="0.78" CC="300070800"/>
						<SP ID="P44_SP00224" HPOS="894" VPOS="1552" WIDTH="27"/>
						<String ID="P44_ST00254" HPOS="921" VPOS="1512" WIDTH="70" HEIGHT="36" CONTENT="and," WC="0.73" CC="0703"/>
						<SP ID="P44_SP00225" HPOS="991" VPOS="1552" WIDTH="27"/>
						<String ID="P44_ST00255" HPOS="1018" VPOS="1512" WIDTH="44" HEIGHT="40" CONTENT="by" WC="0.86" CC="20"/>
					</TextLine>
					<TextLine ID="P44_TL00031" HPOS="120" VPOS="1558" WIDTH="941" HEIGHT="44">
						<String ID="P44_ST00256" HPOS="120" VPOS="1563" WIDTH="218" HEIGHT="37" CONTENT="arrangement" WC="0.81" CC="07007000060"/>
						<SP ID="P44_SP00226" HPOS="338" VPOS="1600" WIDTH="14"/>
						<String ID="P44_ST00257" HPOS="352" VPOS="1558" WIDTH="77" HEIGHT="30" CONTENT="with" WC="0.71" CC="0046"/>
						<SP ID="P44_SP00227" HPOS="429" VPOS="1600" WIDTH="17"/>
						<String ID="P44_ST00258" HPOS="446" VPOS="1558" WIDTH="75" HEIGHT="36" CONTENT="him," WC="0.61" CC="7403"/>
						<SP ID="P44_SP00228" HPOS="521" VPOS="1600" WIDTH="18"/>
						<String ID="P44_ST00259" HPOS="539" VPOS="1559" WIDTH="40" HEIGHT="30" CONTENT="M." WC="1.00" CC="00"/>
						<SP ID="P44_SP00229" HPOS="579" VPOS="1600" WIDTH="20"/>
						<String ID="P44_ST00260" HPOS="599" VPOS="1559" WIDTH="154" HEIGHT="37" CONTENT="Blustein," WC="0.61" CC="606543070"/>
						<SP ID="P44_SP00230" HPOS="753" VPOS="1600" WIDTH="25"/>
						<String ID="P44_ST00261" HPOS="778" VPOS="1571" WIDTH="148" HEIGHT="31" CONTENT="manager" WC="0.83" CC="0050005"/>
						<SP ID="P44_SP00231" HPOS="926" VPOS="1602" WIDTH="23"/>
						<String ID="P44_ST00262" HPOS="949" VPOS="1562" WIDTH="34" HEIGHT="29" CONTENT="of" WC="0.85" CC="02"/>
						<SP ID="P44_SP00232" HPOS="983" VPOS="1602" WIDTH="24"/>
						<String ID="P44_ST00263" HPOS="1007" VPOS="1562" WIDTH="54" HEIGHT="29" CONTENT="the" WC="0.66" CC="540"/>
					</TextLine>
					<TextLine ID="P44_TL00032" HPOS="121" VPOS="1609" WIDTH="944" HEIGHT="40">
						<String ID="P44_ST00264" HPOS="121" VPOS="1609" WIDTH="113" HEIGHT="40" CONTENT="Saigon" WC="0.79" CC="600005"/>
						<SP ID="P44_SP00233" HPOS="234" VPOS="1649" WIDTH="37"/>
						<String ID="P44_ST00265" HPOS="271" VPOS="1613" WIDTH="290" HEIGHT="35" CONTENT="steam-tramways," WC="0.76" CC="630900050000054"/>
						<SP ID="P44_SP00234" HPOS="561" VPOS="1649" WIDTH="32"/>
						<String ID="P44_ST00266" HPOS="593" VPOS="1613" WIDTH="70" HEIGHT="25" CONTENT="sent" WC="0.82" CC="0070"/>
						<SP ID="P44_SP00235" HPOS="663" VPOS="1649" WIDTH="37"/>
						<String ID="P44_ST00267" HPOS="700" VPOS="1610" WIDTH="42" HEIGHT="36" CONTENT="in," WC="0.59" CC="470"/>
						<SP ID="P44_SP00236" HPOS="742" VPOS="1649" WIDTH="32"/>
						<String ID="P44_ST00268" HPOS="774" VPOS="1620" WIDTH="40" HEIGHT="20" CONTENT="on" WC="0.42" CC="38"/>
						<SP ID="P44_SP00237" HPOS="814" VPOS="1649" WIDTH="38"/>
						<String ID="P44_ST00269" HPOS="852" VPOS="1611" WIDTH="52" HEIGHT="29" CONTENT="the" WC="0.75" CC="070"/>
						<SP ID="P44_SP00238" HPOS="904" VPOS="1649" WIDTH="34"/>
						<String ID="P44_ST00270" HPOS="938" VPOS="1612" WIDTH="57" HEIGHT="28" CONTENT="9th" WC="0.76" CC="007"/>
						<SP ID="P44_SP00239" HPOS="995" VPOS="1649" WIDTH="36"/>
						<String ID="P44_ST00271" HPOS="1031" VPOS="1611" WIDTH="34" HEIGHT="30" CONTENT="of" WC="1.00" CC="00"/>
					</TextLine>
					<TextLine ID="P44_TL00033" HPOS="121" VPOS="1657" WIDTH="938" HEIGHT="41">
						<String ID="P44_ST00272" HPOS="121" VPOS="1657" WIDTH="188" HEIGHT="41" CONTENT="September," WC="0.81" CC="9300005000"/>
						<SP ID="P44_SP00240" HPOS="309" VPOS="1698" WIDTH="19"/>
						<String ID="P44_ST00273" HPOS="328" VPOS="1668" WIDTH="17" HEIGHT="19" CONTENT="a" WC="1.00" CC="0"/>
						<SP ID="P44_SP00241" HPOS="345" VPOS="1698" WIDTH="16"/>
						<String ID="P44_ST00274" HPOS="361" VPOS="1657" WIDTH="136" HEIGHT="31" CONTENT="demand" WC="0.88" CC="000070"/>
						<SP ID="P44_SP00242" HPOS="497" VPOS="1698" WIDTH="24"/>
						<String ID="P44_ST00275" HPOS="521" VPOS="1657" WIDTH="47" HEIGHT="31" CONTENT="for" WC="0.65" CC="054"/>
						<SP ID="P44_SP00243" HPOS="568" VPOS="1698" WIDTH="24"/>
						<String ID="P44_ST00276" HPOS="592" VPOS="1669" WIDTH="18" HEIGHT="18" CONTENT="a" WC="1.00" CC="0"/>
						<SP ID="P44_SP00244" HPOS="610" VPOS="1698" WIDTH="24"/>
						<String ID="P44_ST00277" HPOS="634" VPOS="1660" WIDTH="179" HEIGHT="29" CONTENT="concession" WC="0.75" CC="3062053300"/>
						<SP ID="P44_SP00245" HPOS="813" VPOS="1698" WIDTH="29"/>
						<String ID="P44_ST00278" HPOS="842" VPOS="1660" WIDTH="33" HEIGHT="30" CONTENT="of" WC="0.30" CC="57"/>
						<SP ID="P44_SP00246" HPOS="875" VPOS="1698" WIDTH="22"/>
						<String ID="P44_ST00279" HPOS="897" VPOS="1661" WIDTH="54" HEIGHT="29" CONTENT="the" WC="0.58" CC="560"/>
						<SP ID="P44_SP00247" HPOS="951" VPOS="1698" WIDTH="28"/>
						<String ID="P44_ST00280" HPOS="979" VPOS="1662" WIDTH="80" HEIGHT="29" CONTENT="coal" SUBS_TYPE="HypPart1" SUBS_CONTENT="coalfields" WC="0.94" CC="00020"/>
						<HYP CONTENT="-"/>
					</TextLine>
					<TextLine ID="P44_TL00034" HPOS="120" VPOS="1707" WIDTH="943" HEIGHT="42">
						<String ID="P44_ST00281" HPOS="120" VPOS="1707" WIDTH="90" HEIGHT="30" CONTENT="fields" SUBS_TYPE="HypPart2" SUBS_CONTENT="coalfields" WC="0.68" CC="007506"/>
						<SP ID="P44_SP00248" HPOS="210" VPOS="1737" WIDTH="21"/>
						<String ID="P44_ST00282" HPOS="231" VPOS="1707" WIDTH="32" HEIGHT="29" CONTENT="in" WC="0.38" CC="56"/>
						<SP ID="P44_SP00249" HPOS="263" VPOS="1737" WIDTH="16"/>
						<String ID="P44_ST00283" HPOS="279" VPOS="1707" WIDTH="52" HEIGHT="30" CONTENT="the" WC="0.52" CC="670"/>
						<SP ID="P44_SP00250" HPOS="331" VPOS="1737" WIDTH="25"/>
						<String ID="P44_ST00284" HPOS="356" VPOS="1707" WIDTH="146" HEIGHT="40" CONTENT="province" WC="0.70" CC="07071800"/>
						<SP ID="P44_SP00251" HPOS="502" VPOS="1747" WIDTH="25"/>
						<String ID="P44_ST00285" HPOS="527" VPOS="1707" WIDTH="34" HEIGHT="29" CONTENT="of" WC="0.88" CC="02"/>
						<SP ID="P44_SP00252" HPOS="561" VPOS="1747" WIDTH="28"/>
						<String ID="P44_ST00286" HPOS="589" VPOS="1707" WIDTH="205" HEIGHT="42" CONTENT="Quang-Yen," WC="0.67" CC="0647042070"/>
						<SP ID="P44_SP00253" HPOS="794" VPOS="1749" WIDTH="27"/>
						<String ID="P44_ST00287" HPOS="821" VPOS="1713" WIDTH="33" HEIGHT="26" CONTENT="to" WC="0.48" CC="45"/>
						<SP ID="P44_SP00254" HPOS="854" VPOS="1749" WIDTH="16"/>
						<String ID="P44_ST00288" HPOS="870" VPOS="1710" WIDTH="55" HEIGHT="30" CONTENT="the" WC="0.57" CC="470"/>
						<SP ID="P44_SP00255" HPOS="925" VPOS="1749" WIDTH="16"/>
						<String ID="P44_ST00289" HPOS="941" VPOS="1711" WIDTH="122" HEIGHT="29" CONTENT="son-in" SUBS_TYPE="HypPart1" SUBS_CONTENT="son-inlaw" WC="0.76" CC="4070004"/>
						<HYP CONTENT="-"/>
					</TextLine>
					<TextLine ID="P44_TL00035" HPOS="120" VPOS="1756" WIDTH="945" HEIGHT="41">
						<String ID="P44_ST00290" HPOS="120" VPOS="1757" WIDTH="59" HEIGHT="29" CONTENT="law" SUBS_TYPE="HypPart2" SUBS_CONTENT="son-inlaw" WC="0.59" CC="390"/>
						<SP ID="P44_SP00256" HPOS="179" VPOS="1786" WIDTH="30"/>
						<String ID="P44_ST00291" HPOS="209" VPOS="1756" WIDTH="34" HEIGHT="30" CONTENT="of" WC="1.00" CC="00"/>
						<SP ID="P44_SP00257" HPOS="243" VPOS="1786" WIDTH="28"/>
						<String ID="P44_ST00292" HPOS="271" VPOS="1756" WIDTH="228" HEIGHT="41" CONTENT="Duong-Hing," WC="0.67" CC="45280033800"/>
						<SP ID="P44_SP00258" HPOS="499" VPOS="1797" WIDTH="34"/>
						<String ID="P44_ST00293" HPOS="533" VPOS="1762" WIDTH="33" HEIGHT="24" CONTENT="at" WC="1.00" CC="00"/>
						<SP ID="P44_SP00259" HPOS="566" VPOS="1797" WIDTH="29"/>
						<String ID="P44_ST00294" HPOS="595" VPOS="1757" WIDTH="54" HEIGHT="30" CONTENT="the" WC="0.60" CC="470"/>
						<SP ID="P44_SP00260" HPOS="649" VPOS="1797" WIDTH="26"/>
						<String ID="P44_ST00295" HPOS="675" VPOS="1758" WIDTH="86" HEIGHT="39" CONTENT="place" WC="1.00" CC="00000"/>
						<SP ID="P44_SP00261" HPOS="761" VPOS="1797" WIDTH="32"/>
						<String ID="P44_ST00296" HPOS="793" VPOS="1759" WIDTH="99" HEIGHT="30" CONTENT="called" WC="0.96" CC="002000"/>
						<SP ID="P44_SP00262" HPOS="892" VPOS="1797" WIDTH="30"/>
						<String ID="P44_ST00297" HPOS="922" VPOS="1760" WIDTH="143" HEIGHT="31" CONTENT="Ha-lam." WC="0.75" CC="5004007"/>
					</TextLine>
				</TextBlock>
			</PrintSpace>
		</Page>
	</Layout>
</alto>
