<?xml version="1.0" encoding="UTF-8"?>
<alto xmlns:xsi="http://www.w3.org/2001/XMLSchema-instance" xsi:noNamespaceSchemaLocation="http://www.bl.uk/schemas/alto/alto-1-4.xsd" xmlns:xlink="http://www.w3.org/1999/xlink">
	<Description>
		<MeasurementUnit>mm10</MeasurementUnit>
		<sourceImageInformation>
			<fileName>//head1/IN/2008-10/A0011314642/000418.jp2</fileName>
		</sourceImageInformation>
		<OCRProcessing ID="OCRPROCESSING_1">
			<preProcessingStep>
				<processingSoftware>
					<softwareCreator>CCS Content Conversion Specialists GmbH, Germany</softwareCreator>
					<softwareName>CCS docWORKS</softwareName>
					<softwareVersion>6.1-0.67</softwareVersion>
				</processingSoftware>
			</preProcessingStep>
			<ocrProcessingStep>
				<processingSoftware>
					<softwareCreator>ABBYY (BIT Software), Russia</softwareCreator>
					<softwareName>Finereader</softwareName>
				</processingSoftware>
			</ocrProcessingStep>
		</OCRProcessing>
	</Description>
	<Styles>
		<TextStyle ID="TXT_0" FONTSIZE="10" FONTFAMILY="Courier New"/>
		<TextStyle ID="TXT_1" FONTSIZE="9" FONTFAMILY="Courier New"/>
		<ParagraphStyle ID="PAR_CENTER" ALIGN="Center"/>
		<ParagraphStyle ID="PAR_LEFT" ALIGN="Left"/>
	</Styles>
	<Layout>
		<Page ID="P310" PHYSICAL_IMG_NR="310" HEIGHT="1940" WIDTH="1138" PRINTED_IMG_NR="294" POSITION="Left" ACCURACY="71.19">
			<TopMargin ID="P310_TM00001" HPOS="0" VPOS="0" WIDTH="1137" HEIGHT="117">
				<TextBlock ID="P310_TB00001" HPOS="432" VPOS="74" WIDTH="290" HEIGHT="32" STYLEREFS="TXT_0 PAR_CENTER">
					<TextLine ID="P310_TL00001" HPOS="433" VPOS="75" WIDTH="289" HEIGHT="31">
						<String ID="P310_ST00001" HPOS="433" VPOS="77" WIDTH="143" HEIGHT="29" CONTENT="Around" WC="0.71" CC="000880"/>
						<SP ID="P310_SP00001" HPOS="576" VPOS="106" WIDTH="25"/>
						<String ID="P310_ST00002" HPOS="601" VPOS="75" WIDTH="121" HEIGHT="30" CONTENT="Tonkin" WC="0.48" CC="008768"/>
					</TextLine>
				</TextBlock>
				<TextBlock ID="P310_TB00002" HPOS="115" VPOS="88" WIDTH="58" HEIGHT="27" STYLEREFS="TXT_0 PAR_LEFT">
					<TextLine ID="P310_TL00002" HPOS="115" VPOS="88" WIDTH="58" HEIGHT="27">
						<String ID="P310_ST00003" HPOS="115" VPOS="88" WIDTH="58" HEIGHT="27" CONTENT="294" WC="1.00" CC="000"/>
					</TextLine>
				</TextBlock>
			</TopMargin>
			<LeftMargin ID="P310_LM00001" HPOS="0" VPOS="117" WIDTH="108" HEIGHT="1675"/>
			<RightMargin ID="P310_RM00001" HPOS="1060" VPOS="117" WIDTH="77" HEIGHT="1675"/>
			<BottomMargin ID="P310_BM00001" HPOS="0" VPOS="1792" WIDTH="1137" HEIGHT="147"/>
			<PrintSpace ID="P310_PS00001" HPOS="108" VPOS="117" WIDTH="952" HEIGHT="1675">
				<TextBlock ID="P310_TB00003" HPOS="110" VPOS="156" WIDTH="945" HEIGHT="386" STYLEREFS="TXT_1 PAR_LEFT">
					<TextLine ID="P310_TL00003" HPOS="111" VPOS="157" WIDTH="944" HEIGHT="48">
						<String ID="P310_ST00004" HPOS="111" VPOS="166" WIDTH="61" HEIGHT="30" CONTENT="had" WC="0.75" CC="700"/>
						<SP ID="P310_SP00002" HPOS="172" VPOS="196" WIDTH="16"/>
						<String ID="P310_ST00005" HPOS="188" VPOS="170" WIDTH="32" HEIGHT="26" CONTENT="at" WC="0.67" CC="06"/>
						<SP ID="P310_SP00003" HPOS="220" VPOS="196" WIDTH="17"/>
						<String ID="P310_ST00006" HPOS="237" VPOS="176" WIDTH="56" HEIGHT="20" CONTENT="one" WC="0.71" CC="160"/>
						<SP ID="P310_SP00004" HPOS="293" VPOS="196" WIDTH="16"/>
						<String ID="P310_ST00007" HPOS="309" VPOS="165" WIDTH="76" HEIGHT="30" CONTENT="time" WC="0.49" CC="7390"/>
						<SP ID="P310_SP00005" HPOS="385" VPOS="196" WIDTH="16"/>
						<String ID="P310_ST00008" HPOS="401" VPOS="164" WIDTH="102" HEIGHT="41" CONTENT="hoped" WC="0.74" CC="71004"/>
						<SP ID="P310_SP00006" HPOS="503" VPOS="205" WIDTH="15"/>
						<String ID="P310_ST00009" HPOS="518" VPOS="168" WIDTH="33" HEIGHT="25" CONTENT="to" WC="0.65" CC="60"/>
						<SP ID="P310_SP00007" HPOS="551" VPOS="205" WIDTH="13"/>
						<String ID="P310_ST00010" HPOS="564" VPOS="162" WIDTH="37" HEIGHT="30" CONTENT="be" WC="1.00" CC="00"/>
						<SP ID="P310_SP00008" HPOS="601" VPOS="205" WIDTH="15"/>
						<String ID="P310_ST00011" HPOS="616" VPOS="159" WIDTH="118" HEIGHT="32" CONTENT="backed" WC="0.76" CC="700330"/>
						<SP ID="P310_SP00009" HPOS="734" VPOS="205" WIDTH="24"/>
						<String ID="P310_ST00012" HPOS="758" VPOS="168" WIDTH="42" HEIGHT="29" CONTENT="up" WC="0.74" CC="50"/>
						<SP ID="P310_SP00010" HPOS="800" VPOS="205" WIDTH="26"/>
						<String ID="P310_ST00013" HPOS="826" VPOS="157" WIDTH="41" HEIGHT="40" CONTENT="by" WC="0.66" CC="60"/>
						<SP ID="P310_SP00011" HPOS="867" VPOS="205" WIDTH="17"/>
						<String ID="P310_ST00014" HPOS="884" VPOS="165" WIDTH="56" HEIGHT="20" CONTENT="our" WC="0.65" CC="063"/>
						<SP ID="P310_SP00012" HPOS="940" VPOS="205" WIDTH="23"/>
						<String ID="P310_ST00015" HPOS="963" VPOS="163" WIDTH="92" HEIGHT="25" CONTENT="arms," WC="0.67" CC="05064"/>
					</TextLine>
					<TextLine ID="P310_TL00004" HPOS="110" VPOS="203" WIDTH="945" HEIGHT="52">
						<String ID="P310_ST00016" HPOS="110" VPOS="215" WIDTH="129" HEIGHT="31" CONTENT="foresaw" WC="0.87" CC="0020600"/>
						<SP ID="P310_SP00013" HPOS="239" VPOS="246" WIDTH="16"/>
						<String ID="P310_ST00017" HPOS="255" VPOS="215" WIDTH="52" HEIGHT="30" CONTENT="the" WC="0.51" CC="770"/>
						<SP ID="P310_SP00014" HPOS="307" VPOS="246" WIDTH="24"/>
						<String ID="P310_ST00018" HPOS="331" VPOS="214" WIDTH="105" HEIGHT="41" CONTENT="policy" WC="0.91" CC="050000"/>
						<SP ID="P310_SP00015" HPOS="436" VPOS="255" WIDTH="22"/>
						<String ID="P310_ST00019" HPOS="458" VPOS="214" WIDTH="33" HEIGHT="29" CONTENT="of" WC="1.00" CC="00"/>
						<SP ID="P310_SP00016" HPOS="491" VPOS="255" WIDTH="20"/>
						<String ID="P310_ST00020" HPOS="511" VPOS="208" WIDTH="293" HEIGHT="34" CONTENT="non-intervention" WC="0.70" CC="8063245010450005"/>
						<SP ID="P310_SP00017" HPOS="804" VPOS="255" WIDTH="17"/>
						<String ID="P310_ST00021" HPOS="821" VPOS="204" WIDTH="62" HEIGHT="32" CONTENT="and" WC="0.84" CC="040"/>
						<SP ID="P310_SP00018" HPOS="883" VPOS="255" WIDTH="16"/>
						<String ID="P310_ST00022" HPOS="899" VPOS="203" WIDTH="156" HEIGHT="31" CONTENT="excessive" WC="0.73" CC="190064000"/>
					</TextLine>
					<TextLine ID="P310_TL00005" HPOS="110" VPOS="254" WIDTH="943" HEIGHT="52">
						<String ID="P310_ST00023" HPOS="110" VPOS="266" WIDTH="154" HEIGHT="40" CONTENT="prudence" WC="0.83" CC="01600500"/>
						<SP ID="P310_SP00019" HPOS="264" VPOS="306" WIDTH="17"/>
						<String ID="P310_ST00024" HPOS="281" VPOS="265" WIDTH="99" HEIGHT="30" CONTENT="which" WC="0.56" CC="07327"/>
						<SP ID="P310_SP00020" HPOS="380" VPOS="306" WIDTH="16"/>
						<String ID="P310_ST00025" HPOS="396" VPOS="264" WIDTH="101" HEIGHT="30" CONTENT="would" WC="0.77" CC="00730"/>
						<SP ID="P310_SP00021" HPOS="497" VPOS="306" WIDTH="16"/>
						<String ID="P310_ST00026" HPOS="513" VPOS="264" WIDTH="38" HEIGHT="29" CONTENT="be" WC="0.63" CC="70"/>
						<SP ID="P310_SP00022" HPOS="551" VPOS="306" WIDTH="16"/>
						<String ID="P310_ST00027" HPOS="567" VPOS="259" WIDTH="171" HEIGHT="43" CONTENT="impressed" WC="0.84" CC="000503400"/>
						<SP ID="P310_SP00023" HPOS="738" VPOS="306" WIDTH="15"/>
						<String ID="P310_ST00028" HPOS="753" VPOS="268" WIDTH="86" HEIGHT="30" CONTENT="upon" WC="0.66" CC="6006"/>
						<SP ID="P310_SP00024" HPOS="839" VPOS="306" WIDTH="16"/>
						<String ID="P310_ST00029" HPOS="855" VPOS="267" WIDTH="56" HEIGHT="19" CONTENT="our" WC="0.77" CC="051"/>
						<SP ID="P310_SP00025" HPOS="911" VPOS="306" WIDTH="17"/>
						<String ID="P310_ST00030" HPOS="928" VPOS="254" WIDTH="125" HEIGHT="30" CONTENT="officers." WC="0.82" CC="900000600"/>
					</TextLine>
					<TextLine ID="P310_TL00006" HPOS="111" VPOS="304" WIDTH="944" HEIGHT="53">
						<String ID="P310_ST00031" HPOS="111" VPOS="316" WIDTH="49" HEIGHT="30" CONTENT="He" WC="0.74" CC="50"/>
						<SP ID="P310_SP00026" HPOS="160" VPOS="346" WIDTH="29"/>
						<String ID="P310_ST00032" HPOS="189" VPOS="315" WIDTH="178" HEIGHT="42" CONTENT="recognised" WC="0.81" CC="4011060500"/>
						<SP ID="P310_SP00027" HPOS="367" VPOS="357" WIDTH="24"/>
						<String ID="P310_ST00033" HPOS="391" VPOS="314" WIDTH="70" HEIGHT="30" CONTENT="that" WC="0.88" CC="0400"/>
						<SP ID="P310_SP00028" HPOS="461" VPOS="357" WIDTH="29"/>
						<String ID="P310_ST00034" HPOS="490" VPOS="313" WIDTH="54" HEIGHT="30" CONTENT="the" WC="0.57" CC="570"/>
						<SP ID="P310_SP00029" HPOS="544" VPOS="357" WIDTH="30"/>
						<String ID="P310_ST00035" HPOS="574" VPOS="312" WIDTH="119" HEIGHT="29" CONTENT="valiant" WC="0.78" CC="0170070"/>
						<SP ID="P310_SP00030" HPOS="693" VPOS="357" WIDTH="30"/>
						<String ID="P310_ST00036" HPOS="723" VPOS="308" WIDTH="181" HEIGHT="39" CONTENT="champions" WC="0.84" CC="070000005"/>
						<SP ID="P310_SP00031" HPOS="904" VPOS="357" WIDTH="28"/>
						<String ID="P310_ST00037" HPOS="932" VPOS="304" WIDTH="34" HEIGHT="31" CONTENT="of" WC="0.70" CC="32"/>
						<SP ID="P310_SP00032" HPOS="966" VPOS="357" WIDTH="35"/>
						<String ID="P310_ST00038" HPOS="1001" VPOS="314" WIDTH="54" HEIGHT="20" CONTENT="our" WC="0.72" CC="062"/>
					</TextLine>
					<TextLine ID="P310_TL00007" HPOS="111" VPOS="354" WIDTH="942" HEIGHT="42">
						<String ID="P310_ST00039" HPOS="111" VPOS="367" WIDTH="130" HEIGHT="29" CONTENT="colonial" WC="0.57" CC="43335580"/>
						<SP ID="P310_SP00033" HPOS="241" VPOS="396" WIDTH="25"/>
						<String ID="P310_ST00040" HPOS="266" VPOS="366" WIDTH="162" HEIGHT="30" CONTENT="extension" WC="0.70" CC="400064047"/>
						<SP ID="P310_SP00034" HPOS="428" VPOS="396" WIDTH="24"/>
						<String ID="P310_ST00041" HPOS="452" VPOS="363" WIDTH="103" HEIGHT="31" CONTENT="would" WC="0.73" CC="01740"/>
						<SP ID="P310_SP00035" HPOS="555" VPOS="396" WIDTH="26"/>
						<String ID="P310_ST00042" HPOS="581" VPOS="363" WIDTH="78" HEIGHT="28" CONTENT="have" WC="0.81" CC="7000"/>
						<SP ID="P310_SP00036" HPOS="659" VPOS="396" WIDTH="20"/>
						<String ID="P310_ST00043" HPOS="679" VPOS="359" WIDTH="82" HEIGHT="31" CONTENT="their" WC="0.59" CC="57006"/>
						<SP ID="P310_SP00037" HPOS="761" VPOS="396" WIDTH="20"/>
						<String ID="P310_ST00044" HPOS="781" VPOS="357" WIDTH="102" HEIGHT="31" CONTENT="hands" WC="0.31" CC="75767"/>
						<SP ID="P310_SP00038" HPOS="883" VPOS="396" WIDTH="20"/>
						<String ID="P310_ST00045" HPOS="903" VPOS="355" WIDTH="67" HEIGHT="30" CONTENT="tied" WC="0.61" CC="3803"/>
						<SP ID="P310_SP00039" HPOS="970" VPOS="396" WIDTH="23"/>
						<String ID="P310_ST00046" HPOS="993" VPOS="354" WIDTH="60" HEIGHT="31" CONTENT="and" WC="0.76" CC="070"/>
					</TextLine>
					<TextLine ID="P310_TL00008" HPOS="111" VPOS="405" WIDTH="943" HEIGHT="45">
						<String ID="P310_ST00047" HPOS="111" VPOS="416" WIDTH="71" HEIGHT="30" CONTENT="that" WC="0.47" CC="7507"/>
						<SP ID="P310_SP00040" HPOS="182" VPOS="446" WIDTH="26"/>
						<String ID="P310_ST00048" HPOS="208" VPOS="416" WIDTH="26" HEIGHT="30" CONTENT="it" WC="0.74" CC="50"/>
						<SP ID="P310_SP00041" HPOS="234" VPOS="446" WIDTH="23"/>
						<String ID="P310_ST00049" HPOS="257" VPOS="415" WIDTH="102" HEIGHT="30" CONTENT="would" WC="0.67" CC="90500"/>
						<SP ID="P310_SP00042" HPOS="359" VPOS="446" WIDTH="27"/>
						<String ID="P310_ST00050" HPOS="386" VPOS="414" WIDTH="37" HEIGHT="30" CONTENT="be" WC="0.63" CC="70"/>
						<SP ID="P310_SP00043" HPOS="423" VPOS="446" WIDTH="25"/>
						<String ID="P310_ST00051" HPOS="448" VPOS="424" WIDTH="40" HEIGHT="19" CONTENT="no" WC="0.92" CC="10"/>
						<SP ID="P310_SP00044" HPOS="488" VPOS="446" WIDTH="16"/>
						<String ID="P310_ST00052" HPOS="504" VPOS="424" WIDTH="53" HEIGHT="18" CONTENT="use" WC="0.65" CC="460"/>
						<SP ID="P310_SP00045" HPOS="557" VPOS="446" WIDTH="24"/>
						<String ID="P310_ST00053" HPOS="581" VPOS="410" WIDTH="169" HEIGHT="40" CONTENT="reckoning" WC="0.69" CC="000715075"/>
						<SP ID="P310_SP00046" HPOS="750" VPOS="450" WIDTH="22"/>
						<String ID="P310_ST00054" HPOS="772" VPOS="418" WIDTH="83" HEIGHT="30" CONTENT="upon" WC="0.55" CC="6046"/>
						<SP ID="P310_SP00047" HPOS="855" VPOS="450" WIDTH="17"/>
						<String ID="P310_ST00055" HPOS="872" VPOS="417" WIDTH="44" HEIGHT="19" CONTENT="us." WC="0.54" CC="561"/>
						<SP ID="P310_SP00048" HPOS="916" VPOS="450" WIDTH="58"/>
						<String ID="P310_ST00056" HPOS="974" VPOS="408" WIDTH="6" HEIGHT="11" CONTENT="'" WC="0.55" CC="4"/>
						<SP ID="P310_SP00049" HPOS="980" VPOS="450" WIDTH="12"/>
						<String ID="P310_ST00057" HPOS="992" VPOS="405" WIDTH="62" HEIGHT="30" CONTENT="The" WC="0.77" CC="060"/>
					</TextLine>
					<TextLine ID="P310_TL00009" HPOS="112" VPOS="457" WIDTH="942" HEIGHT="47">
						<String ID="P310_ST00058" HPOS="112" VPOS="466" WIDTH="135" HEIGHT="29" CONTENT="Siamese" WC="0.66" CC="6090060"/>
						<SP ID="P310_SP00050" HPOS="247" VPOS="495" WIDTH="16"/>
						<String ID="P310_ST00059" HPOS="263" VPOS="475" WIDTH="50" HEIGHT="20" CONTENT="are" WC="0.50" CC="860"/>
						<SP ID="P310_SP00051" HPOS="313" VPOS="495" WIDTH="17"/>
						<String ID="P310_ST00060" HPOS="330" VPOS="464" WIDTH="122" HEIGHT="40" CONTENT="coming" WC="0.81" CC="030080"/>
						<SP ID="P310_SP00052" HPOS="452" VPOS="504" WIDTH="15"/>
						<String ID="P310_ST00061" HPOS="467" VPOS="462" WIDTH="71" HEIGHT="40" CONTENT='up,"' WC="0.70" CC="7040"/>
						<SP ID="P310_SP00053" HPOS="538" VPOS="504" WIDTH="17"/>
						<String ID="P310_ST00062" HPOS="555" VPOS="462" WIDTH="37" HEIGHT="29" CONTENT="he" WC="0.62" CC="70"/>
						<SP ID="P310_SP00054" HPOS="592" VPOS="504" WIDTH="19"/>
						<String ID="P310_ST00063" HPOS="611" VPOS="460" WIDTH="66" HEIGHT="30" CONTENT="said" WC="0.61" CC="9050"/>
						<SP ID="P310_SP00055" HPOS="677" VPOS="504" WIDTH="17"/>
						<String ID="P310_ST00064" HPOS="694" VPOS="464" WIDTH="32" HEIGHT="25" CONTENT="to" WC="1.00" CC="00"/>
						<SP ID="P310_SP00056" HPOS="726" VPOS="504" WIDTH="11"/>
						<String ID="P310_ST00065" HPOS="737" VPOS="458" WIDTH="52" HEIGHT="31" CONTENT="Dr." WC="0.76" CC="070"/>
						<SP ID="P310_SP00057" HPOS="789" VPOS="504" WIDTH="16"/>
						<String ID="P310_ST00066" HPOS="805" VPOS="457" WIDTH="89" HEIGHT="35" CONTENT="Neis;" WC="0.59" CC="90234"/>
						<SP ID="P310_SP00058" HPOS="894" VPOS="504" WIDTH="19"/>
						<String ID="P310_ST00067" HPOS="913" VPOS="458" WIDTH="17" HEIGHT="14" CONTENT='"' WC="0.50" CC="4"/>
						<SP ID="P310_SP00059" HPOS="930" VPOS="504" WIDTH="13"/>
						<String ID="P310_ST00068" HPOS="943" VPOS="466" WIDTH="45" HEIGHT="19" CONTENT="we" WC="1.00" CC="00"/>
						<SP ID="P310_SP00060" HPOS="988" VPOS="504" WIDTH="16"/>
						<String ID="P310_ST00069" HPOS="1004" VPOS="466" WIDTH="50" HEIGHT="18" CONTENT="are" WC="1.00" CC="000"/>
					</TextLine>
					<TextLine ID="P310_TL00010" HPOS="111" VPOS="513" WIDTH="89" HEIGHT="29">
						<String ID="P310_ST00070" HPOS="111" VPOS="513" WIDTH="89" HEIGHT="29" CONTENT='lost."' WC="0.99" CC="000000"/>
					</TextLine>
				</TextBlock>
				<TextBlock ID="P310_TB00004" HPOS="108" VPOS="553" WIDTH="946" HEIGHT="840" STYLEREFS="TXT_1 PAR_LEFT">
					<TextLine ID="P310_TL00011" HPOS="157" VPOS="554" WIDTH="897" HEIGHT="43">
						<String ID="P310_ST00071" HPOS="157" VPOS="565" WIDTH="43" HEIGHT="28" CONTENT="As" WC="0.81" CC="03"/>
						<SP ID="P310_SP00061" HPOS="200" VPOS="593" WIDTH="17"/>
						<String ID="P310_ST00072" HPOS="217" VPOS="575" WIDTH="17" HEIGHT="18" CONTENT="a" WC="0.22" CC="7"/>
						<SP ID="P310_SP00062" HPOS="234" VPOS="593" WIDTH="19"/>
						<String ID="P310_ST00073" HPOS="253" VPOS="567" WIDTH="114" HEIGHT="26" CONTENT="matter" WC="0.76" CC="007403"/>
						<SP ID="P310_SP00063" HPOS="367" VPOS="593" WIDTH="24"/>
						<String ID="P310_ST00074" HPOS="391" VPOS="562" WIDTH="33" HEIGHT="30" CONTENT="of" WC="0.86" CC="20"/>
						<SP ID="P310_SP00064" HPOS="424" VPOS="593" WIDTH="20"/>
						<String ID="P310_ST00075" HPOS="444" VPOS="562" WIDTH="71" HEIGHT="35" CONTENT="fact," WC="0.82" CC="00043"/>
						<SP ID="P310_SP00065" HPOS="515" VPOS="597" WIDTH="19"/>
						<String ID="P310_ST00076" HPOS="534" VPOS="560" WIDTH="88" HEIGHT="30" CONTENT="while" WC="0.55" CC="97500"/>
						<SP ID="P310_SP00066" HPOS="622" VPOS="597" WIDTH="16"/>
						<String ID="P310_ST00077" HPOS="638" VPOS="569" WIDTH="45" HEIGHT="20" CONTENT="we" WC="0.53" CC="90"/>
						<SP ID="P310_SP00067" HPOS="683" VPOS="597" WIDTH="23"/>
						<String ID="P310_ST00078" HPOS="706" VPOS="568" WIDTH="78" HEIGHT="20" CONTENT="were" WC="1.00" CC="0000"/>
						<SP ID="P310_SP00068" HPOS="784" VPOS="597" WIDTH="26"/>
						<String ID="P310_ST00079" HPOS="810" VPOS="555" WIDTH="148" HEIGHT="40" CONTENT="standing" WC="0.60" CC="67550060"/>
						<SP ID="P310_SP00069" HPOS="958" VPOS="597" WIDTH="23"/>
						<String ID="P310_ST00080" HPOS="981" VPOS="554" WIDTH="73" HEIGHT="36" CONTENT="still," WC="0.78" CC="431004"/>
					</TextLine>
					<TextLine ID="P310_TL00012" HPOS="111" VPOS="604" WIDTH="943" HEIGHT="46">
						<String ID="P310_ST00081" HPOS="111" VPOS="613" WIDTH="53" HEIGHT="29" CONTENT="the" WC="0.33" CC="972"/>
						<SP ID="P310_SP00070" HPOS="164" VPOS="642" WIDTH="18"/>
						<String ID="P310_ST00082" HPOS="182" VPOS="613" WIDTH="133" HEIGHT="30" CONTENT="Siamese" WC="0.82" CC="7000050"/>
						<SP ID="P310_SP00071" HPOS="315" VPOS="643" WIDTH="16"/>
						<String ID="P310_ST00083" HPOS="331" VPOS="622" WIDTH="77" HEIGHT="20" CONTENT="were" WC="0.88" CC="0040"/>
						<SP ID="P310_SP00072" HPOS="408" VPOS="643" WIDTH="17"/>
						<String ID="P310_ST00084" HPOS="425" VPOS="611" WIDTH="186" HEIGHT="39" CONTENT="advancing," WC="0.71" CC="6000804800"/>
						<SP ID="P310_SP00073" HPOS="611" VPOS="650" WIDTH="17"/>
						<String ID="P310_ST00085" HPOS="628" VPOS="608" WIDTH="62" HEIGHT="31" CONTENT="and" WC="0.96" CC="010"/>
						<SP ID="P310_SP00074" HPOS="690" VPOS="650" WIDTH="22"/>
						<String ID="P310_ST00086" HPOS="712" VPOS="608" WIDTH="27" HEIGHT="30" CONTENT="it" WC="0.64" CC="07"/>
						<SP ID="P310_SP00075" HPOS="739" VPOS="650" WIDTH="15"/>
						<String ID="P310_ST00087" HPOS="754" VPOS="608" WIDTH="25" HEIGHT="29" CONTENT="is" WC="0.63" CC="16"/>
						<SP ID="P310_SP00076" HPOS="779" VPOS="650" WIDTH="17"/>
						<String ID="P310_ST00088" HPOS="796" VPOS="617" WIDTH="74" HEIGHT="29" CONTENT="easy" WC="0.83" CC="0060"/>
						<SP ID="P310_SP00077" HPOS="870" VPOS="650" WIDTH="16"/>
						<String ID="P310_ST00089" HPOS="886" VPOS="610" WIDTH="33" HEIGHT="25" CONTENT="to" WC="0.52" CC="54"/>
						<SP ID="P310_SP00078" HPOS="919" VPOS="650" WIDTH="23"/>
						<String ID="P310_ST00090" HPOS="942" VPOS="604" WIDTH="112" HEIGHT="30" CONTENT="under" SUBS_TYPE="HypPart1" SUBS_CONTENT="understand" WC="0.70" CC="760040"/>
						<HYP CONTENT="-"/>
					</TextLine>
					<TextLine ID="P310_TL00013" HPOS="110" VPOS="654" WIDTH="944" HEIGHT="48">
						<String ID="P310_ST00091" HPOS="110" VPOS="663" WIDTH="93" HEIGHT="30" CONTENT="stand" SUBS_TYPE="HypPart2" SUBS_CONTENT="understand" WC="0.85" CC="70000"/>
						<SP ID="P310_SP00079" HPOS="203" VPOS="693" WIDTH="21"/>
						<String ID="P310_ST00092" HPOS="224" VPOS="662" WIDTH="54" HEIGHT="30" CONTENT="the" WC="0.72" CC="170"/>
						<SP ID="P310_SP00080" HPOS="278" VPOS="693" WIDTH="23"/>
						<String ID="P310_ST00093" HPOS="301" VPOS="661" WIDTH="136" HEIGHT="41" CONTENT="political" WC="0.68" CC="050400476"/>
						<SP ID="P310_SP00081" HPOS="437" VPOS="702" WIDTH="24"/>
						<String ID="P310_ST00094" HPOS="461" VPOS="671" WIDTH="105" HEIGHT="19" CONTENT="course" WC="0.62" CC="146630"/>
						<SP ID="P310_SP00082" HPOS="566" VPOS="702" WIDTH="23"/>
						<String ID="P310_ST00095" HPOS="589" VPOS="658" WIDTH="144" HEIGHT="31" CONTENT="followed" WC="0.91" CC="00132000"/>
						<SP ID="P310_SP00083" HPOS="733" VPOS="702" WIDTH="23"/>
						<String ID="P310_ST00096" HPOS="756" VPOS="657" WIDTH="44" HEIGHT="40" CONTENT="by" WC="0.65" CC="70"/>
						<SP ID="P310_SP00084" HPOS="800" VPOS="702" WIDTH="22"/>
						<String ID="P310_ST00097" HPOS="822" VPOS="656" WIDTH="54" HEIGHT="30" CONTENT="the" WC="0.53" CC="670"/>
						<SP ID="P310_SP00085" HPOS="876" VPOS="702" WIDTH="24"/>
						<String ID="P310_ST00098" HPOS="900" VPOS="655" WIDTH="97" HEIGHT="30" CONTENT="Court" WC="0.53" CC="50555"/>
						<SP ID="P310_SP00086" HPOS="997" VPOS="702" WIDTH="25"/>
						<String ID="P310_ST00099" HPOS="1022" VPOS="654" WIDTH="32" HEIGHT="29" CONTENT="of" WC="0.92" CC="10"/>
					</TextLine>
					<TextLine ID="P310_TL00014" HPOS="111" VPOS="705" WIDTH="941" HEIGHT="48">
						<String ID="P310_ST00100" HPOS="111" VPOS="712" WIDTH="151" HEIGHT="41" CONTENT="Bangkok" WC="0.84" CC="4060000"/>
						<SP ID="P310_SP00087" HPOS="262" VPOS="753" WIDTH="13"/>
						<String ID="P310_ST00101" HPOS="275" VPOS="724" WIDTH="6" HEIGHT="23" CONTENT=";" WC="0.59" CC="4"/>
						<SP ID="P310_SP00088" HPOS="281" VPOS="753" WIDTH="25"/>
						<String ID="P310_ST00102" HPOS="306" VPOS="722" WIDTH="32" HEIGHT="19" CONTENT="as" WC="0.64" CC="24"/>
						<SP ID="P310_SP00089" HPOS="338" VPOS="753" WIDTH="10"/>
						<String ID="P310_ST00103" HPOS="348" VPOS="711" WIDTH="74" HEIGHT="40" CONTENT="long" WC="0.95" CC="0200"/>
						<SP ID="P310_SP00090" HPOS="422" VPOS="753" WIDTH="15"/>
						<String ID="P310_ST00104" HPOS="437" VPOS="722" WIDTH="32" HEIGHT="18" CONTENT="as" WC="0.36" CC="75"/>
						<SP ID="P310_SP00091" HPOS="469" VPOS="753" WIDTH="16"/>
						<String ID="P310_ST00105" HPOS="485" VPOS="711" WIDTH="26" HEIGHT="28" CONTENT="it" WC="0.71" CC="05"/>
						<SP ID="P310_SP00092" HPOS="511" VPOS="753" WIDTH="12"/>
						<String ID="P310_ST00106" HPOS="523" VPOS="711" WIDTH="25" HEIGHT="28" CONTENT="is" WC="0.51" CC="45"/>
						<SP ID="P310_SP00093" HPOS="548" VPOS="753" WIDTH="16"/>
						<String ID="P310_ST00107" HPOS="564" VPOS="709" WIDTH="57" HEIGHT="29" CONTENT="left" WC="0.81" CC="0025"/>
						<SP ID="P310_SP00094" HPOS="621" VPOS="753" WIDTH="15"/>
						<String ID="P310_ST00108" HPOS="636" VPOS="708" WIDTH="73" HEIGHT="36" CONTENT="free," WC="0.77" CC="03033"/>
						<SP ID="P310_SP00095" HPOS="709" VPOS="753" WIDTH="17"/>
						<String ID="P310_ST00109" HPOS="726" VPOS="708" WIDTH="25" HEIGHT="29" CONTENT="it" WC="0.51" CC="36"/>
						<SP ID="P310_SP00096" HPOS="751" VPOS="753" WIDTH="16"/>
						<String ID="P310_ST00110" HPOS="767" VPOS="707" WIDTH="26" HEIGHT="30" CONTENT="is" WC="0.98" CC="00"/>
						<SP ID="P310_SP00097" HPOS="793" VPOS="753" WIDTH="16"/>
						<String ID="P310_ST00111" HPOS="809" VPOS="706" WIDTH="115" HEIGHT="40" CONTENT="always" WC="0.83" CC="700002"/>
						<SP ID="P310_SP00098" HPOS="924" VPOS="753" WIDTH="9"/>
						<String ID="P310_ST00112" HPOS="933" VPOS="705" WIDTH="119" HEIGHT="29" CONTENT="march" SUBS_TYPE="HypPart1" SUBS_CONTENT="marching" WC="0.84" CC="002070"/>
						<HYP CONTENT="-"/>
					</TextLine>
					<TextLine ID="P310_TL00015" HPOS="109" VPOS="755" WIDTH="943" HEIGHT="48">
						<String ID="P310_ST00113" HPOS="109" VPOS="764" WIDTH="55" HEIGHT="39" CONTENT="ing" SUBS_TYPE="HypPart2" SUBS_CONTENT="marching" WC="0.61" CC="560"/>
						<SP ID="P310_SP00099" HPOS="164" VPOS="803" WIDTH="15"/>
						<String ID="P310_ST00114" HPOS="179" VPOS="761" WIDTH="142" HEIGHT="37" CONTENT="forward," WC="0.91" CC="00600000"/>
						<SP ID="P310_SP00100" HPOS="321" VPOS="803" WIDTH="19"/>
						<String ID="P310_ST00115" HPOS="340" VPOS="761" WIDTH="173" HEIGHT="40" CONTENT="occupying" WC="0.73" CC="010500069"/>
						<SP ID="P310_SP00101" HPOS="513" VPOS="803" WIDTH="15"/>
						<String ID="P310_ST00116" HPOS="528" VPOS="760" WIDTH="137" HEIGHT="30" CONTENT="advance" WC="0.82" CC="5000700"/>
						<SP ID="P310_SP00102" HPOS="665" VPOS="803" WIDTH="12"/>
						<String ID="P310_ST00117" HPOS="677" VPOS="762" WIDTH="95" HEIGHT="37" CONTENT="posts," WC="0.66" CC="016632"/>
						<SP ID="P310_SP00103" HPOS="772" VPOS="803" WIDTH="13"/>
						<String ID="P310_ST00118" HPOS="785" VPOS="757" WIDTH="176" HEIGHT="31" CONTENT="sometimes" WC="0.72" CC="610040066"/>
						<SP ID="P310_SP00104" HPOS="961" VPOS="803" WIDTH="16"/>
						<String ID="P310_ST00119" HPOS="977" VPOS="755" WIDTH="75" HEIGHT="29" CONTENT="with" WC="0.77" CC="0017"/>
					</TextLine>
					<TextLine ID="P310_TL00016" HPOS="111" VPOS="805" WIDTH="943" HEIGHT="46">
						<String ID="P310_ST00120" HPOS="111" VPOS="812" WIDTH="74" HEIGHT="39" CONTENT="only" WC="0.82" CC="2400"/>
						<SP ID="P310_SP00105" HPOS="185" VPOS="851" WIDTH="16"/>
						<String ID="P310_ST00121" HPOS="201" VPOS="822" WIDTH="93" HEIGHT="19" CONTENT="seven" WC="0.64" CC="60028"/>
						<SP ID="P310_SP00106" HPOS="294" VPOS="851" WIDTH="23"/>
						<String ID="P310_ST00122" HPOS="317" VPOS="821" WIDTH="34" HEIGHT="20" CONTENT="or" WC="0.45" CC="37"/>
						<SP ID="P310_SP00107" HPOS="351" VPOS="851" WIDTH="23"/>
						<String ID="P310_ST00123" HPOS="374" VPOS="810" WIDTH="85" HEIGHT="41" CONTENT="eight" WC="0.84" CC="00060"/>
						<SP ID="P310_SP00108" HPOS="459" VPOS="851" WIDTH="22"/>
						<String ID="P310_ST00124" HPOS="481" VPOS="810" WIDTH="113" HEIGHT="29" CONTENT="militia" WC="0.79" CC="0042006"/>
						<SP ID="P310_SP00109" HPOS="594" VPOS="851" WIDTH="22"/>
						<String ID="P310_ST00125" HPOS="616" VPOS="820" WIDTH="80" HEIGHT="24" CONTENT="men," WC="0.51" CC="9072"/>
						<SP ID="P310_SP00110" HPOS="696" VPOS="851" WIDTH="26"/>
						<String ID="P310_ST00126" HPOS="722" VPOS="808" WIDTH="57" HEIGHT="30" CONTENT="but" WC="0.86" CC="040"/>
						<SP ID="P310_SP00111" HPOS="779" VPOS="851" WIDTH="22"/>
						<String ID="P310_ST00127" HPOS="801" VPOS="806" WIDTH="65" HEIGHT="31" CONTENT="still" WC="0.63" CC="34422"/>
						<SP ID="P310_SP00112" HPOS="866" VPOS="851" WIDTH="19"/>
						<String ID="P310_ST00128" HPOS="885" VPOS="805" WIDTH="128" HEIGHT="40" CONTENT="making" WC="0.78" CC="400170"/>
						<SP ID="P310_SP00113" HPOS="1013" VPOS="851" WIDTH="22"/>
						<String ID="P310_ST00129" HPOS="1035" VPOS="815" WIDTH="19" HEIGHT="19" CONTENT="a" WC="1.00" CC="0"/>
					</TextLine>
					<TextLine ID="P310_TL00017" HPOS="110" VPOS="854" WIDTH="940" HEIGHT="47">
						<String ID="P310_ST00130" HPOS="110" VPOS="861" WIDTH="111" HEIGHT="40" CONTENT="reality" WC="0.69" CC="6030560"/>
						<SP ID="P310_SP00114" HPOS="221" VPOS="901" WIDTH="11"/>
						<String ID="P310_ST00131" HPOS="232" VPOS="861" WIDTH="33" HEIGHT="29" CONTENT="of" WC="0.81" CC="30"/>
						<SP ID="P310_SP00115" HPOS="265" VPOS="901" WIDTH="14"/>
						<String ID="P310_ST00132" HPOS="279" VPOS="861" WIDTH="39" HEIGHT="29" CONTENT="its" WC="0.90" CC="101"/>
						<SP ID="P310_SP00116" HPOS="318" VPOS="901" WIDTH="17"/>
						<String ID="P310_ST00133" HPOS="335" VPOS="860" WIDTH="190" HEIGHT="40" CONTENT="occupation." WC="0.76" CC="00080072070"/>
						<SP ID="P310_SP00117" HPOS="525" VPOS="901" WIDTH="48"/>
						<String ID="P310_ST00134" HPOS="573" VPOS="860" WIDTH="62" HEIGHT="28" CONTENT="But" WC="0.67" CC="450"/>
						<SP ID="P310_SP00118" HPOS="635" VPOS="901" WIDTH="16"/>
						<String ID="P310_ST00135" HPOS="651" VPOS="858" WIDTH="48" HEIGHT="30" CONTENT="for" WC="0.84" CC="004"/>
						<SP ID="P310_SP00119" HPOS="699" VPOS="901" WIDTH="15"/>
						<String ID="P310_ST00136" HPOS="714" VPOS="856" WIDTH="127" HEIGHT="32" CONTENT="Colonel" WC="0.72" CC="6003700"/>
						<SP ID="P310_SP00120" HPOS="841" VPOS="901" WIDTH="17"/>
						<String ID="P310_ST00137" HPOS="858" VPOS="854" WIDTH="192" HEIGHT="40" CONTENT="Pennequin," WC="0.58" CC="7376006063"/>
					</TextLine>
					<TextLine ID="P310_TL00018" HPOS="110" VPOS="904" WIDTH="941" HEIGHT="41">
						<String ID="P310_ST00138" HPOS="110" VPOS="911" WIDTH="108" HEIGHT="34" CONTENT="Theng" WC="0.70" CC="07070"/>
						<SP ID="P310_SP00121" HPOS="218" VPOS="945" WIDTH="21"/>
						<String ID="P310_ST00139" HPOS="239" VPOS="910" WIDTH="102" HEIGHT="30" CONTENT="would" WC="0.76" CC="90200"/>
						<SP ID="P310_SP00122" HPOS="341" VPOS="945" WIDTH="28"/>
						<String ID="P310_ST00140" HPOS="369" VPOS="910" WIDTH="78" HEIGHT="29" CONTENT="have" WC="0.80" CC="7000"/>
						<SP ID="P310_SP00123" HPOS="447" VPOS="945" WIDTH="27"/>
						<String ID="P310_ST00141" HPOS="474" VPOS="909" WIDTH="87" HEIGHT="29" CONTENT="fared" WC="0.80" CC="00720"/>
						<SP ID="P310_SP00124" HPOS="561" VPOS="945" WIDTH="24"/>
						<String ID="P310_ST00142" HPOS="585" VPOS="920" WIDTH="40" HEIGHT="17" CONTENT="no" WC="0.58" CC="80"/>
						<SP ID="P310_SP00125" HPOS="625" VPOS="945" WIDTH="26"/>
						<String ID="P310_ST00143" HPOS="651" VPOS="909" WIDTH="103" HEIGHT="29" CONTENT="better" WC="0.70" CC="506005"/>
						<SP ID="P310_SP00126" HPOS="754" VPOS="945" WIDTH="15"/>
						<String ID="P310_ST00144" HPOS="769" VPOS="907" WIDTH="77" HEIGHT="30" CONTENT="than" WC="0.59" CC="0708"/>
						<SP ID="P310_SP00127" HPOS="846" VPOS="945" WIDTH="17"/>
						<String ID="P310_ST00145" HPOS="863" VPOS="905" WIDTH="42" HEIGHT="30" CONTENT="all" WC="1.00" CC="000"/>
						<SP ID="P310_SP00128" HPOS="905" VPOS="945" WIDTH="15"/>
						<String ID="P310_ST00146" HPOS="920" VPOS="904" WIDTH="54" HEIGHT="30" CONTENT="the" WC="0.76" CC="070"/>
						<SP ID="P310_SP00129" HPOS="974" VPOS="945" WIDTH="21"/>
						<String ID="P310_ST00147" HPOS="995" VPOS="904" WIDTH="56" HEIGHT="29" CONTENT="im" SUBS_TYPE="HypPart1" SUBS_CONTENT="important" WC="0.89" CC="300"/>
						<HYP CONTENT="-"/>
					</TextLine>
					<TextLine ID="P310_TL00019" HPOS="110" VPOS="954" WIDTH="944" HEIGHT="46">
						<String ID="P310_ST00148" HPOS="110" VPOS="965" WIDTH="127" HEIGHT="35" CONTENT="portant" SUBS_TYPE="HypPart2" SUBS_CONTENT="important" WC="0.56" CC="0278065"/>
						<SP ID="P310_SP00130" HPOS="237" VPOS="1000" WIDTH="16"/>
						<String ID="P310_ST00149" HPOS="253" VPOS="965" WIDTH="120" HEIGHT="25" CONTENT="centres" WC="0.70" CC="0070606"/>
						<SP ID="P310_SP00131" HPOS="373" VPOS="1000" WIDTH="16"/>
						<String ID="P310_ST00150" HPOS="389" VPOS="970" WIDTH="84" HEIGHT="30" CONTENT="upon" WC="0.64" CC="6008"/>
						<SP ID="P310_SP00132" HPOS="473" VPOS="1000" WIDTH="15"/>
						<String ID="P310_ST00151" HPOS="488" VPOS="959" WIDTH="54" HEIGHT="30" CONTENT="the" WC="0.61" CC="460"/>
						<SP ID="P310_SP00133" HPOS="542" VPOS="1000" WIDTH="16"/>
						<String ID="P310_ST00152" HPOS="558" VPOS="959" WIDTH="138" HEIGHT="39" CONTENT="Mekong" WC="0.88" CC="000070"/>
						<SP ID="P310_SP00134" HPOS="696" VPOS="1000" WIDTH="16"/>
						<String ID="P310_ST00153" HPOS="712" VPOS="969" WIDTH="33" HEIGHT="18" CONTENT="as" WC="0.77" CC="04"/>
						<SP ID="P310_SP00135" HPOS="745" VPOS="1000" WIDTH="15"/>
						<String ID="P310_ST00154" HPOS="760" VPOS="957" WIDTH="47" HEIGHT="30" CONTENT="far" WC="1.00" CC="000"/>
						<SP ID="P310_SP00136" HPOS="807" VPOS="1000" WIDTH="23"/>
						<String ID="P310_ST00155" HPOS="830" VPOS="967" WIDTH="32" HEIGHT="19" CONTENT="as" WC="0.80" CC="04"/>
						<SP ID="P310_SP00137" HPOS="862" VPOS="1000" WIDTH="24"/>
						<String ID="P310_ST00156" HPOS="886" VPOS="954" WIDTH="168" HEIGHT="32" CONTENT="Cambodia" WC="0.71" CC="60073032"/>
					</TextLine>
					<TextLine ID="P310_TL00020" HPOS="111" VPOS="1003" WIDTH="942" HEIGHT="36">
						<String ID="P310_ST00157" HPOS="111" VPOS="1010" WIDTH="60" HEIGHT="29" CONTENT="and" WC="0.48" CC="860"/>
						<SP ID="P310_SP00138" HPOS="171" VPOS="1039" WIDTH="32"/>
						<String ID="P310_ST00158" HPOS="203" VPOS="1010" WIDTH="75" HEIGHT="29" CONTENT="than" WC="0.48" CC="0784"/>
						<SP ID="P310_SP00139" HPOS="278" VPOS="1039" WIDTH="23"/>
						<String ID="P310_ST00159" HPOS="301" VPOS="1009" WIDTH="118" HEIGHT="30" CONTENT="several" WC="0.70" CC="2700703"/>
						<SP ID="P310_SP00140" HPOS="419" VPOS="1039" WIDTH="22"/>
						<String ID="P310_ST00160" HPOS="441" VPOS="1014" WIDTH="100" HEIGHT="25" CONTENT="towns" WC="0.42" CC="60866"/>
						<SP ID="P310_SP00141" HPOS="541" VPOS="1039" WIDTH="24"/>
						<String ID="P310_ST00161" HPOS="565" VPOS="1009" WIDTH="140" HEIGHT="29" CONTENT="between" WC="0.65" CC="1059007"/>
						<SP ID="P310_SP00142" HPOS="705" VPOS="1039" WIDTH="23"/>
						<String ID="P310_ST00162" HPOS="728" VPOS="1007" WIDTH="55" HEIGHT="30" CONTENT="the" WC="0.57" CC="470"/>
						<SP ID="P310_SP00143" HPOS="783" VPOS="1039" WIDTH="26"/>
						<String ID="P310_ST00163" HPOS="809" VPOS="1009" WIDTH="85" HEIGHT="27" CONTENT="coast" WC="0.61" CC="40077"/>
						<SP ID="P310_SP00144" HPOS="894" VPOS="1039" WIDTH="22"/>
						<String ID="P310_ST00164" HPOS="916" VPOS="1004" WIDTH="61" HEIGHT="31" CONTENT="and" WC="0.76" CC="070"/>
						<SP ID="P310_SP00145" HPOS="977" VPOS="1039" WIDTH="22"/>
						<String ID="P310_ST00165" HPOS="999" VPOS="1003" WIDTH="54" HEIGHT="30" CONTENT="the" WC="0.56" CC="570"/>
					</TextLine>
					<TextLine ID="P310_TL00021" HPOS="111" VPOS="1054" WIDTH="943" HEIGHT="41">
						<String ID="P310_ST00166" HPOS="111" VPOS="1059" WIDTH="82" HEIGHT="30" CONTENT="river" WC="0.91" CC="20001"/>
						<SP ID="P310_SP00146" HPOS="193" VPOS="1089" WIDTH="14"/>
						<String ID="P310_ST00167" HPOS="207" VPOS="1071" WIDTH="6" HEIGHT="24" CONTENT=";" WC="0.87" CC="1"/>
						<SP ID="P310_SP00147" HPOS="213" VPOS="1095" WIDTH="30"/>
						<String ID="P310_ST00168" HPOS="243" VPOS="1070" WIDTH="56" HEIGHT="19" CONTENT="one" WC="0.76" CC="070"/>
						<SP ID="P310_SP00148" HPOS="299" VPOS="1095" WIDTH="26"/>
						<String ID="P310_ST00169" HPOS="325" VPOS="1070" WIDTH="55" HEIGHT="19" CONTENT="can" WC="0.81" CC="500"/>
						<SP ID="P310_SP00149" HPOS="380" VPOS="1095" WIDTH="27"/>
						<String ID="P310_ST00170" HPOS="407" VPOS="1059" WIDTH="58" HEIGHT="29" CONTENT="feel" WC="0.96" CC="0001"/>
						<SP ID="P310_SP00150" HPOS="465" VPOS="1095" WIDTH="16"/>
						<String ID="P310_ST00171" HPOS="481" VPOS="1059" WIDTH="70" HEIGHT="29" CONTENT="that" WC="0.52" CC="3708"/>
						<SP ID="P310_SP00151" HPOS="551" VPOS="1095" WIDTH="15"/>
						<String ID="P310_ST00172" HPOS="566" VPOS="1059" WIDTH="85" HEIGHT="29" CONTENT="these" WC="0.79" CC="07020"/>
						<SP ID="P310_SP00152" HPOS="651" VPOS="1095" WIDTH="26"/>
						<String ID="P310_ST00173" HPOS="677" VPOS="1057" WIDTH="134" HEIGHT="30" CONTENT="Siamese" WC="0.70" CC="9400060"/>
						<SP ID="P310_SP00153" HPOS="811" VPOS="1095" WIDTH="21"/>
						<String ID="P310_ST00174" HPOS="832" VPOS="1060" WIDTH="115" HEIGHT="35" CONTENT="troops," WC="0.80" CC="0301052"/>
						<SP ID="P310_SP00154" HPOS="947" VPOS="1095" WIDTH="18"/>
						<String ID="P310_ST00175" HPOS="965" VPOS="1054" WIDTH="89" HEIGHT="29" CONTENT="when" WC="0.41" CC="9706"/>
					</TextLine>
					<TextLine ID="P310_TL00022" HPOS="113" VPOS="1103" WIDTH="940" HEIGHT="45">
						<String ID="P310_ST00176" HPOS="113" VPOS="1109" WIDTH="75" HEIGHT="39" CONTENT="they" WC="0.75" CC="0720"/>
						<SP ID="P310_SP00155" HPOS="188" VPOS="1148" WIDTH="17"/>
						<String ID="P310_ST00177" HPOS="205" VPOS="1119" WIDTH="48" HEIGHT="19" CONTENT="are" WC="1.00" CC="000"/>
						<SP ID="P310_SP00156" HPOS="253" VPOS="1148" WIDTH="24"/>
						<String ID="P310_ST00178" HPOS="277" VPOS="1119" WIDTH="39" HEIGHT="19" CONTENT="on" WC="0.63" CC="07"/>
						<SP ID="P310_SP00157" HPOS="316" VPOS="1148" WIDTH="24"/>
						<String ID="P310_ST00179" HPOS="340" VPOS="1108" WIDTH="51" HEIGHT="30" CONTENT="the" WC="0.40" CC="673"/>
						<SP ID="P310_SP00158" HPOS="391" VPOS="1148" WIDTH="25"/>
						<String ID="P310_ST00180" HPOS="416" VPOS="1108" WIDTH="114" HEIGHT="36" CONTENT="march," WC="0.57" CC="085470"/>
						<SP ID="P310_SP00159" HPOS="530" VPOS="1148" WIDTH="17"/>
						<String ID="P310_ST00181" HPOS="547" VPOS="1108" WIDTH="80" HEIGHT="29" CONTENT="have" WC="0.81" CC="7000"/>
						<SP ID="P310_SP00160" HPOS="627" VPOS="1148" WIDTH="24"/>
						<String ID="P310_ST00182" HPOS="651" VPOS="1107" WIDTH="116" HEIGHT="29" CONTENT="behind" WC="0.62" CC="707250"/>
						<SP ID="P310_SP00161" HPOS="767" VPOS="1148" WIDTH="16"/>
						<String ID="P310_ST00183" HPOS="783" VPOS="1106" WIDTH="87" HEIGHT="30" CONTENT="them" WC="0.82" CC="0700"/>
						<SP ID="P310_SP00162" HPOS="870" VPOS="1148" WIDTH="16"/>
						<String ID="P310_ST00184" HPOS="886" VPOS="1105" WIDTH="54" HEIGHT="30" CONTENT="the" WC="0.75" CC="070"/>
						<SP ID="P310_SP00163" HPOS="940" VPOS="1148" WIDTH="16"/>
						<String ID="P310_ST00185" HPOS="956" VPOS="1103" WIDTH="97" HEIGHT="30" CONTENT="moral" WC="0.77" CC="00370"/>
					</TextLine>
					<TextLine ID="P310_TL00023" HPOS="110" VPOS="1153" WIDTH="943" HEIGHT="44">
						<String ID="P310_ST00186" HPOS="110" VPOS="1158" WIDTH="27" HEIGHT="28" CONTENT="if" WC="0.88" CC="20"/>
						<SP ID="P310_SP00164" HPOS="137" VPOS="1186" WIDTH="20"/>
						<String ID="P310_ST00187" HPOS="157" VPOS="1163" WIDTH="55" HEIGHT="24" CONTENT="not" WC="0.71" CC="800"/>
						<SP ID="P310_SP00165" HPOS="212" VPOS="1187" WIDTH="15"/>
						<String ID="P310_ST00188" HPOS="227" VPOS="1158" WIDTH="52" HEIGHT="29" CONTENT="the" WC="0.52" CC="274"/>
						<SP ID="P310_SP00166" HPOS="279" VPOS="1187" WIDTH="18"/>
						<String ID="P310_ST00189" HPOS="297" VPOS="1158" WIDTH="138" HEIGHT="29" CONTENT="effective" WC="0.96" CC="000000300"/>
						<SP ID="P310_SP00167" HPOS="435" VPOS="1187" WIDTH="17"/>
						<String ID="P310_ST00190" HPOS="452" VPOS="1162" WIDTH="128" HEIGHT="35" CONTENT="support" WC="0.81" CC="5300220"/>
						<SP ID="P310_SP00168" HPOS="580" VPOS="1197" WIDTH="16"/>
						<String ID="P310_ST00191" HPOS="596" VPOS="1157" WIDTH="34" HEIGHT="29" CONTENT="of" WC="0.87" CC="20"/>
						<SP ID="P310_SP00169" HPOS="630" VPOS="1197" WIDTH="21"/>
						<String ID="P310_ST00192" HPOS="651" VPOS="1156" WIDTH="178" HEIGHT="41" CONTENT="intelligent" WC="0.68" CC="36606004250"/>
						<SP ID="P310_SP00170" HPOS="829" VPOS="1197" WIDTH="15"/>
						<String ID="P310_ST00193" HPOS="844" VPOS="1155" WIDTH="62" HEIGHT="30" CONTENT="and" WC="0.84" CC="040"/>
						<SP ID="P310_SP00171" HPOS="906" VPOS="1197" WIDTH="22"/>
						<String ID="P310_ST00194" HPOS="928" VPOS="1153" WIDTH="125" HEIGHT="31" CONTENT="fearless" WC="0.74" CC="00940060"/>
					</TextLine>
					<TextLine ID="P310_TL00024" HPOS="110" VPOS="1203" WIDTH="942" HEIGHT="43">
						<String ID="P310_ST00195" HPOS="110" VPOS="1219" WIDTH="136" HEIGHT="27" CONTENT="persons," WC="0.78" CC="02020354"/>
						<SP ID="P310_SP00172" HPOS="246" VPOS="1246" WIDTH="19"/>
						<String ID="P310_ST00196" HPOS="265" VPOS="1208" WIDTH="66" HEIGHT="28" CONTENT="who" WC="0.47" CC="870"/>
						<SP ID="P310_SP00173" HPOS="331" VPOS="1246" WIDTH="25"/>
						<String ID="P310_ST00197" HPOS="356" VPOS="1218" WIDTH="49" HEIGHT="18" CONTENT="are" WC="0.94" CC="001"/>
						<SP ID="P310_SP00174" HPOS="405" VPOS="1246" WIDTH="25"/>
						<String ID="P310_ST00198" HPOS="430" VPOS="1207" WIDTH="75" HEIGHT="29" CONTENT="used" WC="0.66" CC="6600"/>
						<SP ID="P310_SP00175" HPOS="505" VPOS="1246" WIDTH="25"/>
						<String ID="P310_ST00199" HPOS="530" VPOS="1211" WIDTH="33" HEIGHT="25" CONTENT="to" WC="0.64" CC="60"/>
						<SP ID="P310_SP00176" HPOS="563" VPOS="1246" WIDTH="25"/>
						<String ID="P310_ST00200" HPOS="588" VPOS="1207" WIDTH="124" HEIGHT="39" CONTENT="getting" WC="0.78" CC="0200480"/>
						<SP ID="P310_SP00177" HPOS="712" VPOS="1246" WIDTH="24"/>
						<String ID="P310_ST00201" HPOS="736" VPOS="1206" WIDTH="81" HEIGHT="29" CONTENT="their" WC="0.59" CC="07057"/>
						<SP ID="P310_SP00178" HPOS="817" VPOS="1246" WIDTH="23"/>
						<String ID="P310_ST00202" HPOS="840" VPOS="1215" WIDTH="69" HEIGHT="30" CONTENT="way" WC="1.00" CC="000"/>
						<SP ID="P310_SP00179" HPOS="909" VPOS="1246" WIDTH="15"/>
						<String ID="P310_ST00203" HPOS="924" VPOS="1204" WIDTH="44" HEIGHT="39" CONTENT="by" WC="0.63" CC="70"/>
						<SP ID="P310_SP00180" HPOS="968" VPOS="1246" WIDTH="15"/>
						<String ID="P310_ST00204" HPOS="983" VPOS="1203" WIDTH="69" HEIGHT="30" CONTENT="firm" WC="0.82" CC="0070"/>
					</TextLine>
					<TextLine ID="P310_TL00025" HPOS="112" VPOS="1254" WIDTH="939" HEIGHT="42">
						<String ID="P310_ST00205" HPOS="112" VPOS="1257" WIDTH="157" HEIGHT="39" CONTENT="speaking," WC="0.81" CC="600001800"/>
						<SP ID="P310_SP00181" HPOS="269" VPOS="1296" WIDTH="17"/>
						<String ID="P310_ST00206" HPOS="286" VPOS="1257" WIDTH="53" HEIGHT="29" CONTENT="the" WC="0.75" CC="070"/>
						<SP ID="P310_SP00182" HPOS="339" VPOS="1296" WIDTH="20"/>
						<String ID="P310_ST00207" HPOS="359" VPOS="1257" WIDTH="74" HEIGHT="39" CONTENT="only" WC="0.83" CC="0600"/>
						<SP ID="P310_SP00183" HPOS="433" VPOS="1296" WIDTH="16"/>
						<String ID="P310_ST00208" HPOS="449" VPOS="1257" WIDTH="150" HEIGHT="29" CONTENT="obstacles" WC="0.64" CC="074870003"/>
						<SP ID="P310_SP00184" HPOS="599" VPOS="1296" WIDTH="17"/>
						<String ID="P310_ST00209" HPOS="616" VPOS="1256" WIDTH="100" HEIGHT="29" CONTENT="which" WC="0.57" CC="07427"/>
						<SP ID="P310_SP00185" HPOS="716" VPOS="1296" WIDTH="24"/>
						<String ID="P310_ST00210" HPOS="740" VPOS="1256" WIDTH="77" HEIGHT="40" CONTENT="they" WC="0.81" CC="0700"/>
						<SP ID="P310_SP00186" HPOS="817" VPOS="1296" WIDTH="17"/>
						<String ID="P310_ST00211" HPOS="834" VPOS="1266" WIDTH="50" HEIGHT="19" CONTENT="are" WC="0.82" CC="500"/>
						<SP ID="P310_SP00187" HPOS="884" VPOS="1296" WIDTH="21"/>
						<String ID="P310_ST00212" HPOS="905" VPOS="1254" WIDTH="98" HEIGHT="40" CONTENT="likely" WC="0.93" CC="200010"/>
						<SP ID="P310_SP00188" HPOS="1003" VPOS="1296" WIDTH="16"/>
						<String ID="P310_ST00213" HPOS="1019" VPOS="1258" WIDTH="32" HEIGHT="25" CONTENT="to" WC="0.44" CC="64"/>
					</TextLine>
					<TextLine ID="P310_TL00026" HPOS="112" VPOS="1303" WIDTH="941" HEIGHT="43">
						<String ID="P310_ST00214" HPOS="112" VPOS="1311" WIDTH="167" HEIGHT="24" CONTENT="encounter" WC="0.70" CC="073078000"/>
						<SP ID="P310_SP00189" HPOS="279" VPOS="1335" WIDTH="11"/>
						<String ID="P310_ST00215" HPOS="290" VPOS="1306" WIDTH="79" HEIGHT="29" CONTENT="from" WC="0.79" CC="0510"/>
						<SP ID="P310_SP00190" HPOS="369" VPOS="1335" WIDTH="12"/>
						<String ID="P310_ST00216" HPOS="381" VPOS="1306" WIDTH="164" HEIGHT="40" CONTENT="European" WC="0.78" CC="26000008"/>
						<SP ID="P310_SP00191" HPOS="545" VPOS="1346" WIDTH="12"/>
						<String ID="P310_ST00217" HPOS="557" VPOS="1306" WIDTH="124" HEIGHT="29" CONTENT="nations" WC="0.51" CC="7660067"/>
						<SP ID="P310_SP00192" HPOS="681" VPOS="1346" WIDTH="12"/>
						<String ID="P310_ST00218" HPOS="693" VPOS="1305" WIDTH="94" HEIGHT="41" CONTENT="being" WC="0.58" CC="70580"/>
						<SP ID="P310_SP00193" HPOS="787" VPOS="1346" WIDTH="11"/>
						<String ID="P310_ST00219" HPOS="798" VPOS="1305" WIDTH="61" HEIGHT="30" CONTENT="idle" WC="0.93" CC="2000"/>
						<SP ID="P310_SP00194" HPOS="859" VPOS="1346" WIDTH="13"/>
						<String ID="P310_ST00220" HPOS="872" VPOS="1303" WIDTH="181" HEIGHT="42" CONTENT="diplomatic" WC="0.85" CC="0000000553"/>
					</TextLine>
					<TextLine ID="P310_TL00027" HPOS="111" VPOS="1360" WIDTH="142" HEIGHT="33">
						<String ID="P310_ST00221" HPOS="111" VPOS="1360" WIDTH="142" HEIGHT="33" CONTENT="protests." WC="0.71" CC="024607041"/>
					</TextLine>
				</TextBlock>
				<TextBlock ID="P310_TB00005" HPOS="108" VPOS="1403" WIDTH="952" HEIGHT="389" STYLEREFS="TXT_1 PAR_LEFT">
					<TextLine ID="P310_TL00028" HPOS="154" VPOS="1404" WIDTH="898" HEIGHT="41">
						<String ID="P310_ST00222" HPOS="154" VPOS="1406" WIDTH="43" HEIGHT="28" CONTENT="As" WC="0.65" CC="06"/>
						<SP ID="P310_SP00195" HPOS="197" VPOS="1434" WIDTH="16"/>
						<String ID="P310_ST00223" HPOS="213" VPOS="1416" WIDTH="74" HEIGHT="18" CONTENT="soon" WC="0.65" CC="6007"/>
						<SP ID="P310_SP00196" HPOS="287" VPOS="1434" WIDTH="16"/>
						<String ID="P310_ST00224" HPOS="303" VPOS="1416" WIDTH="32" HEIGHT="18" CONTENT="as" WC="0.65" CC="06"/>
						<SP ID="P310_SP00197" HPOS="335" VPOS="1434" WIDTH="21"/>
						<String ID="P310_ST00225" HPOS="356" VPOS="1405" WIDTH="76" HEIGHT="40" CONTENT="they" WC="0.67" CC="5700"/>
						<SP ID="P310_SP00198" HPOS="432" VPOS="1445" WIDTH="22"/>
						<String ID="P310_ST00226" HPOS="454" VPOS="1405" WIDTH="79" HEIGHT="29" CONTENT="have" WC="0.67" CC="7005"/>
						<SP ID="P310_SP00199" HPOS="533" VPOS="1445" WIDTH="24"/>
						<String ID="P310_ST00227" HPOS="557" VPOS="1404" WIDTH="187" HEIGHT="30" CONTENT="established" WC="0.66" CC="06707007700"/>
						<SP ID="P310_SP00200" HPOS="744" VPOS="1445" WIDTH="22"/>
						<String ID="P310_ST00228" HPOS="766" VPOS="1404" WIDTH="188" HEIGHT="30" CONTENT="themselves" WC="0.76" CC="0700204017"/>
						<SP ID="P310_SP00201" HPOS="954" VPOS="1445" WIDTH="23"/>
						<String ID="P310_ST00229" HPOS="977" VPOS="1413" WIDTH="75" HEIGHT="30" CONTENT="any" SUBS_TYPE="HypPart1" SUBS_CONTENT="anywhere," WC="0.56" CC="9700"/>
						<HYP CONTENT="-"/>
					</TextLine>
					<TextLine ID="P310_TL00029" HPOS="112" VPOS="1453" WIDTH="942" HEIGHT="37">
						<String ID="P310_ST00230" HPOS="112" VPOS="1456" WIDTH="108" HEIGHT="34" CONTENT="where," SUBS_TYPE="HypPart2" SUBS_CONTENT="anywhere," WC="0.55" CC="074544"/>
						<SP ID="P310_SP00202" HPOS="220" VPOS="1490" WIDTH="27"/>
						<String ID="P310_ST00231" HPOS="247" VPOS="1454" WIDTH="52" HEIGHT="30" CONTENT="the" WC="0.75" CC="070"/>
						<SP ID="P310_SP00203" HPOS="299" VPOS="1490" WIDTH="32"/>
						<String ID="P310_ST00232" HPOS="331" VPOS="1454" WIDTH="133" HEIGHT="30" CONTENT="Siamese" WC="0.78" CC="6002050"/>
						<SP ID="P310_SP00204" HPOS="464" VPOS="1490" WIDTH="32"/>
						<String ID="P310_ST00233" HPOS="496" VPOS="1459" WIDTH="32" HEIGHT="25" CONTENT="at" WC="0.32" CC="57"/>
						<SP ID="P310_SP00205" HPOS="528" VPOS="1490" WIDTH="30"/>
						<String ID="P310_ST00234" HPOS="558" VPOS="1465" WIDTH="74" HEIGHT="19" CONTENT="once" WC="0.75" CC="4320"/>
						<SP ID="P310_SP00206" HPOS="632" VPOS="1490" WIDTH="31"/>
						<String ID="P310_ST00235" HPOS="663" VPOS="1454" WIDTH="178" HEIGHT="30" CONTENT="endeavour" WC="0.69" CC="050050177"/>
						<SP ID="P310_SP00207" HPOS="841" VPOS="1490" WIDTH="30"/>
						<String ID="P310_ST00236" HPOS="871" VPOS="1458" WIDTH="33" HEIGHT="26" CONTENT="to" WC="0.48" CC="73"/>
						<SP ID="P310_SP00208" HPOS="904" VPOS="1490" WIDTH="28"/>
						<String ID="P310_ST00237" HPOS="932" VPOS="1453" WIDTH="122" HEIGHT="30" CONTENT="combat" WC="0.63" CC="330706"/>
					</TextLine>
					<TextLine ID="P310_TL00030" HPOS="111" VPOS="1502" WIDTH="943" HEIGHT="42">
						<String ID="P310_ST00238" HPOS="111" VPOS="1505" WIDTH="77" HEIGHT="29" CONTENT="rival" WC="0.82" CC="44000"/>
						<SP ID="P310_SP00209" HPOS="188" VPOS="1534" WIDTH="21"/>
						<String ID="P310_ST00239" HPOS="209" VPOS="1503" WIDTH="177" HEIGHT="36" CONTENT="influences," WC="0.68" CC="02556070050"/>
						<SP ID="P310_SP00210" HPOS="386" VPOS="1539" WIDTH="16"/>
						<String ID="P310_ST00240" HPOS="402" VPOS="1504" WIDTH="141" HEIGHT="40" CONTENT="winning" WC="0.66" CC="9076000"/>
						<SP ID="P310_SP00211" HPOS="543" VPOS="1544" WIDTH="27"/>
						<String ID="P310_ST00241" HPOS="570" VPOS="1515" WIDTH="74" HEIGHT="19" CONTENT="over" WC="0.78" CC="1006"/>
						<SP ID="P310_SP00212" HPOS="644" VPOS="1544" WIDTH="24"/>
						<String ID="P310_ST00242" HPOS="668" VPOS="1504" WIDTH="86" HEIGHT="30" CONTENT="allies" WC="0.84" CC="000206"/>
						<SP ID="P310_SP00213" HPOS="754" VPOS="1544" WIDTH="27"/>
						<String ID="P310_ST00243" HPOS="781" VPOS="1503" WIDTH="185" HEIGHT="31" CONTENT="underhand" WC="0.60" CC="680067060"/>
						<SP ID="P310_SP00214" HPOS="966" VPOS="1544" WIDTH="27"/>
						<String ID="P310_ST00244" HPOS="993" VPOS="1502" WIDTH="61" HEIGHT="31" CONTENT="and" WC="0.75" CC="070"/>
					</TextLine>
					<TextLine ID="P310_TL00031" HPOS="110" VPOS="1552" WIDTH="945" HEIGHT="42">
						<String ID="P310_ST00245" HPOS="110" VPOS="1553" WIDTH="181" HEIGHT="39" CONTENT="terrorizing" WC="0.71" CC="00900050609"/>
						<SP ID="P310_SP00215" HPOS="291" VPOS="1592" WIDTH="36"/>
						<String ID="P310_ST00246" HPOS="327" VPOS="1552" WIDTH="88" HEIGHT="31" CONTENT="those" WC="0.50" CC="67550"/>
						<SP ID="P310_SP00216" HPOS="415" VPOS="1592" WIDTH="32"/>
						<String ID="P310_ST00247" HPOS="447" VPOS="1553" WIDTH="77" HEIGHT="36" CONTENT="who," WC="0.70" CC="0740"/>
						<SP ID="P310_SP00217" HPOS="524" VPOS="1592" WIDTH="28"/>
						<String ID="P310_ST00248" HPOS="552" VPOS="1554" WIDTH="105" HEIGHT="40" CONTENT="seeing" WC="0.79" CC="700050"/>
						<SP ID="P310_SP00218" HPOS="657" VPOS="1594" WIDTH="27"/>
						<String ID="P310_ST00249" HPOS="684" VPOS="1564" WIDTH="39" HEIGHT="19" CONTENT="no" WC="0.50" CC="81"/>
						<SP ID="P310_SP00219" HPOS="723" VPOS="1594" WIDTH="33"/>
						<String ID="P310_ST00250" HPOS="756" VPOS="1553" WIDTH="88" HEIGHT="30" CONTENT="other" WC="0.80" CC="00702"/>
						<SP ID="P310_SP00220" HPOS="844" VPOS="1594" WIDTH="31"/>
						<String ID="P310_ST00251" HPOS="875" VPOS="1553" WIDTH="114" HEIGHT="30" CONTENT="chance" WC="0.73" CC="070610"/>
						<SP ID="P310_SP00221" HPOS="989" VPOS="1594" WIDTH="32"/>
						<String ID="P310_ST00252" HPOS="1021" VPOS="1552" WIDTH="34" HEIGHT="30" CONTENT="of" WC="0.52" CC="27"/>
					</TextLine>
					<TextLine ID="P310_TL00032" HPOS="110" VPOS="1602" WIDTH="940" HEIGHT="41">
						<String ID="P310_ST00253" HPOS="110" VPOS="1613" WIDTH="135" HEIGHT="25" CONTENT="succour," WC="0.72" CC="36002602"/>
						<SP ID="P310_SP00222" HPOS="245" VPOS="1638" WIDTH="28"/>
						<String ID="P310_ST00254" HPOS="273" VPOS="1613" WIDTH="49" HEIGHT="19" CONTENT="are" WC="0.79" CC="060"/>
						<SP ID="P310_SP00223" HPOS="322" VPOS="1638" WIDTH="31"/>
						<String ID="P310_ST00255" HPOS="353" VPOS="1602" WIDTH="169" HEIGHT="40" CONTENT="compelled" WC="0.88" CC="024000003"/>
						<SP ID="P310_SP00224" HPOS="522" VPOS="1642" WIDTH="30"/>
						<String ID="P310_ST00256" HPOS="552" VPOS="1607" WIDTH="33" HEIGHT="25" CONTENT="to" WC="0.72" CC="05"/>
						<SP ID="P310_SP00225" HPOS="585" VPOS="1642" WIDTH="34"/>
						<String ID="P310_ST00257" HPOS="619" VPOS="1607" WIDTH="107" HEIGHT="36" CONTENT="accept" WC="0.84" CC="702000"/>
						<SP ID="P310_SP00226" HPOS="726" VPOS="1643" WIDTH="30"/>
						<String ID="P310_ST00258" HPOS="756" VPOS="1603" WIDTH="82" HEIGHT="30" CONTENT="their" WC="0.65" CC="07009"/>
						<SP ID="P310_SP00227" HPOS="838" VPOS="1643" WIDTH="29"/>
						<String ID="P310_ST00259" HPOS="867" VPOS="1603" WIDTH="183" HEIGHT="39" CONTENT="friendship." WC="0.78" CC="06006027000"/>
					</TextLine>
					<TextLine ID="P310_TL00033" HPOS="112" VPOS="1651" WIDTH="942" HEIGHT="41">
						<String ID="P310_ST00260" HPOS="112" VPOS="1653" WIDTH="37" HEIGHT="29" CONTENT="In" WC="0.54" CC="17"/>
						<SP ID="P310_SP00228" HPOS="149" VPOS="1682" WIDTH="28"/>
						<String ID="P310_ST00261" HPOS="177" VPOS="1652" WIDTH="79" HEIGHT="29" CONTENT="1872" WC="0.74" CC="0090"/>
						<SP ID="P310_SP00229" HPOS="256" VPOS="1682" WIDTH="28"/>
						<String ID="P310_ST00262" HPOS="284" VPOS="1651" WIDTH="75" HEIGHT="40" CONTENT="they" WC="0.81" CC="0700"/>
						<SP ID="P310_SP00230" HPOS="359" VPOS="1691" WIDTH="27"/>
						<String ID="P310_ST00263" HPOS="386" VPOS="1652" WIDTH="126" HEIGHT="29" CONTENT="entered" WC="0.86" CC="0800100"/>
						<SP ID="P310_SP00231" HPOS="512" VPOS="1691" WIDTH="22"/>
						<String ID="P310_ST00264" HPOS="534" VPOS="1663" WIDTH="83" HEIGHT="29" CONTENT="upon" WC="0.51" CC="7038"/>
						<SP ID="P310_SP00232" HPOS="617" VPOS="1692" WIDTH="25"/>
						<String ID="P310_ST00265" HPOS="642" VPOS="1652" WIDTH="53" HEIGHT="30" CONTENT="the" WC="0.76" CC="070"/>
						<SP ID="P310_SP00233" HPOS="695" VPOS="1692" WIDTH="22"/>
						<String ID="P310_ST00266" HPOS="717" VPOS="1652" WIDTH="124" HEIGHT="30" CONTENT="district" WC="0.92" CC="00600000"/>
						<SP ID="P310_SP00234" HPOS="841" VPOS="1692" WIDTH="21"/>
						<String ID="P310_ST00267" HPOS="862" VPOS="1652" WIDTH="34" HEIGHT="30" CONTENT="of" WC="0.75" CC="04"/>
						<SP ID="P310_SP00235" HPOS="896" VPOS="1692" WIDTH="20"/>
						<String ID="P310_ST00268" HPOS="916" VPOS="1652" WIDTH="138" HEIGHT="30" CONTENT="Traninh" WC="0.50" CC="0387077"/>
					</TextLine>
					<TextLine ID="P310_TL00034" HPOS="110" VPOS="1701" WIDTH="941" HEIGHT="42">
						<String ID="P310_ST00269" HPOS="110" VPOS="1702" WIDTH="60" HEIGHT="30" CONTENT="and" WC="0.79" CC="060"/>
						<SP ID="P310_SP00236" HPOS="170" VPOS="1732" WIDTH="17"/>
						<String ID="P310_ST00270" HPOS="187" VPOS="1701" WIDTH="207" HEIGHT="40" CONTENT="depopulated" WC="0.88" CC="00000700500"/>
						<SP ID="P310_SP00237" HPOS="394" VPOS="1741" WIDTH="12"/>
						<String ID="P310_ST00271" HPOS="406" VPOS="1706" WIDTH="69" HEIGHT="35" CONTENT="part" WC="0.77" CC="0009"/>
						<SP ID="P310_SP00238" HPOS="475" VPOS="1741" WIDTH="13"/>
						<String ID="P310_ST00272" HPOS="488" VPOS="1702" WIDTH="33" HEIGHT="29" CONTENT="of" WC="1.00" CC="00"/>
						<SP ID="P310_SP00239" HPOS="521" VPOS="1741" WIDTH="13"/>
						<String ID="P310_ST00273" HPOS="534" VPOS="1702" WIDTH="34" HEIGHT="36" CONTENT="it," WC="0.57" CC="084"/>
						<SP ID="P310_SP00240" HPOS="568" VPOS="1741" WIDTH="15"/>
						<String ID="P310_ST00274" HPOS="583" VPOS="1702" WIDTH="90" HEIGHT="30" CONTENT="while" WC="0.64" CC="07522"/>
						<SP ID="P310_SP00241" HPOS="673" VPOS="1741" WIDTH="16"/>
						<String ID="P310_ST00275" HPOS="689" VPOS="1702" WIDTH="79" HEIGHT="30" CONTENT="from" WC="0.91" CC="0030"/>
						<SP ID="P310_SP00242" HPOS="768" VPOS="1741" WIDTH="11"/>
						<String ID="P310_ST00276" HPOS="779" VPOS="1702" WIDTH="110" HEIGHT="41" CONTENT="Luang" WC="0.72" CC="08050"/>
						<SP ID="P310_SP00243" HPOS="889" VPOS="1743" WIDTH="17"/>
						<String ID="P310_ST00277" HPOS="906" VPOS="1703" WIDTH="145" HEIGHT="40" CONTENT="Prabang" WC="0.58" CC="7707070"/>
					</TextLine>
					<TextLine ID="P310_TL00035" HPOS="109" VPOS="1751" WIDTH="951" HEIGHT="41">
						<String ID="P310_ST00278" HPOS="109" VPOS="1752" WIDTH="76" HEIGHT="40" CONTENT="they" WC="0.79" CC="0610"/>
						<SP ID="P310_SP00244" HPOS="185" VPOS="1792" WIDTH="21"/>
						<String ID="P310_ST00279" HPOS="206" VPOS="1755" WIDTH="69" HEIGHT="26" CONTENT="sent" WC="0.48" CC="7085"/>
						<SP ID="P310_SP00245" HPOS="275" VPOS="1792" WIDTH="17"/>
						<String ID="P310_ST00280" HPOS="292" VPOS="1755" WIDTH="107" HEIGHT="36" CONTENT="agents" WC="0.54" CC="500669"/>
						<SP ID="P310_SP00246" HPOS="399" VPOS="1792" WIDTH="17"/>
						<String ID="P310_ST00281" HPOS="416" VPOS="1762" WIDTH="39" HEIGHT="19" CONTENT="on" WC="0.28" CC="68"/>
						<SP ID="P310_SP00247" HPOS="455" VPOS="1792" WIDTH="25"/>
						<String ID="P310_ST00282" HPOS="480" VPOS="1755" WIDTH="33" HEIGHT="26" CONTENT="to" WC="0.71" CC="50"/>
						<SP ID="P310_SP00248" HPOS="513" VPOS="1792" WIDTH="21"/>
						<String ID="P310_ST00283" HPOS="534" VPOS="1762" WIDTH="55" HEIGHT="19" CONTENT="our" WC="0.50" CC="176"/>
						<SP ID="P310_SP00249" HPOS="589" VPOS="1792" WIDTH="24"/>
						<String ID="P310_ST00284" HPOS="613" VPOS="1752" WIDTH="147" HEIGHT="40" CONTENT="territory" WC="0.76" CC="170006070"/>
						<SP ID="P310_SP00250" HPOS="760" VPOS="1792" WIDTH="23"/>
						<String ID="P310_ST00285" HPOS="783" VPOS="1753" WIDTH="34" HEIGHT="29" CONTENT="in" WC="0.62" CC="07"/>
						<SP ID="P310_SP00251" HPOS="817" VPOS="1792" WIDTH="16"/>
						<String ID="P310_ST00286" HPOS="833" VPOS="1752" WIDTH="53" HEIGHT="30" CONTENT="the" WC="0.75" CC="070"/>
						<SP ID="P310_SP00252" HPOS="886" VPOS="1792" WIDTH="16"/>
						<String ID="P310_ST00287" HPOS="902" VPOS="1753" WIDTH="107" HEIGHT="39" CONTENT="region" WC="0.83" CC="000207"/>
						<SP ID="P310_SP00253" HPOS="1009" VPOS="1792" WIDTH="16"/>
						<String ID="P310_ST00288" HPOS="1025" VPOS="1751" WIDTH="35" HEIGHT="31" CONTENT="of" WC="0.52" CC="45"/>
					</TextLine>
				</TextBlock>
			</PrintSpace>
		</Page>
	</Layout>
</alto>
