<?xml version="1.0" encoding="UTF-8"?>
<alto xmlns:xsi="http://www.w3.org/2001/XMLSchema-instance" xsi:noNamespaceSchemaLocation="http://www.bl.uk/schemas/alto/alto-1-4.xsd" xmlns:xlink="http://www.w3.org/1999/xlink">
	<Description>
		<MeasurementUnit>mm10</MeasurementUnit>
		<sourceImageInformation>
			<fileName>//head1/IN/2008-10/A0011314642/000543.jp2</fileName>
		</sourceImageInformation>
		<OCRProcessing ID="OCRPROCESSING_1">
			<preProcessingStep>
				<processingSoftware>
					<softwareCreator>CCS Content Conversion Specialists GmbH, Germany</softwareCreator>
					<softwareName>CCS docWORKS</softwareName>
					<softwareVersion>6.1-0.67</softwareVersion>
				</processingSoftware>
			</preProcessingStep>
			<ocrProcessingStep>
				<processingSoftware>
					<softwareCreator>ABBYY (BIT Software), Russia</softwareCreator>
					<softwareName>Finereader</softwareName>
				</processingSoftware>
			</ocrProcessingStep>
		</OCRProcessing>
	</Description>
	<Styles>
		<TextStyle ID="TXT_0" FONTSIZE="10" FONTFAMILY="Courier New"/>
		<ParagraphStyle ID="PAR_LEFT" ALIGN="Left"/>
		<ParagraphStyle ID="PAR_RIGHT" ALIGN="Right"/>
	</Styles>
	<Layout>
		<Page ID="P433" PHYSICAL_IMG_NR="433" HEIGHT="1940" WIDTH="1138" PRINTED_IMG_NR="417" POSITION="Right" ACCURACY="73.34">
			<TopMargin ID="P433_TM00001" HPOS="0" VPOS="0" WIDTH="1137" HEIGHT="121">
				<TextBlock ID="P433_TB00001" HPOS="203" VPOS="77" WIDTH="668" HEIGHT="39" STYLEREFS="TXT_0 PAR_LEFT">
					<TextLine ID="P433_TL00001" HPOS="203" VPOS="78" WIDTH="668" HEIGHT="38">
						<String ID="P433_ST00001" HPOS="203" VPOS="78" WIDTH="160" HEIGHT="29" CONTENT="Mistakes" WC="0.52" CC="77076360"/>
						<SP ID="P433_SP00001" HPOS="363" VPOS="107" WIDTH="23"/>
						<String ID="P433_ST00002" HPOS="386" VPOS="79" WIDTH="40" HEIGHT="37" CONTENT="of" WC="1.00" CC="00"/>
						<SP ID="P433_SP00002" HPOS="426" VPOS="116" WIDTH="15"/>
						<String ID="P433_ST00003" HPOS="441" VPOS="79" WIDTH="51" HEIGHT="29" CONTENT="the" WC="0.79" CC="600"/>
						<SP ID="P433_SP00003" HPOS="492" VPOS="116" WIDTH="23"/>
						<String ID="P433_ST00004" HPOS="515" VPOS="79" WIDTH="121" HEIGHT="30" CONTENT="French" WC="0.68" CC="600660"/>
						<SP ID="P433_SP00004" HPOS="636" VPOS="116" WIDTH="28"/>
						<String ID="P433_ST00005" HPOS="664" VPOS="80" WIDTH="207" HEIGHT="31" CONTENT="Government" WC="0.82" CC="0007030240"/>
					</TextLine>
				</TextBlock>
				<TextBlock ID="P433_TB00002" HPOS="942" VPOS="91" WIDTH="61" HEIGHT="28" STYLEREFS="TXT_0 PAR_RIGHT">
					<TextLine ID="P433_TL00002" HPOS="942" VPOS="91" WIDTH="61" HEIGHT="28">
						<String ID="P433_ST00006" HPOS="942" VPOS="91" WIDTH="61" HEIGHT="28" CONTENT="417" WC="1.00" CC="000"/>
					</TextLine>
				</TextBlock>
			</TopMargin>
			<LeftMargin ID="P433_LM00001" HPOS="0" VPOS="121" WIDTH="60" HEIGHT="1712"/>
			<RightMargin ID="P433_RM00001" HPOS="1006" VPOS="121" WIDTH="131" HEIGHT="1712"/>
			<BottomMargin ID="P433_BM00001" HPOS="0" VPOS="1833" WIDTH="1137" HEIGHT="106"/>
			<PrintSpace ID="P433_PS00001" HPOS="60" VPOS="121" WIDTH="946" HEIGHT="1712">
				<TextBlock ID="P433_TB00003" HPOS="66" VPOS="162" WIDTH="940" HEIGHT="191" STYLEREFS="TXT_0 PAR_LEFT">
					<TextLine ID="P433_TL00003" HPOS="67" VPOS="162" WIDTH="936" HEIGHT="46">
						<String ID="P433_ST00007" HPOS="67" VPOS="167" WIDTH="55" HEIGHT="34" CONTENT="yet" WC="0.98" CC="000"/>
						<SP ID="P433_SP00005" HPOS="122" VPOS="201" WIDTH="16"/>
						<String ID="P433_ST00008" HPOS="138" VPOS="162" WIDTH="62" HEIGHT="30" CONTENT="this" WC="0.40" CC="5782"/>
						<SP ID="P433_SP00006" HPOS="200" VPOS="201" WIDTH="16"/>
						<String ID="P433_ST00009" HPOS="216" VPOS="169" WIDTH="177" HEIGHT="33" CONTENT="represents" WC="0.72" CC="6004050603"/>
						<SP ID="P433_SP00007" HPOS="393" VPOS="202" WIDTH="11"/>
						<String ID="P433_ST00010" HPOS="404" VPOS="164" WIDTH="75" HEIGHT="41" CONTENT="only" WC="0.87" CC="0500"/>
						<SP ID="P433_SP00008" HPOS="479" VPOS="205" WIDTH="10"/>
						<String ID="P433_ST00011" HPOS="489" VPOS="165" WIDTH="96" HEIGHT="30" CONTENT="about" WC="0.67" CC="03065"/>
						<SP ID="P433_SP00009" HPOS="585" VPOS="205" WIDTH="12"/>
						<String ID="P433_ST00012" HPOS="597" VPOS="176" WIDTH="57" HEIGHT="19" CONTENT="one" WC="0.67" CC="270"/>
						<SP ID="P433_SP00010" HPOS="654" VPOS="205" WIDTH="10"/>
						<String ID="P433_ST00013" HPOS="664" VPOS="166" WIDTH="68" HEIGHT="29" CONTENT="half" WC="0.68" CC="5700"/>
						<SP ID="P433_SP00011" HPOS="732" VPOS="205" WIDTH="13"/>
						<String ID="P433_ST00014" HPOS="745" VPOS="166" WIDTH="35" HEIGHT="29" CONTENT="of" WC="1.00" CC="00"/>
						<SP ID="P433_SP00012" HPOS="780" VPOS="205" WIDTH="11"/>
						<String ID="P433_ST00015" HPOS="791" VPOS="167" WIDTH="52" HEIGHT="30" CONTENT="the" WC="0.76" CC="070"/>
						<SP ID="P433_SP00013" HPOS="843" VPOS="205" WIDTH="12"/>
						<String ID="P433_ST00016" HPOS="855" VPOS="167" WIDTH="148" HEIGHT="41" CONTENT="Mungtze" WC="0.77" CC="0580200"/>
					</TextLine>
					<TextLine ID="P433_TL00004" HPOS="67" VPOS="212" WIDTH="939" HEIGHT="35">
						<String ID="P433_ST00017" HPOS="67" VPOS="212" WIDTH="95" HEIGHT="30" CONTENT="trade." WC="0.90" CC="060000"/>
						<SP ID="P433_SP00014" HPOS="162" VPOS="242" WIDTH="49"/>
						<String ID="P433_ST00018" HPOS="211" VPOS="212" WIDTH="34" HEIGHT="31" CONTENT="In" WC="0.58" CC="07"/>
						<SP ID="P433_SP00015" HPOS="245" VPOS="243" WIDTH="33"/>
						<String ID="P433_ST00019" HPOS="278" VPOS="213" WIDTH="64" HEIGHT="31" CONTENT="this" WC="0.53" CC="0665"/>
						<SP ID="P433_SP00016" HPOS="342" VPOS="244" WIDTH="26"/>
						<String ID="P433_ST00020" HPOS="368" VPOS="218" WIDTH="84" HEIGHT="26" CONTENT="town" WC="0.88" CC="4000"/>
						<SP ID="P433_SP00017" HPOS="452" VPOS="244" WIDTH="25"/>
						<String ID="P433_ST00021" HPOS="477" VPOS="226" WIDTH="44" HEIGHT="18" CONTENT="we" WC="0.97" CC="00"/>
						<SP ID="P433_SP00018" HPOS="521" VPOS="244" WIDTH="28"/>
						<String ID="P433_ST00022" HPOS="549" VPOS="215" WIDTH="65" HEIGHT="29" CONTENT="find" WC="0.82" CC="0070"/>
						<SP ID="P433_SP00019" HPOS="614" VPOS="244" WIDTH="28"/>
						<String ID="P433_ST00023" HPOS="642" VPOS="215" WIDTH="32" HEIGHT="30" CONTENT="in" WC="0.66" CC="06"/>
						<SP ID="P433_SP00020" HPOS="674" VPOS="245" WIDTH="32"/>
						<String ID="P433_ST00024" HPOS="706" VPOS="218" WIDTH="82" HEIGHT="27" CONTENT="1890" WC="0.93" CC="0002"/>
						<SP ID="P433_SP00021" HPOS="788" VPOS="245" WIDTH="25"/>
						<String ID="P433_ST00025" HPOS="813" VPOS="228" WIDTH="18" HEIGHT="18" CONTENT="a" WC="1.00" CC="0"/>
						<SP ID="P433_SP00022" HPOS="831" VPOS="246" WIDTH="31"/>
						<String ID="P433_ST00026" HPOS="862" VPOS="217" WIDTH="88" HEIGHT="30" CONTENT="trade" WC="0.58" CC="75061"/>
						<SP ID="P433_SP00023" HPOS="950" VPOS="247" WIDTH="23"/>
						<String ID="P433_ST00027" HPOS="973" VPOS="218" WIDTH="33" HEIGHT="29" CONTENT="of" WC="1.00" CC="00"/>
					</TextLine>
					<TextLine ID="P433_TL00005" HPOS="70" VPOS="263" WIDTH="932" HEIGHT="40">
						<String ID="P433_ST00028" HPOS="70" VPOS="265" WIDTH="169" HEIGHT="33" CONTENT="1,104,117" WC="0.77" CC="031084200"/>
						<SP ID="P433_SP00024" HPOS="239" VPOS="298" WIDTH="11"/>
						<String ID="P433_ST00029" HPOS="250" VPOS="263" WIDTH="87" HEIGHT="37" CONTENT="taels," WC="0.59" CC="690043"/>
						<SP ID="P433_SP00025" HPOS="337" VPOS="300" WIDTH="14"/>
						<String ID="P433_ST00030" HPOS="351" VPOS="275" WIDTH="33" HEIGHT="19" CONTENT="or" WC="0.65" CC="07"/>
						<SP ID="P433_SP00026" HPOS="384" VPOS="300" WIDTH="13"/>
						<String ID="P433_ST00031" HPOS="397" VPOS="275" WIDTH="81" HEIGHT="19" CONTENT="more" WC="0.70" CC="6050"/>
						<SP ID="P433_SP00027" HPOS="478" VPOS="300" WIDTH="14"/>
						<String ID="P433_ST00032" HPOS="492" VPOS="264" WIDTH="76" HEIGHT="30" CONTENT="than" WC="0.49" CC="6606"/>
						<SP ID="P433_SP00028" HPOS="568" VPOS="300" WIDTH="15"/>
						<String ID="P433_ST00033" HPOS="583" VPOS="267" WIDTH="164" HEIGHT="34" CONTENT="£280,000" WC="0.84" CC="00054020"/>
						<SP ID="P433_SP00029" HPOS="747" VPOS="301" WIDTH="16"/>
						<String ID="P433_ST00034" HPOS="763" VPOS="278" WIDTH="6" HEIGHT="22" CONTENT=";" WC="1.00" CC="0"/>
						<SP ID="P433_SP00030" HPOS="769" VPOS="301" WIDTH="24"/>
						<String ID="P433_ST00035" HPOS="793" VPOS="267" WIDTH="62" HEIGHT="29" CONTENT="and" WC="0.75" CC="070"/>
						<SP ID="P433_SP00031" HPOS="855" VPOS="301" WIDTH="12"/>
						<String ID="P433_ST00036" HPOS="867" VPOS="267" WIDTH="31" HEIGHT="29" CONTENT="in" WC="0.91" CC="10"/>
						<SP ID="P433_SP00032" HPOS="898" VPOS="301" WIDTH="14"/>
						<String ID="P433_ST00037" HPOS="912" VPOS="270" WIDTH="90" HEIGHT="33" CONTENT="1891," WC="0.81" CC="70001"/>
					</TextLine>
					<TextLine ID="P433_TL00006" HPOS="71" VPOS="313" WIDTH="631" HEIGHT="40">
						<String ID="P433_ST00038" HPOS="71" VPOS="315" WIDTH="166" HEIGHT="33" CONTENT="1,530,007" WC="0.61" CC="032214559"/>
						<SP ID="P433_SP00033" HPOS="237" VPOS="348" WIDTH="18"/>
						<String ID="P433_ST00039" HPOS="255" VPOS="313" WIDTH="86" HEIGHT="36" CONTENT="taels," WC="0.63" CC="590023"/>
						<SP ID="P433_SP00034" HPOS="341" VPOS="349" WIDTH="19"/>
						<String ID="P433_ST00040" HPOS="360" VPOS="324" WIDTH="33" HEIGHT="19" CONTENT="or" WC="0.71" CC="05"/>
						<SP ID="P433_SP00035" HPOS="393" VPOS="349" WIDTH="15"/>
						<String ID="P433_ST00041" HPOS="408" VPOS="314" WIDTH="107" HEIGHT="39" CONTENT="nearly" WC="0.76" CC="800500"/>
						<SP ID="P433_SP00036" HPOS="515" VPOS="353" WIDTH="15"/>
						<String ID="P433_ST00042" HPOS="530" VPOS="316" WIDTH="172" HEIGHT="34" CONTENT="£400,000." WC="0.63" CC="073446050"/>
					</TextLine>
				</TextBlock>
				<TextBlock ID="P433_TB00004" HPOS="66" VPOS="361" WIDTH="938" HEIGHT="240" STYLEREFS="TXT_0 PAR_LEFT">
					<TextLine ID="P433_TL00007" HPOS="110" VPOS="361" WIDTH="894" HEIGHT="45">
						<String ID="P433_ST00043" HPOS="110" VPOS="361" WIDTH="57" HEIGHT="31" CONTENT="AVe" WC="1.00" CC="000"/>
						<SP ID="P433_SP00037" HPOS="167" VPOS="392" WIDTH="30"/>
						<String ID="P433_ST00044" HPOS="197" VPOS="373" WIDTH="51" HEIGHT="20" CONTENT="are" WC="0.88" CC="030"/>
						<SP ID="P433_SP00038" HPOS="248" VPOS="393" WIDTH="25"/>
						<String ID="P433_ST00045" HPOS="273" VPOS="363" WIDTH="64" HEIGHT="30" CONTENT="still" WC="0.91" CC="00102"/>
						<SP ID="P433_SP00039" HPOS="337" VPOS="393" WIDTH="23"/>
						<String ID="P433_ST00046" HPOS="360" VPOS="363" WIDTH="49" HEIGHT="30" CONTENT="far" WC="0.96" CC="001"/>
						<SP ID="P433_SP00040" HPOS="409" VPOS="393" WIDTH="21"/>
						<String ID="P433_ST00047" HPOS="430" VPOS="363" WIDTH="80" HEIGHT="31" CONTENT="from" WC="0.74" CC="0630"/>
						<SP ID="P433_SP00041" HPOS="510" VPOS="394" WIDTH="26"/>
						<String ID="P433_ST00048" HPOS="536" VPOS="364" WIDTH="51" HEIGHT="30" CONTENT="the" WC="0.75" CC="070"/>
						<SP ID="P433_SP00042" HPOS="587" VPOS="394" WIDTH="26"/>
						<String ID="P433_ST00049" HPOS="613" VPOS="365" WIDTH="111" HEIGHT="40" CONTENT="figures" WC="0.78" CC="0006106"/>
						<SP ID="P433_SP00043" HPOS="724" VPOS="405" WIDTH="30"/>
						<String ID="P433_ST00050" HPOS="754" VPOS="366" WIDTH="93" HEIGHT="40" CONTENT="given" WC="0.77" CC="03008"/>
						<SP ID="P433_SP00044" HPOS="847" VPOS="406" WIDTH="31"/>
						<String ID="P433_ST00051" HPOS="878" VPOS="366" WIDTH="42" HEIGHT="40" CONTENT="by" WC="0.65" CC="60"/>
						<SP ID="P433_SP00045" HPOS="920" VPOS="406" WIDTH="31"/>
						<String ID="P433_ST00052" HPOS="951" VPOS="366" WIDTH="53" HEIGHT="32" CONTENT="the" WC="0.62" CC="074"/>
					</TextLine>
					<TextLine ID="P433_TL00008" HPOS="67" VPOS="412" WIDTH="936" HEIGHT="39">
						<String ID="P433_ST00053" HPOS="67" VPOS="412" WIDTH="243" HEIGHT="30" CONTENT="custom-houses" WC="0.76" CC="1400000706505"/>
						<SP ID="P433_SP00046" HPOS="310" VPOS="442" WIDTH="17"/>
						<String ID="P433_ST00054" HPOS="327" VPOS="412" WIDTH="34" HEIGHT="30" CONTENT="of" WC="1.00" CC="00"/>
						<SP ID="P433_SP00047" HPOS="361" VPOS="442" WIDTH="20"/>
						<String ID="P433_ST00055" HPOS="381" VPOS="413" WIDTH="102" HEIGHT="30" CONTENT="North" WC="0.70" CC="00707"/>
						<SP ID="P433_SP00048" HPOS="483" VPOS="443" WIDTH="16"/>
						<String ID="P433_ST00056" HPOS="499" VPOS="414" WIDTH="146" HEIGHT="30" CONTENT="Yunnam" WC="0.78" CC="060600"/>
						<SP ID="P433_SP00049" HPOS="645" VPOS="444" WIDTH="17"/>
						<String ID="P433_ST00057" HPOS="662" VPOS="416" WIDTH="62" HEIGHT="29" CONTENT="and" WC="0.94" CC="010"/>
						<SP ID="P433_SP00050" HPOS="724" VPOS="445" WIDTH="17"/>
						<String ID="P433_ST00058" HPOS="741" VPOS="416" WIDTH="189" HEIGHT="35" CONTENT="Kouang-Si," WC="0.70" CC="0068700600"/>
						<SP ID="P433_SP00051" HPOS="930" VPOS="451" WIDTH="13"/>
						<String ID="P433_ST00059" HPOS="943" VPOS="417" WIDTH="60" HEIGHT="29" CONTENT="and" WC="0.40" CC="079"/>
					</TextLine>
					<TextLine ID="P433_TL00009" HPOS="67" VPOS="461" WIDTH="937" HEIGHT="46">
						<String ID="P433_ST00060" HPOS="67" VPOS="471" WIDTH="78" HEIGHT="20" CONTENT="even" WC="0.88" CC="0004"/>
						<SP ID="P433_SP00052" HPOS="145" VPOS="491" WIDTH="24"/>
						<String ID="P433_ST00061" HPOS="169" VPOS="461" WIDTH="80" HEIGHT="31" CONTENT="from" WC="0.71" CC="0650"/>
						<SP ID="P433_SP00053" HPOS="249" VPOS="492" WIDTH="15"/>
						<String ID="P433_ST00062" HPOS="264" VPOS="462" WIDTH="90" HEIGHT="30" CONTENT="those" WC="0.62" CC="67050"/>
						<SP ID="P433_SP00054" HPOS="354" VPOS="492" WIDTH="16"/>
						<String ID="P433_ST00063" HPOS="370" VPOS="463" WIDTH="34" HEIGHT="30" CONTENT="of" WC="1.00" CC="00"/>
						<SP ID="P433_SP00055" HPOS="404" VPOS="493" WIDTH="21"/>
						<String ID="P433_ST00064" HPOS="425" VPOS="463" WIDTH="52" HEIGHT="30" CONTENT="the" WC="0.59" CC="470"/>
						<SP ID="P433_SP00056" HPOS="477" VPOS="493" WIDTH="27"/>
						<String ID="P433_ST00065" HPOS="504" VPOS="463" WIDTH="139" HEIGHT="30" CONTENT="Lao-Kai" WC="0.87" CC="0001007"/>
						<SP ID="P433_SP00057" HPOS="643" VPOS="493" WIDTH="23"/>
						<String ID="P433_ST00066" HPOS="666" VPOS="469" WIDTH="134" HEIGHT="26" CONTENT="customs" WC="0.50" CC="6637306"/>
						<SP ID="P433_SP00058" HPOS="800" VPOS="495" WIDTH="23"/>
						<String ID="P433_ST00067" HPOS="823" VPOS="465" WIDTH="117" HEIGHT="31" CONTENT="farmed" WC="0.75" CC="076000"/>
						<SP ID="P433_SP00059" HPOS="940" VPOS="496" WIDTH="22"/>
						<String ID="P433_ST00068" HPOS="962" VPOS="466" WIDTH="42" HEIGHT="41" CONTENT="by" WC="0.95" CC="10"/>
					</TextLine>
					<TextLine ID="P433_TL00010" HPOS="66" VPOS="510" WIDTH="938" HEIGHT="46">
						<String ID="P433_ST00069" HPOS="66" VPOS="510" WIDTH="54" HEIGHT="31" CONTENT="the" WC="0.50" CC="373"/>
						<SP ID="P433_SP00060" HPOS="120" VPOS="541" WIDTH="27"/>
						<String ID="P433_ST00070" HPOS="147" VPOS="511" WIDTH="150" HEIGHT="40" CONTENT="Emperor" WC="0.80" CC="4000009"/>
						<SP ID="P433_SP00061" HPOS="297" VPOS="551" WIDTH="26"/>
						<String ID="P433_ST00071" HPOS="323" VPOS="512" WIDTH="34" HEIGHT="30" CONTENT="of" WC="0.75" CC="22"/>
						<SP ID="P433_SP00062" HPOS="357" VPOS="551" WIDTH="31"/>
						<String ID="P433_ST00072" HPOS="388" VPOS="513" WIDTH="124" HEIGHT="30" CONTENT="Annam" WC="0.71" CC="07700"/>
						<SP ID="P433_SP00063" HPOS="512" VPOS="551" WIDTH="22"/>
						<String ID="P433_ST00073" HPOS="534" VPOS="513" WIDTH="103" HEIGHT="31" CONTENT="before" WC="0.72" CC="700160"/>
						<SP ID="P433_SP00064" HPOS="637" VPOS="551" WIDTH="27"/>
						<String ID="P433_ST00074" HPOS="664" VPOS="515" WIDTH="54" HEIGHT="29" CONTENT="the" WC="0.52" CC="670"/>
						<SP ID="P433_SP00065" HPOS="718" VPOS="551" WIDTH="25"/>
						<String ID="P433_ST00075" HPOS="743" VPOS="515" WIDTH="122" HEIGHT="41" CONTENT="coming" WC="0.76" CC="000670"/>
						<SP ID="P433_SP00066" HPOS="865" VPOS="556" WIDTH="22"/>
						<String ID="P433_ST00076" HPOS="887" VPOS="515" WIDTH="34" HEIGHT="30" CONTENT="of" WC="0.82" CC="12"/>
						<SP ID="P433_SP00067" HPOS="921" VPOS="556" WIDTH="30"/>
						<String ID="P433_ST00077" HPOS="951" VPOS="515" WIDTH="53" HEIGHT="31" CONTENT="the" WC="0.81" CC="500"/>
					</TextLine>
					<TextLine ID="P433_TL00011" HPOS="67" VPOS="561" WIDTH="213" HEIGHT="36">
						<String ID="P433_ST00078" HPOS="67" VPOS="561" WIDTH="96" HEIGHT="30" CONTENT="Black" WC="0.87" CC="50000"/>
						<SP ID="P433_SP00068" HPOS="163" VPOS="591" WIDTH="15"/>
						<String ID="P433_ST00079" HPOS="178" VPOS="561" WIDTH="102" HEIGHT="36" CONTENT="Flags." WC="0.75" CC="530050"/>
					</TextLine>
				</TextBlock>
				<TextBlock ID="P433_TB00005" HPOS="66" VPOS="611" WIDTH="938" HEIGHT="184" STYLEREFS="TXT_0 PAR_LEFT">
					<TextLine ID="P433_TL00012" HPOS="110" VPOS="611" WIDTH="894" HEIGHT="33">
						<String ID="P433_ST00080" HPOS="110" VPOS="611" WIDTH="63" HEIGHT="31" CONTENT="The" WC="0.49" CC="770"/>
						<SP ID="P433_SP00069" HPOS="173" VPOS="642" WIDTH="10"/>
						<String ID="P433_ST00081" HPOS="183" VPOS="612" WIDTH="89" HEIGHT="30" CONTENT="trade" WC="0.47" CC="67804"/>
						<SP ID="P433_SP00070" HPOS="272" VPOS="642" WIDTH="12"/>
						<String ID="P433_ST00082" HPOS="284" VPOS="612" WIDTH="34" HEIGHT="30" CONTENT="of" WC="1.00" CC="00"/>
						<SP ID="P433_SP00071" HPOS="318" VPOS="642" WIDTH="13"/>
						<String ID="P433_ST00083" HPOS="331" VPOS="612" WIDTH="123" HEIGHT="30" CONTENT="Tonkin" WC="0.58" CC="715064"/>
						<SP ID="P433_SP00072" HPOS="454" VPOS="642" WIDTH="10"/>
						<String ID="P433_ST00084" HPOS="464" VPOS="613" WIDTH="76" HEIGHT="29" CONTENT="with" WC="0.64" CC="0067"/>
						<SP ID="P433_SP00073" HPOS="540" VPOS="642" WIDTH="10"/>
						<String ID="P433_ST00085" HPOS="550" VPOS="613" WIDTH="99" HEIGHT="30" CONTENT="China" WC="0.24" CC="77579"/>
						<SP ID="P433_SP00074" HPOS="649" VPOS="643" WIDTH="16"/>
						<String ID="P433_ST00086" HPOS="665" VPOS="614" WIDTH="55" HEIGHT="29" CONTENT="has" WC="0.63" CC="712"/>
						<SP ID="P433_SP00075" HPOS="720" VPOS="643" WIDTH="15"/>
						<String ID="P433_ST00087" HPOS="735" VPOS="619" WIDTH="56" HEIGHT="24" CONTENT="not" WC="0.75" CC="700"/>
						<SP ID="P433_SP00076" HPOS="791" VPOS="643" WIDTH="16"/>
						<String ID="P433_ST00088" HPOS="807" VPOS="614" WIDTH="129" HEIGHT="30" CONTENT="reached" WC="0.86" CC="3000600"/>
						<SP ID="P433_SP00077" HPOS="936" VPOS="644" WIDTH="16"/>
						<String ID="P433_ST00089" HPOS="952" VPOS="614" WIDTH="52" HEIGHT="30" CONTENT="the" WC="0.51" CC="373"/>
					</TextLine>
					<TextLine ID="P433_TL00013" HPOS="67" VPOS="660" WIDTH="937" HEIGHT="43">
						<String ID="P433_ST00090" HPOS="67" VPOS="660" WIDTH="95" HEIGHT="42" CONTENT="figure" WC="0.86" CC="000250"/>
						<SP ID="P433_SP00078" HPOS="162" VPOS="702" WIDTH="17"/>
						<String ID="P433_ST00091" HPOS="179" VPOS="661" WIDTH="99" HEIGHT="31" CONTENT="which" WC="0.70" CC="07007"/>
						<SP ID="P433_SP00079" HPOS="278" VPOS="702" WIDTH="16"/>
						<String ID="P433_ST00092" HPOS="294" VPOS="673" WIDTH="45" HEIGHT="19" CONTENT="we" WC="1.00" CC="00"/>
						<SP ID="P433_SP00080" HPOS="339" VPOS="702" WIDTH="16"/>
						<String ID="P433_ST00093" HPOS="355" VPOS="662" WIDTH="103" HEIGHT="41" CONTENT="might" WC="0.72" CC="00076"/>
						<SP ID="P433_SP00081" HPOS="458" VPOS="703" WIDTH="17"/>
						<String ID="P433_ST00094" HPOS="475" VPOS="662" WIDTH="78" HEIGHT="41" CONTENT="hope" WC="0.75" CC="7200"/>
						<SP ID="P433_SP00082" HPOS="553" VPOS="703" WIDTH="23"/>
						<String ID="P433_ST00095" HPOS="576" VPOS="663" WIDTH="55" HEIGHT="29" CONTENT="for." WC="0.87" CC="3100"/>
						<SP ID="P433_SP00083" HPOS="631" VPOS="703" WIDTH="58"/>
						<String ID="P433_ST00096" HPOS="689" VPOS="663" WIDTH="63" HEIGHT="29" CONTENT="The" WC="0.82" CC="050"/>
						<SP ID="P433_SP00084" HPOS="752" VPOS="703" WIDTH="24"/>
						<String ID="P433_ST00097" HPOS="776" VPOS="663" WIDTH="105" HEIGHT="40" CONTENT="delays" WC="0.96" CC="000002"/>
						<SP ID="P433_SP00085" HPOS="881" VPOS="703" WIDTH="26"/>
						<String ID="P433_ST00098" HPOS="907" VPOS="664" WIDTH="33" HEIGHT="29" CONTENT="in" WC="0.56" CC="26"/>
						<SP ID="P433_SP00086" HPOS="940" VPOS="703" WIDTH="23"/>
						<String ID="P433_ST00099" HPOS="963" VPOS="664" WIDTH="41" HEIGHT="30" CONTENT="its" WC="0.67" CC="207"/>
					</TextLine>
					<TextLine ID="P433_TL00014" HPOS="67" VPOS="710" WIDTH="937" HEIGHT="41">
						<String ID="P433_ST00100" HPOS="67" VPOS="710" WIDTH="217" HEIGHT="41" CONTENT="development" WC="0.84" CC="00006000055"/>
						<SP ID="P433_SP00087" HPOS="284" VPOS="751" WIDTH="17"/>
						<String ID="P433_ST00101" HPOS="301" VPOS="722" WIDTH="50" HEIGHT="19" CONTENT="are" WC="1.00" CC="000"/>
						<SP ID="P433_SP00088" HPOS="351" VPOS="751" WIDTH="17"/>
						<String ID="P433_ST00102" HPOS="368" VPOS="712" WIDTH="60" HEIGHT="29" CONTENT="due" WC="0.82" CC="050"/>
						<SP ID="P433_SP00089" HPOS="428" VPOS="751" WIDTH="15"/>
						<String ID="P433_ST00103" HPOS="443" VPOS="716" WIDTH="34" HEIGHT="25" CONTENT="to" WC="0.65" CC="42"/>
						<SP ID="P433_SP00090" HPOS="477" VPOS="751" WIDTH="16"/>
						<String ID="P433_ST00104" HPOS="493" VPOS="716" WIDTH="62" HEIGHT="25" CONTENT="two" WC="0.87" CC="300"/>
						<SP ID="P433_SP00091" HPOS="555" VPOS="751" WIDTH="23"/>
						<String ID="P433_ST00105" HPOS="578" VPOS="723" WIDTH="105" HEIGHT="19" CONTENT="causes" WC="0.56" CC="096504"/>
						<String ID="P433_ST00106" HPOS="685" VPOS="730" WIDTH="41" HEIGHT="4" CONTENT="—" WC="0.20" CC="8"/>
						<String ID="P433_ST00107" HPOS="729" VPOS="713" WIDTH="145" HEIGHT="29" CONTENT="mistakes" WC="0.59" CC="06568005"/>
						<SP ID="P433_SP00092" HPOS="874" VPOS="751" WIDTH="24"/>
						<String ID="P433_ST00108" HPOS="898" VPOS="713" WIDTH="34" HEIGHT="30" CONTENT="of" WC="0.55" CC="53"/>
						<SP ID="P433_SP00093" HPOS="932" VPOS="751" WIDTH="19"/>
						<String ID="P433_ST00109" HPOS="951" VPOS="714" WIDTH="53" HEIGHT="29" CONTENT="the" WC="0.68" CC="170"/>
					</TextLine>
					<TextLine ID="P433_TL00015" HPOS="68" VPOS="760" WIDTH="725" HEIGHT="35">
						<String ID="P433_ST00110" HPOS="68" VPOS="760" WIDTH="220" HEIGHT="35" CONTENT="Government," WC="0.76" CC="70000700803"/>
						<SP ID="P433_SP00094" HPOS="288" VPOS="795" WIDTH="18"/>
						<String ID="P433_ST00111" HPOS="306" VPOS="761" WIDTH="61" HEIGHT="30" CONTENT="and" WC="0.42" CC="970"/>
						<SP ID="P433_SP00095" HPOS="367" VPOS="795" WIDTH="16"/>
						<String ID="P433_ST00112" HPOS="383" VPOS="762" WIDTH="150" HEIGHT="29" CONTENT="mistakes" WC="0.72" CC="03500066"/>
						<SP ID="P433_SP00096" HPOS="533" VPOS="795" WIDTH="16"/>
						<String ID="P433_ST00113" HPOS="549" VPOS="762" WIDTH="34" HEIGHT="29" CONTENT="of" WC="1.00" CC="00"/>
						<SP ID="P433_SP00097" HPOS="583" VPOS="795" WIDTH="13"/>
						<String ID="P433_ST00114" HPOS="596" VPOS="762" WIDTH="197" HEIGHT="30" CONTENT="individuals." WC="0.83" CC="060500030040"/>
					</TextLine>
				</TextBlock>
				<TextBlock ID="P433_TB00006" HPOS="66" VPOS="809" WIDTH="938" HEIGHT="389" STYLEREFS="TXT_0 PAR_LEFT">
					<TextLine ID="P433_TL00016" HPOS="113" VPOS="809" WIDTH="891" HEIGHT="43">
						<String ID="P433_ST00115" HPOS="113" VPOS="813" WIDTH="25" HEIGHT="27" CONTENT="1." WC="0.86" CC="20"/>
						<SP ID="P433_SP00098" HPOS="138" VPOS="840" WIDTH="26"/>
						<String ID="P433_ST00116" HPOS="164" VPOS="809" WIDTH="156" HEIGHT="32" CONTENT="Mistakes" WC="0.76" CC="00009062"/>
						<SP ID="P433_SP00099" HPOS="320" VPOS="841" WIDTH="32"/>
						<String ID="P433_ST00117" HPOS="352" VPOS="811" WIDTH="40" HEIGHT="36" CONTENT="of" WC="0.50" CC="90"/>
						<SP ID="P433_SP00100" HPOS="392" VPOS="847" WIDTH="34"/>
						<String ID="P433_ST00118" HPOS="426" VPOS="811" WIDTH="47" HEIGHT="30" CONTENT="the" WC="0.89" CC="300"/>
						<SP ID="P433_SP00101" HPOS="473" VPOS="847" WIDTH="26"/>
						<String ID="P433_ST00119" HPOS="499" VPOS="812" WIDTH="230" HEIGHT="29" CONTENT="Government:" WC="0.63" CC="60080700367"/>
						<String ID="P433_ST00120" HPOS="738" VPOS="830" WIDTH="42" HEIGHT="3" CONTENT="—" WC="0.20" CC="8"/>
						<String ID="P433_ST00121" HPOS="783" VPOS="813" WIDTH="41" HEIGHT="28" CONTENT="At" WC="0.65" CC="07"/>
						<SP ID="P433_SP00102" HPOS="824" VPOS="847" WIDTH="27"/>
						<String ID="P433_ST00122" HPOS="851" VPOS="812" WIDTH="53" HEIGHT="29" CONTENT="the" WC="0.51" CC="770"/>
						<SP ID="P433_SP00103" HPOS="904" VPOS="847" WIDTH="25"/>
						<String ID="P433_ST00123" HPOS="929" VPOS="823" WIDTH="75" HEIGHT="29" CONTENT="very" WC="0.85" CC="0060"/>
					</TextLine>
					<TextLine ID="P433_TL00017" HPOS="67" VPOS="861" WIDTH="937" HEIGHT="41">
						<String ID="P433_ST00124" HPOS="67" VPOS="863" WIDTH="111" HEIGHT="33" CONTENT="outset," WC="0.84" CC="0522000"/>
						<SP ID="P433_SP00104" HPOS="178" VPOS="896" WIDTH="25"/>
						<String ID="P433_ST00125" HPOS="203" VPOS="871" WIDTH="77" HEIGHT="19" CONTENT="even" WC="0.82" CC="0007"/>
						<SP ID="P433_SP00105" HPOS="280" VPOS="896" WIDTH="24"/>
						<String ID="P433_ST00126" HPOS="304" VPOS="861" WIDTH="33" HEIGHT="29" CONTENT="in" WC="0.53" CC="26"/>
						<SP ID="P433_SP00106" HPOS="337" VPOS="896" WIDTH="23"/>
						<String ID="P433_ST00127" HPOS="360" VPOS="861" WIDTH="53" HEIGHT="30" CONTENT="the" WC="0.56" CC="570"/>
						<SP ID="P433_SP00107" HPOS="413" VPOS="896" WIDTH="25"/>
						<String ID="P433_ST00128" HPOS="438" VPOS="865" WIDTH="103" HEIGHT="36" CONTENT="treaty" WC="0.80" CC="600050"/>
						<SP ID="P433_SP00108" HPOS="541" VPOS="901" WIDTH="26"/>
						<String ID="P433_ST00129" HPOS="567" VPOS="861" WIDTH="75" HEIGHT="30" CONTENT="with" WC="0.74" CC="0306"/>
						<SP ID="P433_SP00109" HPOS="642" VPOS="901" WIDTH="33"/>
						<String ID="P433_ST00130" HPOS="675" VPOS="861" WIDTH="106" HEIGHT="36" CONTENT="China," WC="0.42" CC="673673"/>
						<SP ID="P433_SP00110" HPOS="781" VPOS="901" WIDTH="24"/>
						<String ID="P433_ST00131" HPOS="805" VPOS="862" WIDTH="53" HEIGHT="29" CONTENT="the" WC="0.62" CC="460"/>
						<SP ID="P433_SP00111" HPOS="858" VPOS="901" WIDTH="32"/>
						<String ID="P433_ST00132" HPOS="890" VPOS="862" WIDTH="114" HEIGHT="40" CONTENT="Anglo-" WC="0.94" CC="030000"/>
					</TextLine>
					<TextLine ID="P433_TL00018" HPOS="67" VPOS="909" WIDTH="937" HEIGHT="42">
						<String ID="P433_ST00133" HPOS="67" VPOS="909" WIDTH="128" HEIGHT="31" CONTENT="Chinese" WC="0.64" CC="4725040"/>
						<SP ID="P433_SP00112" HPOS="195" VPOS="940" WIDTH="43"/>
						<String ID="P433_ST00134" HPOS="238" VPOS="914" WIDTH="135" HEIGHT="26" CONTENT="customs" WC="0.61" CC="0745009"/>
						<SP ID="P433_SP00113" HPOS="373" VPOS="940" WIDTH="37"/>
						<String ID="P433_ST00135" HPOS="410" VPOS="910" WIDTH="124" HEIGHT="36" CONTENT="officers," WC="0.92" CC="000000600"/>
						<SP ID="P433_SP00114" HPOS="534" VPOS="946" WIDTH="30"/>
						<String ID="P433_ST00136" HPOS="564" VPOS="911" WIDTH="68" HEIGHT="29" CONTENT="who" WC="0.68" CC="072"/>
						<SP ID="P433_SP00115" HPOS="632" VPOS="946" WIDTH="36"/>
						<String ID="P433_ST00137" HPOS="668" VPOS="911" WIDTH="105" HEIGHT="29" CONTENT="served" WC="0.89" CC="005000"/>
						<SP ID="P433_SP00116" HPOS="773" VPOS="946" WIDTH="40"/>
						<String ID="P433_ST00138" HPOS="813" VPOS="922" WIDTH="32" HEIGHT="18" CONTENT="as" WC="0.66" CC="06"/>
						<SP ID="P433_SP00117" HPOS="845" VPOS="946" WIDTH="24"/>
						<String ID="P433_ST00139" HPOS="869" VPOS="922" WIDTH="55" HEIGHT="18" CONTENT="our" WC="0.54" CC="066"/>
						<SP ID="P433_SP00118" HPOS="924" VPOS="946" WIDTH="29"/>
						<String ID="P433_ST00140" HPOS="953" VPOS="922" WIDTH="51" HEIGHT="29" CONTENT="go" SUBS_TYPE="HypPart1" SUBS_CONTENT="gobetweens," WC="1.00" CC="000"/>
						<HYP CONTENT="-"/>
					</TextLine>
					<TextLine ID="P433_TL00019" HPOS="67" VPOS="958" WIDTH="937" HEIGHT="37">
						<String ID="P433_ST00141" HPOS="67" VPOS="958" WIDTH="164" HEIGHT="37" CONTENT="betweens," SUBS_TYPE="HypPart2" SUBS_CONTENT="gobetweens," WC="0.76" CC="007000633"/>
						<SP ID="P433_SP00119" HPOS="231" VPOS="995" WIDTH="33"/>
						<String ID="P433_ST00142" HPOS="264" VPOS="960" WIDTH="75" HEIGHT="30" CONTENT="took" WC="0.82" CC="7000"/>
						<SP ID="P433_SP00120" HPOS="339" VPOS="995" WIDTH="31"/>
						<String ID="P433_ST00143" HPOS="370" VPOS="971" WIDTH="67" HEIGHT="19" CONTENT="care" WC="0.70" CC="1054"/>
						<SP ID="P433_SP00121" HPOS="437" VPOS="995" WIDTH="30"/>
						<String ID="P433_ST00144" HPOS="467" VPOS="965" WIDTH="33" HEIGHT="25" CONTENT="to" WC="0.96" CC="00"/>
						<SP ID="P433_SP00122" HPOS="500" VPOS="995" WIDTH="28"/>
						<String ID="P433_ST00145" HPOS="528" VPOS="960" WIDTH="159" HEIGHT="30" CONTENT="introduce" WC="0.71" CC="455600300"/>
						<SP ID="P433_SP00123" HPOS="687" VPOS="995" WIDTH="32"/>
						<String ID="P433_ST00146" HPOS="719" VPOS="971" WIDTH="17" HEIGHT="19" CONTENT="a" WC="1.00" CC="0"/>
						<SP ID="P433_SP00124" HPOS="736" VPOS="995" WIDTH="27"/>
						<String ID="P433_ST00147" HPOS="763" VPOS="960" WIDTH="110" HEIGHT="33" CONTENT="clause," WC="0.64" CC="0066406"/>
						<SP ID="P433_SP00125" HPOS="873" VPOS="995" WIDTH="32"/>
						<String ID="P433_ST00148" HPOS="905" VPOS="960" WIDTH="99" HEIGHT="30" CONTENT="which" WC="0.70" CC="05107"/>
					</TextLine>
					<TextLine ID="P433_TL00020" HPOS="68" VPOS="1009" WIDTH="933" HEIGHT="41">
						<String ID="P433_ST00149" HPOS="68" VPOS="1019" WIDTH="42" HEIGHT="20" CONTENT="we" WC="1.00" CC="00"/>
						<SP ID="P433_SP00126" HPOS="110" VPOS="1039" WIDTH="17"/>
						<String ID="P433_ST00150" HPOS="127" VPOS="1009" WIDTH="147" HEIGHT="40" CONTENT="accepted" WC="0.96" CC="00000300"/>
						<SP ID="P433_SP00127" HPOS="274" VPOS="1049" WIDTH="17"/>
						<String ID="P433_ST00151" HPOS="291" VPOS="1009" WIDTH="151" HEIGHT="41" CONTENT="although" WC="0.58" CC="04761607"/>
						<SP ID="P433_SP00128" HPOS="442" VPOS="1050" WIDTH="17"/>
						<String ID="P433_ST00152" HPOS="459" VPOS="1010" WIDTH="25" HEIGHT="30" CONTENT="it" WC="0.75" CC="50"/>
						<SP ID="P433_SP00129" HPOS="484" VPOS="1050" WIDTH="20"/>
						<String ID="P433_ST00153" HPOS="504" VPOS="1020" WIDTH="62" HEIGHT="19" CONTENT="was" WC="0.80" CC="006"/>
						<SP ID="P433_SP00130" HPOS="566" VPOS="1050" WIDTH="26"/>
						<String ID="P433_ST00154" HPOS="592" VPOS="1010" WIDTH="150" HEIGHT="40" CONTENT="injurious" WC="0.79" CC="100561030"/>
						<SP ID="P433_SP00131" HPOS="742" VPOS="1050" WIDTH="27"/>
						<String ID="P433_ST00155" HPOS="769" VPOS="1014" WIDTH="33" HEIGHT="25" CONTENT="to" WC="0.75" CC="40"/>
						<SP ID="P433_SP00132" HPOS="802" VPOS="1050" WIDTH="27"/>
						<String ID="P433_ST00156" HPOS="829" VPOS="1020" WIDTH="56" HEIGHT="19" CONTENT="our" WC="0.62" CC="046"/>
						<SP ID="P433_SP00133" HPOS="885" VPOS="1050" WIDTH="22"/>
						<String ID="P433_ST00157" HPOS="907" VPOS="1010" WIDTH="94" HEIGHT="33" CONTENT="trade," WC="0.81" CC="540010"/>
					</TextLine>
					<TextLine ID="P433_TL00021" HPOS="67" VPOS="1059" WIDTH="937" HEIGHT="41">
						<String ID="P433_ST00158" HPOS="67" VPOS="1059" WIDTH="124" HEIGHT="41" CONTENT="namely" WC="0.90" CC="500000"/>
						<SP ID="P433_SP00134" HPOS="191" VPOS="1100" WIDTH="15"/>
						<String ID="P433_ST00159" HPOS="206" VPOS="1059" WIDTH="54" HEIGHT="30" CONTENT="the" WC="0.59" CC="470"/>
						<SP ID="P433_SP00135" HPOS="260" VPOS="1100" WIDTH="16"/>
						<String ID="P433_ST00160" HPOS="276" VPOS="1060" WIDTH="192" HEIGHT="39" CONTENT="prohibition" WC="0.65" CC="04065653005"/>
						<SP ID="P433_SP00136" HPOS="468" VPOS="1100" WIDTH="16"/>
						<String ID="P433_ST00161" HPOS="484" VPOS="1064" WIDTH="32" HEIGHT="25" CONTENT="to" WC="0.45" CC="64"/>
						<SP ID="P433_SP00137" HPOS="516" VPOS="1100" WIDTH="17"/>
						<String ID="P433_ST00162" HPOS="533" VPOS="1064" WIDTH="110" HEIGHT="35" CONTENT="export" WC="0.83" CC="000090"/>
						<SP ID="P433_SP00138" HPOS="643" VPOS="1100" WIDTH="17"/>
						<String ID="P433_ST00163" HPOS="660" VPOS="1059" WIDTH="59" HEIGHT="30" CONTENT="salt" WC="0.56" CC="9007"/>
						<SP ID="P433_SP00139" HPOS="719" VPOS="1100" WIDTH="15"/>
						<String ID="P433_ST00164" HPOS="734" VPOS="1059" WIDTH="78" HEIGHT="30" CONTENT="from" WC="0.95" CC="0200"/>
						<SP ID="P433_SP00140" HPOS="812" VPOS="1100" WIDTH="23"/>
						<String ID="P433_ST00165" HPOS="835" VPOS="1059" WIDTH="119" HEIGHT="30" CONTENT="Tonkin" WC="0.62" CC="007087"/>
						<SP ID="P433_SP00141" HPOS="954" VPOS="1100" WIDTH="17"/>
						<String ID="P433_ST00166" HPOS="971" VPOS="1063" WIDTH="33" HEIGHT="26" CONTENT="to" WC="0.72" CC="50"/>
					</TextLine>
					<TextLine ID="P433_TL00022" HPOS="67" VPOS="1108" WIDTH="936" HEIGHT="41">
						<String ID="P433_ST00167" HPOS="67" VPOS="1108" WIDTH="105" HEIGHT="31" CONTENT="China." WC="0.68" CC="470700"/>
						<SP ID="P433_SP00142" HPOS="172" VPOS="1139" WIDTH="48"/>
						<String ID="P433_ST00168" HPOS="220" VPOS="1109" WIDTH="58" HEIGHT="30" CONTENT="Mr." WC="0.96" CC="010"/>
						<SP ID="P433_SP00143" HPOS="278" VPOS="1139" WIDTH="30"/>
						<String ID="P433_ST00169" HPOS="308" VPOS="1109" WIDTH="133" HEIGHT="36" CONTENT="Bourne," WC="0.57" CC="6273603"/>
						<SP ID="P433_SP00144" HPOS="441" VPOS="1145" WIDTH="18"/>
						<String ID="P433_ST00170" HPOS="459" VPOS="1110" WIDTH="33" HEIGHT="29" CONTENT="in" WC="0.49" CC="27"/>
						<SP ID="P433_SP00145" HPOS="492" VPOS="1145" WIDTH="26"/>
						<String ID="P433_ST00171" HPOS="518" VPOS="1109" WIDTH="47" HEIGHT="30" CONTENT="his" WC="0.46" CC="609"/>
						<SP ID="P433_SP00146" HPOS="565" VPOS="1145" WIDTH="27"/>
						<String ID="P433_ST00172" HPOS="592" VPOS="1113" WIDTH="113" HEIGHT="36" CONTENT="report," WC="0.71" CC="6000363"/>
						<SP ID="P433_SP00147" HPOS="705" VPOS="1149" WIDTH="16"/>
						<String ID="P433_ST00173" HPOS="721" VPOS="1113" WIDTH="89" HEIGHT="26" CONTENT="notes" WC="0.51" CC="74705"/>
						<SP ID="P433_SP00148" HPOS="810" VPOS="1149" WIDTH="24"/>
						<String ID="P433_ST00174" HPOS="834" VPOS="1109" WIDTH="52" HEIGHT="30" CONTENT="the" WC="0.60" CC="560"/>
						<SP ID="P433_SP00149" HPOS="886" VPOS="1149" WIDTH="17"/>
						<String ID="P433_ST00175" HPOS="903" VPOS="1109" WIDTH="100" HEIGHT="30" CONTENT="disad" SUBS_TYPE="HypPart1" SUBS_CONTENT="disadvantage" WC="0.87" CC="005001"/>
						<HYP CONTENT="-"/>
					</TextLine>
					<TextLine ID="P433_TL00023" HPOS="66" VPOS="1158" WIDTH="934" HEIGHT="40">
						<String ID="P433_ST00176" HPOS="66" VPOS="1163" WIDTH="132" HEIGHT="35" CONTENT="vantage" SUBS_TYPE="HypPart2" SUBS_CONTENT="disadvantage" WC="0.83" CC="0055000"/>
						<SP ID="P433_SP00150" HPOS="198" VPOS="1198" WIDTH="18"/>
						<String ID="P433_ST00177" HPOS="216" VPOS="1170" WIDTH="45" HEIGHT="19" CONTENT="we" WC="1.00" CC="00"/>
						<SP ID="P433_SP00151" HPOS="261" VPOS="1198" WIDTH="16"/>
						<String ID="P433_ST00178" HPOS="277" VPOS="1158" WIDTH="94" HEIGHT="31" CONTENT="suffer" WC="0.72" CC="540006"/>
						<SP ID="P433_SP00152" HPOS="371" VPOS="1198" WIDTH="16"/>
						<String ID="P433_ST00179" HPOS="387" VPOS="1159" WIDTH="78" HEIGHT="29" CONTENT="from" WC="0.82" CC="0700"/>
						<SP ID="P433_SP00153" HPOS="465" VPOS="1198" WIDTH="16"/>
						<String ID="P433_ST00180" HPOS="481" VPOS="1159" WIDTH="63" HEIGHT="29" CONTENT="this" WC="0.52" CC="7604"/>
						<SP ID="P433_SP00154" HPOS="544" VPOS="1198" WIDTH="16"/>
						<String ID="P433_ST00181" HPOS="560" VPOS="1158" WIDTH="198" HEIGHT="40" CONTENT="prohibition." WC="0.70" CC="040744042070"/>
						<SP ID="P433_SP00155" HPOS="758" VPOS="1198" WIDTH="46"/>
						<String ID="P433_ST00182" HPOS="804" VPOS="1158" WIDTH="49" HEIGHT="30" CONTENT="He" WC="0.73" CC="50"/>
						<SP ID="P433_SP00156" HPOS="853" VPOS="1198" WIDTH="17"/>
						<String ID="P433_ST00183" HPOS="870" VPOS="1169" WIDTH="70" HEIGHT="29" CONTENT="says" WC="0.77" CC="2006"/>
						<SP ID="P433_SP00157" HPOS="940" VPOS="1198" WIDTH="15"/>
						<String ID="P433_ST00184" HPOS="955" VPOS="1170" WIDTH="4" HEIGHT="17" CONTENT=":" WC="0.51" CC="4"/>
						<String ID="P433_ST00185" HPOS="963" VPOS="1177" WIDTH="37" HEIGHT="1" CONTENT="—" WC="0.20" CC="8"/>
					</TextLine>
				</TextBlock>
				<TextBlock ID="P433_TB00007" HPOS="64" VPOS="1207" WIDTH="939" HEIGHT="190" STYLEREFS="TXT_0 PAR_LEFT">
					<TextLine ID="P433_TL00024" HPOS="111" VPOS="1207" WIDTH="892" HEIGHT="41">
						<String ID="P433_ST00186" HPOS="111" VPOS="1211" WIDTH="17" HEIGHT="11" CONTENT='"' WC="0.54" CC="4"/>
						<SP ID="P433_SP00158" HPOS="128" VPOS="1222" WIDTH="13"/>
						<String ID="P433_ST00187" HPOS="141" VPOS="1207" WIDTH="15" HEIGHT="31" CONTENT="I" WC="0.98" CC="0"/>
						<SP ID="P433_SP00159" HPOS="156" VPOS="1238" WIDTH="26"/>
						<String ID="P433_ST00188" HPOS="182" VPOS="1208" WIDTH="92" HEIGHT="30" CONTENT="think" WC="0.49" CC="57570"/>
						<SP ID="P433_SP00160" HPOS="274" VPOS="1238" WIDTH="25"/>
						<String ID="P433_ST00189" HPOS="299" VPOS="1208" WIDTH="86" HEIGHT="30" CONTENT="there" WC="0.60" CC="57060"/>
						<SP ID="P433_SP00161" HPOS="385" VPOS="1238" WIDTH="25"/>
						<String ID="P433_ST00190" HPOS="410" VPOS="1209" WIDTH="25" HEIGHT="29" CONTENT="is" WC="0.71" CC="05"/>
						<SP ID="P433_SP00162" HPOS="435" VPOS="1238" WIDTH="24"/>
						<String ID="P433_ST00191" HPOS="459" VPOS="1219" WIDTH="40" HEIGHT="19" CONTENT="no" WC="0.78" CC="40"/>
						<SP ID="P433_SP00163" HPOS="499" VPOS="1238" WIDTH="27"/>
						<String ID="P433_ST00192" HPOS="526" VPOS="1218" WIDTH="108" HEIGHT="20" CONTENT="reason" WC="0.77" CC="304600"/>
						<SP ID="P433_SP00164" HPOS="634" VPOS="1238" WIDTH="24"/>
						<String ID="P433_ST00193" HPOS="658" VPOS="1212" WIDTH="33" HEIGHT="25" CONTENT="to" WC="0.88" CC="02"/>
						<SP ID="P433_SP00165" HPOS="691" VPOS="1238" WIDTH="23"/>
						<String ID="P433_ST00194" HPOS="714" VPOS="1208" WIDTH="64" HEIGHT="30" CONTENT="fear" WC="0.92" CC="1001"/>
						<SP ID="P433_SP00166" HPOS="778" VPOS="1238" WIDTH="24"/>
						<String ID="P433_ST00195" HPOS="802" VPOS="1219" WIDTH="60" HEIGHT="29" CONTENT="any" WC="0.86" CC="040"/>
						<SP ID="P433_SP00167" HPOS="862" VPOS="1248" WIDTH="28"/>
						<String ID="P433_ST00196" HPOS="890" VPOS="1208" WIDTH="113" HEIGHT="30" CONTENT="serious" WC="0.78" CC="0062060"/>
					</TextLine>
					<TextLine ID="P433_TL00025" HPOS="64" VPOS="1257" WIDTH="938" HEIGHT="42">
						<String ID="P433_ST00197" HPOS="64" VPOS="1258" WIDTH="158" HEIGHT="40" CONTENT="prejudice" WC="0.85" CC="030050300"/>
						<SP ID="P433_SP00168" HPOS="222" VPOS="1298" WIDTH="23"/>
						<String ID="P433_ST00198" HPOS="245" VPOS="1258" WIDTH="49" HEIGHT="30" CONTENT="for" WC="0.74" CC="214"/>
						<SP ID="P433_SP00169" HPOS="294" VPOS="1298" WIDTH="23"/>
						<String ID="P433_ST00199" HPOS="317" VPOS="1257" WIDTH="131" HEIGHT="42" CONTENT="English" WC="0.70" CC="4600017"/>
						<SP ID="P433_SP00170" HPOS="448" VPOS="1299" WIDTH="24"/>
						<String ID="P433_ST00200" HPOS="472" VPOS="1258" WIDTH="130" HEIGHT="29" CONTENT="interest" WC="0.70" CC="56603010"/>
						<SP ID="P433_SP00171" HPOS="602" VPOS="1299" WIDTH="16"/>
						<String ID="P433_ST00201" HPOS="618" VPOS="1258" WIDTH="32" HEIGHT="29" CONTENT="in" WC="0.68" CC="06"/>
						<SP ID="P433_SP00172" HPOS="650" VPOS="1299" WIDTH="21"/>
						<String ID="P433_ST00202" HPOS="671" VPOS="1257" WIDTH="53" HEIGHT="30" CONTENT="the" WC="0.47" CC="275"/>
						<SP ID="P433_SP00173" HPOS="724" VPOS="1299" WIDTH="17"/>
						<String ID="P433_ST00203" HPOS="741" VPOS="1258" WIDTH="133" HEIGHT="40" CONTENT="opening-" WC="0.71" CC="00007806"/>
						<SP ID="P433_SP00174" HPOS="874" VPOS="1299" WIDTH="24"/>
						<String ID="P433_ST00204" HPOS="898" VPOS="1258" WIDTH="34" HEIGHT="29" CONTENT="of" WC="1.00" CC="00"/>
						<SP ID="P433_SP00175" HPOS="932" VPOS="1299" WIDTH="19"/>
						<String ID="P433_ST00205" HPOS="951" VPOS="1257" WIDTH="51" HEIGHT="30" CONTENT="the" WC="0.59" CC="470"/>
					</TextLine>
					<TextLine ID="P433_TL00026" HPOS="65" VPOS="1306" WIDTH="937" HEIGHT="41">
						<String ID="P433_ST00206" HPOS="65" VPOS="1308" WIDTH="66" HEIGHT="30" CONTENT="Red" WC="0.75" CC="700"/>
						<SP ID="P433_SP00176" HPOS="131" VPOS="1338" WIDTH="25"/>
						<String ID="P433_ST00207" HPOS="156" VPOS="1308" WIDTH="102" HEIGHT="36" CONTENT="River," WC="0.75" CC="700024"/>
						<SP ID="P433_SP00177" HPOS="258" VPOS="1344" WIDTH="26"/>
						<String ID="P433_ST00208" HPOS="284" VPOS="1317" WIDTH="37" HEIGHT="21" CONTENT="as" WC="0.60" CC="70"/>
						<SP ID="P433_SP00178" HPOS="321" VPOS="1344" WIDTH="28"/>
						<String ID="P433_ST00209" HPOS="349" VPOS="1306" WIDTH="166" HEIGHT="41" CONTENT="arranged" WC="0.68" CC="70690020"/>
						<SP ID="P433_SP00179" HPOS="515" VPOS="1347" WIDTH="20"/>
						<String ID="P433_ST00210" HPOS="535" VPOS="1306" WIDTH="38" HEIGHT="40" CONTENT="by" WC="1.00" CC="00"/>
						<SP ID="P433_SP00180" HPOS="573" VPOS="1347" WIDTH="21"/>
						<String ID="P433_ST00211" HPOS="594" VPOS="1306" WIDTH="47" HEIGHT="30" CONTENT="the" WC="0.87" CC="300"/>
						<SP ID="P433_SP00181" HPOS="641" VPOS="1347" WIDTH="23"/>
						<String ID="P433_ST00212" HPOS="664" VPOS="1312" WIDTH="103" HEIGHT="25" CONTENT="recent" WC="0.91" CC="003001"/>
						<SP ID="P433_SP00182" HPOS="767" VPOS="1347" WIDTH="25"/>
						<String ID="P433_ST00213" HPOS="792" VPOS="1312" WIDTH="109" HEIGHT="35" CONTENT="treaty," WC="0.84" CC="2000403"/>
						<SP ID="P433_SP00183" HPOS="901" VPOS="1347" WIDTH="26"/>
						<String ID="P433_ST00214" HPOS="927" VPOS="1318" WIDTH="75" HEIGHT="20" CONTENT="even" WC="0.82" CC="0007"/>
					</TextLine>
					<TextLine ID="P433_TL00027" HPOS="65" VPOS="1356" WIDTH="723" HEIGHT="41">
						<String ID="P433_ST00215" HPOS="65" VPOS="1358" WIDTH="170" HEIGHT="39" CONTENT="supposing" WC="0.62" CC="740045370"/>
						<SP ID="P433_SP00184" HPOS="235" VPOS="1397" WIDTH="15"/>
						<String ID="P433_ST00216" HPOS="250" VPOS="1369" WIDTH="17" HEIGHT="18" CONTENT="a" WC="1.00" CC="0"/>
						<SP ID="P433_SP00185" HPOS="267" VPOS="1397" WIDTH="16"/>
						<String ID="P433_ST00217" HPOS="283" VPOS="1357" WIDTH="113" HEIGHT="30" CONTENT="hostile" WC="0.60" CC="6066610"/>
						<SP ID="P433_SP00186" HPOS="396" VPOS="1397" WIDTH="17"/>
						<String ID="P433_ST00218" HPOS="413" VPOS="1356" WIDTH="85" HEIGHT="31" CONTENT="tariff" WC="0.96" CC="002000"/>
						<SP ID="P433_SP00187" HPOS="498" VPOS="1397" WIDTH="12"/>
						<String ID="P433_ST00219" HPOS="510" VPOS="1361" WIDTH="32" HEIGHT="26" CONTENT="at" WC="0.77" CC="04"/>
						<SP ID="P433_SP00188" HPOS="542" VPOS="1397" WIDTH="16"/>
						<String ID="P433_ST00220" HPOS="558" VPOS="1356" WIDTH="94" HEIGHT="41" CONTENT="Hong" WC="0.74" CC="3060"/>
						<SP ID="P433_SP00189" HPOS="652" VPOS="1397" WIDTH="16"/>
						<String ID="P433_ST00221" HPOS="668" VPOS="1356" WIDTH="120" HEIGHT="41" CONTENT='Kong."' WC="0.84" CC="006011"/>
					</TextLine>
				</TextBlock>
				<TextBlock ID="P433_TB00008" HPOS="60" VPOS="1405" WIDTH="941" HEIGHT="392" STYLEREFS="TXT_0 PAR_LEFT">
					<TextLine ID="P433_TL00028" HPOS="108" VPOS="1405" WIDTH="893" HEIGHT="43">
						<String ID="P433_ST00222" HPOS="108" VPOS="1407" WIDTH="169" HEIGHT="41" CONTENT="Formerly," WC="0.75" CC="505005004"/>
						<SP ID="P433_SP00190" HPOS="277" VPOS="1448" WIDTH="25"/>
						<String ID="P433_ST00223" HPOS="302" VPOS="1406" WIDTH="121" HEIGHT="37" CONTENT="indeed," WC="0.85" CC="0500004"/>
						<SP ID="P433_SP00191" HPOS="423" VPOS="1448" WIDTH="25"/>
						<String ID="P433_ST00224" HPOS="448" VPOS="1406" WIDTH="146" HEIGHT="30" CONTENT="Yunnam" WC="0.65" CC="154800"/>
						<SP ID="P433_SP00192" HPOS="594" VPOS="1448" WIDTH="25"/>
						<String ID="P433_ST00225" HPOS="619" VPOS="1405" WIDTH="61" HEIGHT="31" CONTENT="and" WC="0.80" CC="050"/>
						<SP ID="P433_SP00193" HPOS="680" VPOS="1448" WIDTH="24"/>
						<String ID="P433_ST00226" HPOS="704" VPOS="1417" WIDTH="18" HEIGHT="19" CONTENT="a" WC="0.55" CC="4"/>
						<SP ID="P433_SP00194" HPOS="722" VPOS="1448" WIDTH="25"/>
						<String ID="P433_ST00227" HPOS="747" VPOS="1406" WIDTH="123" HEIGHT="40" CONTENT="portion" WC="0.92" CC="0000005"/>
						<SP ID="P433_SP00195" HPOS="870" VPOS="1448" WIDTH="26"/>
						<String ID="P433_ST00228" HPOS="896" VPOS="1406" WIDTH="33" HEIGHT="30" CONTENT="of" WC="0.71" CC="05"/>
						<SP ID="P433_SP00196" HPOS="929" VPOS="1448" WIDTH="20"/>
						<String ID="P433_ST00229" HPOS="949" VPOS="1406" WIDTH="52" HEIGHT="30" CONTENT="the" WC="0.49" CC="572"/>
					</TextLine>
					<TextLine ID="P433_TL00029" HPOS="65" VPOS="1456" WIDTH="936" HEIGHT="42">
						<String ID="P433_ST00230" HPOS="65" VPOS="1457" WIDTH="226" HEIGHT="41" CONTENT="neighbouring" WC="0.57" CC="601077467540"/>
						<SP ID="P433_SP00197" HPOS="291" VPOS="1498" WIDTH="25"/>
						<String ID="P433_ST00231" HPOS="316" VPOS="1457" WIDTH="161" HEIGHT="40" CONTENT="provinces" WC="0.71" CC="064044005"/>
						<SP ID="P433_SP00198" HPOS="477" VPOS="1498" WIDTH="29"/>
						<String ID="P433_ST00232" HPOS="506" VPOS="1466" WIDTH="77" HEIGHT="20" CONTENT="were" WC="0.79" CC="0250"/>
						<SP ID="P433_SP00199" HPOS="583" VPOS="1498" WIDTH="28"/>
						<String ID="P433_ST00233" HPOS="611" VPOS="1456" WIDTH="149" HEIGHT="40" CONTENT="provided" WC="0.87" CC="04005000"/>
						<SP ID="P433_SP00200" HPOS="760" VPOS="1498" WIDTH="19"/>
						<String ID="P433_ST00234" HPOS="779" VPOS="1456" WIDTH="76" HEIGHT="30" CONTENT="with" WC="0.67" CC="0057"/>
						<SP ID="P433_SP00201" HPOS="855" VPOS="1498" WIDTH="22"/>
						<String ID="P433_ST00235" HPOS="877" VPOS="1456" WIDTH="124" HEIGHT="30" CONTENT="sea-salt" WC="0.72" CC="60026006"/>
					</TextLine>
					<TextLine ID="P433_TL00030" HPOS="64" VPOS="1505" WIDTH="937" HEIGHT="41">
						<String ID="P433_ST00236" HPOS="64" VPOS="1507" WIDTH="79" HEIGHT="30" CONTENT="from" WC="0.98" CC="0000"/>
						<SP ID="P433_SP00202" HPOS="143" VPOS="1537" WIDTH="25"/>
						<String ID="P433_ST00237" HPOS="168" VPOS="1508" WIDTH="130" HEIGHT="35" CONTENT="Tonkin," WC="0.75" CC="0230073"/>
						<SP ID="P433_SP00203" HPOS="298" VPOS="1543" WIDTH="26"/>
						<String ID="P433_ST00238" HPOS="324" VPOS="1507" WIDTH="61" HEIGHT="30" CONTENT="and" WC="0.76" CC="070"/>
						<SP ID="P433_SP00204" HPOS="385" VPOS="1543" WIDTH="27"/>
						<String ID="P433_ST00239" HPOS="412" VPOS="1506" WIDTH="64" HEIGHT="31" CONTENT="this" WC="0.52" CC="5732"/>
						<SP ID="P433_SP00205" HPOS="476" VPOS="1543" WIDTH="22"/>
						<String ID="P433_ST00240" HPOS="498" VPOS="1516" WIDTH="63" HEIGHT="20" CONTENT="was" WC="0.77" CC="006"/>
						<SP ID="P433_SP00206" HPOS="561" VPOS="1543" WIDTH="24"/>
						<String ID="P433_ST00241" HPOS="585" VPOS="1505" WIDTH="53" HEIGHT="31" CONTENT="the" WC="0.59" CC="470"/>
						<SP ID="P433_SP00207" HPOS="638" VPOS="1543" WIDTH="20"/>
						<String ID="P433_ST00242" HPOS="658" VPOS="1505" WIDTH="101" HEIGHT="41" CONTENT="object" WC="0.76" CC="070015"/>
						<SP ID="P433_SP00208" HPOS="759" VPOS="1546" WIDTH="21"/>
						<String ID="P433_ST00243" HPOS="780" VPOS="1505" WIDTH="33" HEIGHT="31" CONTENT="of" WC="0.89" CC="20"/>
						<SP ID="P433_SP00209" HPOS="813" VPOS="1546" WIDTH="19"/>
						<String ID="P433_ST00244" HPOS="832" VPOS="1506" WIDTH="169" HEIGHT="40" CONTENT="important" WC="0.67" CC="000050976"/>
					</TextLine>
					<TextLine ID="P433_TL00031" HPOS="65" VPOS="1555" WIDTH="936" HEIGHT="41">
						<String ID="P433_ST00245" HPOS="65" VPOS="1558" WIDTH="193" HEIGHT="29" CONTENT="commercial" WC="0.83" CC="4000030090"/>
						<SP ID="P433_SP00210" HPOS="258" VPOS="1587" WIDTH="17"/>
						<String ID="P433_ST00246" HPOS="275" VPOS="1557" WIDTH="182" HEIGHT="39" CONTENT="exchanges." WC="0.66" CC="1007079060"/>
						<SP ID="P433_SP00211" HPOS="457" VPOS="1596" WIDTH="48"/>
						<String ID="P433_ST00247" HPOS="505" VPOS="1555" WIDTH="64" HEIGHT="30" CONTENT="The" WC="0.80" CC="060"/>
						<SP ID="P433_SP00212" HPOS="569" VPOS="1596" WIDTH="23"/>
						<String ID="P433_ST00248" HPOS="592" VPOS="1555" WIDTH="193" HEIGHT="30" CONTENT="inhabitants" WC="0.61" CC="36702050753"/>
						<SP ID="P433_SP00213" HPOS="785" VPOS="1596" WIDTH="15"/>
						<String ID="P433_ST00249" HPOS="800" VPOS="1555" WIDTH="34" HEIGHT="30" CONTENT="of" WC="1.00" CC="00"/>
						<SP ID="P433_SP00214" HPOS="834" VPOS="1596" WIDTH="20"/>
						<String ID="P433_ST00250" HPOS="854" VPOS="1555" WIDTH="86" HEIGHT="31" CONTENT="these" WC="0.76" CC="56000"/>
						<SP ID="P433_SP00215" HPOS="940" VPOS="1596" WIDTH="15"/>
						<String ID="P433_ST00251" HPOS="955" VPOS="1566" WIDTH="46" HEIGHT="20" CONTENT="re" SUBS_TYPE="HypPart1" SUBS_CONTENT="regions" WC="0.83" CC="400"/>
						<HYP CONTENT="-"/>
					</TextLine>
					<TextLine ID="P433_TL00032" HPOS="63" VPOS="1605" WIDTH="938" HEIGHT="44">
						<String ID="P433_ST00252" HPOS="63" VPOS="1608" WIDTH="89" HEIGHT="41" CONTENT="gions" SUBS_TYPE="HypPart2" SUBS_CONTENT="regions" WC="0.61" CC="93041"/>
						<SP ID="P433_SP00216" HPOS="152" VPOS="1649" WIDTH="25"/>
						<String ID="P433_ST00253" HPOS="177" VPOS="1619" WIDTH="50" HEIGHT="18" CONTENT="are" WC="0.77" CC="060"/>
						<SP ID="P433_SP00217" HPOS="227" VPOS="1649" WIDTH="25"/>
						<String ID="P433_ST00254" HPOS="252" VPOS="1618" WIDTH="70" HEIGHT="19" CONTENT="now" WC="0.33" CC="549"/>
						<SP ID="P433_SP00218" HPOS="322" VPOS="1649" WIDTH="23"/>
						<String ID="P433_ST00255" HPOS="345" VPOS="1605" WIDTH="134" HEIGHT="31" CONTENT="reduced" WC="0.88" CC="6001000"/>
						<SP ID="P433_SP00219" HPOS="479" VPOS="1649" WIDTH="24"/>
						<String ID="P433_ST00256" HPOS="503" VPOS="1609" WIDTH="32" HEIGHT="26" CONTENT="to" WC="0.72" CC="50"/>
						<SP ID="P433_SP00220" HPOS="535" VPOS="1649" WIDTH="24"/>
						<String ID="P433_ST00257" HPOS="559" VPOS="1605" WIDTH="145" HEIGHT="41" CONTENT="bringing" WC="0.71" CC="35030640"/>
						<SP ID="P433_SP00221" HPOS="704" VPOS="1649" WIDTH="26"/>
						<String ID="P433_ST00258" HPOS="730" VPOS="1605" WIDTH="72" HEIGHT="30" CONTENT="rock" WC="0.96" CC="0010"/>
						<SP ID="P433_SP00222" HPOS="802" VPOS="1649" WIDTH="31"/>
						<String ID="P433_ST00259" HPOS="833" VPOS="1605" WIDTH="57" HEIGHT="30" CONTENT="salt" WC="0.59" CC="6036"/>
						<SP ID="P433_SP00223" HPOS="890" VPOS="1649" WIDTH="33"/>
						<String ID="P433_ST00260" HPOS="923" VPOS="1605" WIDTH="78" HEIGHT="30" CONTENT="from" WC="0.80" CC="0610"/>
					</TextLine>
					<TextLine ID="P433_TL00033" HPOS="62" VPOS="1654" WIDTH="939" HEIGHT="42">
						<String ID="P433_ST00261" HPOS="62" VPOS="1658" WIDTH="102" HEIGHT="30" CONTENT="North" WC="0.76" CC="00407"/>
						<SP ID="P433_SP00224" HPOS="164" VPOS="1688" WIDTH="24"/>
						<String ID="P433_ST00262" HPOS="188" VPOS="1658" WIDTH="155" HEIGHT="29" CONTENT="Yunnam." WC="0.68" CC="2567000"/>
						<SP ID="P433_SP00225" HPOS="343" VPOS="1688" WIDTH="59"/>
						<String ID="P433_ST00263" HPOS="402" VPOS="1656" WIDTH="43" HEIGHT="30" CONTENT="As" WC="0.91" CC="01"/>
						<SP ID="P433_SP00226" HPOS="445" VPOS="1688" WIDTH="16"/>
						<String ID="P433_ST00264" HPOS="461" VPOS="1655" WIDTH="54" HEIGHT="30" CONTENT="the" WC="0.54" CC="670"/>
						<SP ID="P433_SP00227" HPOS="515" VPOS="1688" WIDTH="16"/>
						<String ID="P433_ST00265" HPOS="531" VPOS="1654" WIDTH="130" HEIGHT="42" CONTENT="English" WC="0.67" CC="2000676"/>
						<SP ID="P433_SP00228" HPOS="661" VPOS="1696" WIDTH="15"/>
						<String ID="P433_ST00266" HPOS="676" VPOS="1655" WIDTH="33" HEIGHT="29" CONTENT="in" WC="0.76" CC="40"/>
						<SP ID="P433_SP00229" HPOS="709" VPOS="1696" WIDTH="16"/>
						<String ID="P433_ST00267" HPOS="725" VPOS="1654" WIDTH="90" HEIGHT="31" CONTENT="India" WC="0.83" CC="02040"/>
						<SP ID="P433_SP00230" HPOS="815" VPOS="1696" WIDTH="22"/>
						<String ID="P433_ST00268" HPOS="837" VPOS="1655" WIDTH="78" HEIGHT="30" CONTENT="have" WC="0.65" CC="6700"/>
						<SP ID="P433_SP00231" HPOS="915" VPOS="1696" WIDTH="20"/>
						<String ID="P433_ST00269" HPOS="935" VPOS="1655" WIDTH="66" HEIGHT="40" CONTENT="just" WC="0.57" CC="0555"/>
					</TextLine>
					<TextLine ID="P433_TL00034" HPOS="61" VPOS="1704" WIDTH="940" HEIGHT="41">
						<String ID="P433_ST00270" HPOS="61" VPOS="1708" WIDTH="147" HEIGHT="31" CONTENT="obtained" WC="0.80" CC="00206600"/>
						<SP ID="P433_SP00232" HPOS="208" VPOS="1739" WIDTH="24"/>
						<String ID="P433_ST00271" HPOS="232" VPOS="1707" WIDTH="79" HEIGHT="30" CONTENT="from" WC="0.78" CC="2500"/>
						<SP ID="P433_SP00233" HPOS="311" VPOS="1739" WIDTH="27"/>
						<String ID="P433_ST00272" HPOS="338" VPOS="1706" WIDTH="99" HEIGHT="31" CONTENT="China" WC="0.56" CC="76160"/>
						<SP ID="P433_SP00234" HPOS="437" VPOS="1739" WIDTH="26"/>
						<String ID="P433_ST00273" HPOS="463" VPOS="1705" WIDTH="53" HEIGHT="30" CONTENT="the" WC="0.67" CC="270"/>
						<SP ID="P433_SP00235" HPOS="516" VPOS="1739" WIDTH="27"/>
						<String ID="P433_ST00274" HPOS="543" VPOS="1704" WIDTH="182" HEIGHT="41" CONTENT="permission" WC="0.77" CC="0050012606"/>
						<SP ID="P433_SP00236" HPOS="725" VPOS="1745" WIDTH="30"/>
						<String ID="P433_ST00275" HPOS="755" VPOS="1708" WIDTH="33" HEIGHT="26" CONTENT="to" WC="0.72" CC="50"/>
						<SP ID="P433_SP00237" HPOS="788" VPOS="1745" WIDTH="28"/>
						<String ID="P433_ST00276" HPOS="816" VPOS="1708" WIDTH="109" HEIGHT="36" CONTENT="export" WC="0.70" CC="080206"/>
						<SP ID="P433_SP00238" HPOS="925" VPOS="1745" WIDTH="26"/>
						<String ID="P433_ST00277" HPOS="951" VPOS="1708" WIDTH="50" HEIGHT="26" CONTENT="tea" WC="0.79" CC="600"/>
					</TextLine>
					<TextLine ID="P433_TL00035" HPOS="61" VPOS="1753" WIDTH="940" HEIGHT="44">
						<String ID="P433_ST00278" HPOS="61" VPOS="1758" WIDTH="132" HEIGHT="39" CONTENT="directly" WC="0.87" CC="62001000"/>
						<SP ID="P433_SP00239" HPOS="193" VPOS="1797" WIDTH="27"/>
						<String ID="P433_ST00279" HPOS="220" VPOS="1758" WIDTH="67" HEIGHT="30" CONTENT="into" WC="0.58" CC="0663"/>
						<SP ID="P433_SP00240" HPOS="287" VPOS="1797" WIDTH="25"/>
						<String ID="P433_ST00280" HPOS="312" VPOS="1757" WIDTH="112" HEIGHT="29" CONTENT="Thibet" WC="0.84" CC="060200"/>
						<SP ID="P433_SP00241" HPOS="424" VPOS="1797" WIDTH="27"/>
						<String ID="P433_ST00281" HPOS="451" VPOS="1755" WIDTH="113" HEIGHT="41" CONTENT="(which" WC="0.54" CC="294073"/>
						<SP ID="P433_SP00242" HPOS="564" VPOS="1797" WIDTH="28"/>
						<String ID="P433_ST00282" HPOS="592" VPOS="1765" WIDTH="61" HEIGHT="20" CONTENT="was" WC="0.78" CC="006"/>
						<SP ID="P433_SP00243" HPOS="653" VPOS="1797" WIDTH="22"/>
						<String ID="P433_ST00283" HPOS="675" VPOS="1754" WIDTH="146" HEIGHT="41" CONTENT="formerly" WC="0.85" CC="04000700"/>
						<SP ID="P433_SP00244" HPOS="821" VPOS="1797" WIDTH="23"/>
						<String ID="P433_ST00284" HPOS="844" VPOS="1754" WIDTH="79" HEIGHT="31" CONTENT="done" WC="0.72" CC="0460"/>
						<SP ID="P433_SP00245" HPOS="923" VPOS="1797" WIDTH="34"/>
						<String ID="P433_ST00285" HPOS="957" VPOS="1753" WIDTH="44" HEIGHT="40" CONTENT="by" WC="0.64" CC="07"/>
					</TextLine>
				</TextBlock>
				<TextBlock ID="P433_TB00009" HPOS="856" VPOS="1812" WIDTH="60" HEIGHT="21" STYLEREFS="TXT_0 PAR_RIGHT">
					<TextLine ID="P433_TL00036" HPOS="857" VPOS="1813" WIDTH="59" HEIGHT="20">
						<String ID="P433_ST00286" HPOS="857" VPOS="1813" WIDTH="17" HEIGHT="20" CONTENT="E" WC="0.50" CC="4"/>
						<SP ID="P433_SP00246" HPOS="874" VPOS="1833" WIDTH="24"/>
						<String ID="P433_ST00287" HPOS="898" VPOS="1813" WIDTH="18" HEIGHT="20" CONTENT="E" WC="1.00" CC="0"/>
					</TextLine>
				</TextBlock>
			</PrintSpace>
		</Page>
	</Layout>
</alto>
