<?xml version="1.0" encoding="UTF-8"?>
<alto xmlns:xsi="http://www.w3.org/2001/XMLSchema-instance" xsi:noNamespaceSchemaLocation="http://www.bl.uk/schemas/alto/alto-1-4.xsd" xmlns:xlink="http://www.w3.org/1999/xlink">
	<Description>
		<MeasurementUnit>mm10</MeasurementUnit>
		<sourceImageInformation>
			<fileName>//head1/IN/2008-10/A0011314642/000150.jp2</fileName>
		</sourceImageInformation>
		<OCRProcessing ID="OCRPROCESSING_1">
			<preProcessingStep>
				<processingSoftware>
					<softwareCreator>CCS Content Conversion Specialists GmbH, Germany</softwareCreator>
					<softwareName>CCS docWORKS</softwareName>
					<softwareVersion>6.1-0.67</softwareVersion>
				</processingSoftware>
			</preProcessingStep>
			<ocrProcessingStep>
				<processingSoftware>
					<softwareCreator>ABBYY (BIT Software), Russia</softwareCreator>
					<softwareName>Finereader</softwareName>
				</processingSoftware>
			</ocrProcessingStep>
		</OCRProcessing>
	</Description>
	<Styles/>
	<Layout>
		<Page ID="P46" PHYSICAL_IMG_NR="46" HEIGHT="1940" WIDTH="1138" POSITION="Left">
			<TopMargin ID="P46_TM00001" HPOS="0" VPOS="0" WIDTH="1137" HEIGHT="0"/>
			<LeftMargin ID="P46_LM00001" HPOS="0" VPOS="0" WIDTH="0" HEIGHT="1939"/>
			<RightMargin ID="P46_RM00001" HPOS="1137" VPOS="0" WIDTH="0" HEIGHT="1939"/>
			<BottomMargin ID="P46_BM00001" HPOS="0" VPOS="1939" WIDTH="1137" HEIGHT="0"/>
			<PrintSpace ID="P46_PS00001" HPOS="0" VPOS="0" WIDTH="1137" HEIGHT="1939"/>
		</Page>
	</Layout>
</alto>
