<?xml version="1.0" encoding="UTF-8"?>
<alto xmlns:xsi="http://www.w3.org/2001/XMLSchema-instance" xsi:noNamespaceSchemaLocation="http://www.bl.uk/schemas/alto/alto-1-4.xsd" xmlns:xlink="http://www.w3.org/1999/xlink">
	<Description>
		<MeasurementUnit>mm10</MeasurementUnit>
		<sourceImageInformation>
			<fileName>//head1/IN/2008-10/A0011314642/000446.jp2</fileName>
		</sourceImageInformation>
		<OCRProcessing ID="OCRPROCESSING_1">
			<preProcessingStep>
				<processingSoftware>
					<softwareCreator>CCS Content Conversion Specialists GmbH, Germany</softwareCreator>
					<softwareName>CCS docWORKS</softwareName>
					<softwareVersion>6.1-0.67</softwareVersion>
				</processingSoftware>
			</preProcessingStep>
			<ocrProcessingStep>
				<processingSoftware>
					<softwareCreator>ABBYY (BIT Software), Russia</softwareCreator>
					<softwareName>Finereader</softwareName>
				</processingSoftware>
			</ocrProcessingStep>
		</OCRProcessing>
	</Description>
	<Styles>
		<TextStyle ID="TXT_0" FONTSIZE="10" FONTFAMILY="Courier New"/>
		<TextStyle ID="TXT_1" FONTSIZE="9" FONTFAMILY="Courier New"/>
		<ParagraphStyle ID="PAR_RIGHT" ALIGN="Right"/>
		<ParagraphStyle ID="PAR_LEFT" ALIGN="Left"/>
	</Styles>
	<Layout>
		<Page ID="P338" PHYSICAL_IMG_NR="338" HEIGHT="1940" WIDTH="1138" PRINTED_IMG_NR="322" POSITION="Left" ACCURACY="70.83">
			<TopMargin ID="P338_TM00001" HPOS="0" VPOS="0" WIDTH="1137" HEIGHT="134">
				<TextBlock ID="P338_TB00001" HPOS="463" VPOS="97" WIDTH="289" HEIGHT="30" STYLEREFS="TXT_0 PAR_RIGHT">
					<TextLine ID="P338_TL00001" HPOS="464" VPOS="98" WIDTH="288" HEIGHT="29">
						<String ID="P338_ST00001" HPOS="464" VPOS="99" WIDTH="143" HEIGHT="28" CONTENT="Around" WC="0.88" CC="001050"/>
						<SP ID="P338_SP00001" HPOS="607" VPOS="127" WIDTH="25"/>
						<String ID="P338_ST00002" HPOS="632" VPOS="98" WIDTH="120" HEIGHT="29" CONTENT="Tonkin" WC="0.76" CC="007006"/>
					</TextLine>
				</TextBlock>
				<TextBlock ID="P338_TB00002" HPOS="145" VPOS="105" WIDTH="57" HEIGHT="27" STYLEREFS="TXT_0 PAR_LEFT">
					<TextLine ID="P338_TL00002" HPOS="145" VPOS="105" WIDTH="57" HEIGHT="27">
						<String ID="P338_ST00003" HPOS="145" VPOS="105" WIDTH="57" HEIGHT="27" CONTENT="322" WC="1.00" CC="000"/>
					</TextLine>
				</TextBlock>
			</TopMargin>
			<LeftMargin ID="P338_LM00001" HPOS="0" VPOS="134" WIDTH="139" HEIGHT="1676"/>
			<RightMargin ID="P338_RM00001" HPOS="1086" VPOS="134" WIDTH="51" HEIGHT="1676"/>
			<BottomMargin ID="P338_BM00001" HPOS="0" VPOS="1810" WIDTH="1137" HEIGHT="129"/>
			<PrintSpace ID="P338_PS00001" HPOS="139" VPOS="134" WIDTH="947" HEIGHT="1676">
				<TextBlock ID="P338_TB00003" HPOS="142" VPOS="181" WIDTH="944" HEIGHT="233" STYLEREFS="TXT_1 PAR_LEFT">
					<TextLine ID="P338_TL00003" HPOS="142" VPOS="182" WIDTH="944" HEIGHT="45">
						<String ID="P338_ST00004" HPOS="142" VPOS="184" WIDTH="101" HEIGHT="31" CONTENT="seized" WC="0.84" CC="501020"/>
						<SP ID="P338_SP00002" HPOS="243" VPOS="215" WIDTH="17"/>
						<String ID="P338_ST00005" HPOS="260" VPOS="186" WIDTH="74" HEIGHT="29" CONTENT="with" WC="0.63" CC="0077"/>
						<SP ID="P338_SP00003" HPOS="334" VPOS="215" WIDTH="17"/>
						<String ID="P338_ST00006" HPOS="351" VPOS="197" WIDTH="16" HEIGHT="18" CONTENT="a" WC="0.51" CC="4"/>
						<SP ID="P338_SP00004" HPOS="367" VPOS="215" WIDTH="17"/>
						<String ID="P338_ST00007" HPOS="384" VPOS="187" WIDTH="131" HEIGHT="40" CONTENT="wasting" WC="0.84" CC="0010180"/>
						<SP ID="P338_SP00005" HPOS="515" VPOS="227" WIDTH="15"/>
						<String ID="P338_ST00008" HPOS="530" VPOS="186" WIDTH="113" HEIGHT="35" CONTENT="illness," WC="0.65" CC="00384704"/>
						<SP ID="P338_SP00006" HPOS="643" VPOS="227" WIDTH="18"/>
						<String ID="P338_ST00009" HPOS="661" VPOS="185" WIDTH="61" HEIGHT="30" CONTENT="and" WC="0.75" CC="070"/>
						<SP ID="P338_SP00007" HPOS="722" VPOS="227" WIDTH="16"/>
						<String ID="P338_ST00010" HPOS="738" VPOS="195" WIDTH="44" HEIGHT="19" CONTENT="we" WC="0.53" CC="90"/>
						<SP ID="P338_SP00008" HPOS="782" VPOS="227" WIDTH="18"/>
						<String ID="P338_ST00011" HPOS="800" VPOS="182" WIDTH="182" HEIGHT="41" CONTENT="frequently" WC="0.86" CC="0600001600"/>
						<SP ID="P338_SP00009" HPOS="982" VPOS="227" WIDTH="20"/>
						<String ID="P338_ST00012" HPOS="1002" VPOS="184" WIDTH="84" HEIGHT="26" CONTENT="went" WC="0.69" CC="0047"/>
					</TextLine>
					<TextLine ID="P338_TL00004" HPOS="142" VPOS="231" WIDTH="943" HEIGHT="44">
						<String ID="P338_ST00013" HPOS="142" VPOS="238" WIDTH="33" HEIGHT="26" CONTENT="to" WC="0.63" CC="60"/>
						<SP ID="P338_SP00010" HPOS="175" VPOS="264" WIDTH="16"/>
						<String ID="P338_ST00014" HPOS="191" VPOS="245" WIDTH="49" HEIGHT="19" CONTENT="see" WC="0.76" CC="700"/>
						<SP ID="P338_SP00011" HPOS="240" VPOS="264" WIDTH="17"/>
						<String ID="P338_ST00015" HPOS="257" VPOS="236" WIDTH="72" HEIGHT="29" CONTENT="him." WC="0.81" CC="7000"/>
						<SP ID="P338_SP00012" HPOS="329" VPOS="265" WIDTH="47"/>
						<String ID="P338_ST00016" HPOS="376" VPOS="236" WIDTH="65" HEIGHT="29" CONTENT="One" WC="0.53" CC="580"/>
						<SP ID="P338_SP00013" HPOS="441" VPOS="265" WIDTH="17"/>
						<String ID="P338_ST00017" HPOS="458" VPOS="236" WIDTH="34" HEIGHT="29" CONTENT="of" WC="1.00" CC="00"/>
						<SP ID="P338_SP00014" HPOS="492" VPOS="265" WIDTH="19"/>
						<String ID="P338_ST00018" HPOS="511" VPOS="236" WIDTH="54" HEIGHT="29" CONTENT="the" WC="0.53" CC="670"/>
						<SP ID="P338_SP00015" HPOS="565" VPOS="265" WIDTH="17"/>
						<String ID="P338_ST00019" HPOS="582" VPOS="236" WIDTH="198" HEIGHT="39" CONTENT="interpreters" WC="0.65" CC="046060607044"/>
						<SP ID="P338_SP00016" HPOS="780" VPOS="275" WIDTH="18"/>
						<String ID="P338_ST00020" HPOS="798" VPOS="233" WIDTH="34" HEIGHT="30" CONTENT="of" WC="0.88" CC="02"/>
						<SP ID="P338_SP00017" HPOS="832" VPOS="275" WIDTH="16"/>
						<String ID="P338_ST00021" HPOS="848" VPOS="233" WIDTH="54" HEIGHT="30" CONTENT="the" WC="0.58" CC="560"/>
						<SP ID="P338_SP00018" HPOS="902" VPOS="275" WIDTH="17"/>
						<String ID="P338_ST00022" HPOS="919" VPOS="231" WIDTH="166" HEIGHT="31" CONTENT="Consulate" WC="0.80" CC="526020000"/>
					</TextLine>
					<TextLine ID="P338_TL00005" HPOS="142" VPOS="281" WIDTH="943" HEIGHT="44">
						<String ID="P338_ST00023" HPOS="142" VPOS="295" WIDTH="61" HEIGHT="19" CONTENT="was" WC="0.88" CC="003"/>
						<SP ID="P338_SP00019" HPOS="203" VPOS="314" WIDTH="15"/>
						<String ID="P338_ST00024" HPOS="218" VPOS="286" WIDTH="144" HEIGHT="39" CONTENT="teaching" WC="0.51" CC="42617049"/>
						<SP ID="P338_SP00020" HPOS="362" VPOS="325" WIDTH="20"/>
						<String ID="P338_ST00025" HPOS="382" VPOS="286" WIDTH="47" HEIGHT="28" CONTENT="his" WC="0.59" CC="704"/>
						<SP ID="P338_SP00021" HPOS="429" VPOS="325" WIDTH="23"/>
						<String ID="P338_ST00026" HPOS="452" VPOS="286" WIDTH="103" HEIGHT="39" CONTENT="pupils" WC="0.89" CC="040002"/>
						<SP ID="P338_SP00022" HPOS="555" VPOS="325" WIDTH="24"/>
						<String ID="P338_ST00027" HPOS="579" VPOS="285" WIDTH="129" HEIGHT="36" CONTENT="French," WC="0.70" CC="4004074"/>
						<SP ID="P338_SP00023" HPOS="708" VPOS="325" WIDTH="18"/>
						<String ID="P338_ST00028" HPOS="726" VPOS="284" WIDTH="62" HEIGHT="30" CONTENT="and" WC="0.76" CC="070"/>
						<SP ID="P338_SP00024" HPOS="788" VPOS="325" WIDTH="22"/>
						<String ID="P338_ST00029" HPOS="810" VPOS="283" WIDTH="77" HEIGHT="40" CONTENT="they" WC="0.82" CC="0700"/>
						<SP ID="P338_SP00025" HPOS="887" VPOS="325" WIDTH="21"/>
						<String ID="P338_ST00030" HPOS="908" VPOS="281" WIDTH="107" HEIGHT="31" CONTENT="struck" WC="0.62" CC="545700"/>
						<SP ID="P338_SP00026" HPOS="1015" VPOS="325" WIDTH="21"/>
						<String ID="P338_ST00031" HPOS="1036" VPOS="292" WIDTH="49" HEIGHT="19" CONTENT="me" WC="0.64" CC="07"/>
					</TextLine>
					<TextLine ID="P338_TL00006" HPOS="142" VPOS="333" WIDTH="943" HEIGHT="43">
						<String ID="P338_ST00032" HPOS="142" VPOS="346" WIDTH="32" HEIGHT="18" CONTENT="as" WC="0.82" CC="03"/>
						<SP ID="P338_SP00027" HPOS="174" VPOS="364" WIDTH="24"/>
						<String ID="P338_ST00033" HPOS="198" VPOS="336" WIDTH="93" HEIGHT="40" CONTENT="being" WC="0.80" CC="00270"/>
						<SP ID="P338_SP00028" HPOS="291" VPOS="376" WIDTH="23"/>
						<String ID="P338_ST00034" HPOS="314" VPOS="347" WIDTH="75" HEIGHT="29" CONTENT="very" WC="0.68" CC="5060"/>
						<SP ID="P338_SP00029" HPOS="389" VPOS="376" WIDTH="22"/>
						<String ID="P338_ST00035" HPOS="411" VPOS="336" WIDTH="185" HEIGHT="40" CONTENT="intelligent," WC="0.81" CC="200040000780"/>
						<SP ID="P338_SP00030" HPOS="596" VPOS="376" WIDTH="29"/>
						<String ID="P338_ST00036" HPOS="625" VPOS="334" WIDTH="90" HEIGHT="30" CONTENT="while" WC="0.76" CC="07040"/>
						<SP ID="P338_SP00031" HPOS="715" VPOS="376" WIDTH="31"/>
						<String ID="P338_ST00037" HPOS="746" VPOS="333" WIDTH="82" HEIGHT="31" CONTENT="their" WC="0.56" CC="77015"/>
						<SP ID="P338_SP00032" HPOS="828" VPOS="376" WIDTH="31"/>
						<String ID="P338_ST00038" HPOS="859" VPOS="333" WIDTH="117" HEIGHT="30" CONTENT="lessons" WC="0.81" CC="0073030"/>
						<SP ID="P338_SP00033" HPOS="976" VPOS="376" WIDTH="32"/>
						<String ID="P338_ST00039" HPOS="1008" VPOS="342" WIDTH="77" HEIGHT="20" CONTENT="wrere" WC="0.49" CC="97700"/>
					</TextLine>
					<TextLine ID="P338_TL00007" HPOS="142" VPOS="386" WIDTH="181" HEIGHT="28">
						<String ID="P338_ST00040" HPOS="142" VPOS="386" WIDTH="69" HEIGHT="28" CONTENT="well" WC="1.00" CC="0000"/>
						<SP ID="P338_SP00034" HPOS="211" VPOS="414" WIDTH="24"/>
						<String ID="P338_ST00041" HPOS="235" VPOS="386" WIDTH="88" HEIGHT="28" CONTENT="done." WC="0.99" CC="00000"/>
					</TextLine>
				</TextBlock>
				<TextBlock ID="P338_TB00004" HPOS="139" VPOS="431" WIDTH="943" HEIGHT="535" STYLEREFS="TXT_1 PAR_LEFT">
					<TextLine ID="P338_TL00008" HPOS="185" VPOS="432" WIDTH="897" HEIGHT="42">
						<String ID="P338_ST00042" HPOS="185" VPOS="436" WIDTH="55" HEIGHT="29" CONTENT="AVe" WC="1.00" CC="000"/>
						<SP ID="P338_SP00035" HPOS="240" VPOS="465" WIDTH="24"/>
						<String ID="P338_ST00043" HPOS="264" VPOS="436" WIDTH="63" HEIGHT="28" CONTENT="also" WC="1.00" CC="0000"/>
						<SP ID="P338_SP00036" HPOS="327" VPOS="465" WIDTH="29"/>
						<String ID="P338_ST00044" HPOS="356" VPOS="435" WIDTH="87" HEIGHT="29" CONTENT="made" WC="0.87" CC="5000"/>
						<SP ID="P338_SP00037" HPOS="443" VPOS="465" WIDTH="32"/>
						<String ID="P338_ST00045" HPOS="475" VPOS="435" WIDTH="52" HEIGHT="29" CONTENT="the" WC="0.44" CC="672"/>
						<SP ID="P338_SP00038" HPOS="527" VPOS="465" WIDTH="31"/>
						<String ID="P338_ST00046" HPOS="558" VPOS="435" WIDTH="219" HEIGHT="39" CONTENT="acquaintance" WC="0.70" CC="020605760700"/>
						<SP ID="P338_SP00039" HPOS="777" VPOS="474" WIDTH="32"/>
						<String ID="P338_ST00047" HPOS="809" VPOS="433" WIDTH="33" HEIGHT="30" CONTENT="of" WC="0.64" CC="24"/>
						<SP ID="P338_SP00040" HPOS="842" VPOS="474" WIDTH="28"/>
						<String ID="P338_ST00048" HPOS="870" VPOS="432" WIDTH="53" HEIGHT="31" CONTENT="the" WC="0.58" CC="570"/>
						<SP ID="P338_SP00041" HPOS="923" VPOS="474" WIDTH="24"/>
						<String ID="P338_ST00049" HPOS="947" VPOS="432" WIDTH="135" HEIGHT="31" CONTENT="Siamese" WC="0.80" CC="6000070"/>
					</TextLine>
					<TextLine ID="P338_TL00009" HPOS="141" VPOS="482" WIDTH="941" HEIGHT="36">
						<String ID="P338_ST00050" HPOS="141" VPOS="485" WIDTH="117" HEIGHT="29" CONTENT="colonel" WC="0.79" CC="0041800"/>
						<SP ID="P338_SP00042" HPOS="258" VPOS="514" WIDTH="16"/>
						<String ID="P338_ST00051" HPOS="274" VPOS="485" WIDTH="61" HEIGHT="29" CONTENT="and" WC="0.72" CC="080"/>
						<SP ID="P338_SP00043" HPOS="335" VPOS="514" WIDTH="18"/>
						<String ID="P338_ST00052" HPOS="353" VPOS="485" WIDTH="33" HEIGHT="29" CONTENT="of" WC="0.97" CC="00"/>
						<SP ID="P338_SP00044" HPOS="386" VPOS="514" WIDTH="12"/>
						<String ID="P338_ST00053" HPOS="398" VPOS="485" WIDTH="52" HEIGHT="28" CONTENT="the" WC="0.53" CC="670"/>
						<SP ID="P338_SP00045" HPOS="450" VPOS="514" WIDTH="18"/>
						<String ID="P338_ST00054" HPOS="468" VPOS="484" WIDTH="225" HEIGHT="29" CONTENT="commandant." WC="0.67" CC="01050707660"/>
						<SP ID="P338_SP00046" HPOS="693" VPOS="514" WIDTH="49"/>
						<String ID="P338_ST00055" HPOS="742" VPOS="483" WIDTH="66" HEIGHT="30" CONTENT="The" WC="0.75" CC="070"/>
						<SP ID="P338_SP00047" HPOS="808" VPOS="514" WIDTH="19"/>
						<String ID="P338_ST00056" HPOS="827" VPOS="483" WIDTH="123" HEIGHT="35" CONTENT="former," WC="0.77" CC="4120043"/>
						<SP ID="P338_SP00048" HPOS="950" VPOS="518" WIDTH="18"/>
						<String ID="P338_ST00057" HPOS="968" VPOS="482" WIDTH="114" HEIGHT="30" CONTENT="attired" WC="0.77" CC="0062500"/>
					</TextLine>
					<TextLine ID="P338_TL00010" HPOS="140" VPOS="533" WIDTH="941" HEIGHT="41">
						<String ID="P338_ST00058" HPOS="140" VPOS="535" WIDTH="32" HEIGHT="28" CONTENT="in" WC="0.63" CC="15"/>
						<SP ID="P338_SP00049" HPOS="172" VPOS="563" WIDTH="24"/>
						<String ID="P338_ST00059" HPOS="196" VPOS="546" WIDTH="17" HEIGHT="18" CONTENT="a" WC="1.00" CC="0"/>
						<SP ID="P338_SP00050" HPOS="213" VPOS="564" WIDTH="23"/>
						<String ID="P338_ST00060" HPOS="236" VPOS="535" WIDTH="88" HEIGHT="29" CONTENT="small" WC="0.78" CC="43020"/>
						<SP ID="P338_SP00051" HPOS="324" VPOS="564" WIDTH="23"/>
						<String ID="P338_ST00061" HPOS="347" VPOS="535" WIDTH="92" HEIGHT="28" CONTENT="white" WC="0.73" CC="07050"/>
						<SP ID="P338_SP00052" HPOS="439" VPOS="564" WIDTH="28"/>
						<String ID="P338_ST00062" HPOS="467" VPOS="534" WIDTH="114" HEIGHT="40" CONTENT="jacket," WC="0.89" CC="0020031"/>
						<SP ID="P338_SP00053" HPOS="581" VPOS="574" WIDTH="25"/>
						<String ID="P338_ST00063" HPOS="606" VPOS="533" WIDTH="70" HEIGHT="30" CONTENT="blue" WC="0.67" CC="4250"/>
						<SP ID="P338_SP00054" HPOS="676" VPOS="574" WIDTH="24"/>
						<String ID="P338_ST00064" HPOS="700" VPOS="533" WIDTH="59" HEIGHT="29" CONTENT="silk" WC="0.81" CC="5100"/>
						<SP ID="P338_SP00055" HPOS="759" VPOS="574" WIDTH="25"/>
						<String ID="P338_ST00065" HPOS="784" VPOS="537" WIDTH="146" HEIGHT="31" CONTENT="trousers," WC="0.51" CC="670660563"/>
						<SP ID="P338_SP00056" HPOS="930" VPOS="574" WIDTH="25"/>
						<String ID="P338_ST00066" HPOS="955" VPOS="533" WIDTH="126" HEIGHT="35" CONTENT="helmet," WC="0.73" CC="7006050"/>
					</TextLine>
					<TextLine ID="P338_TL00011" HPOS="141" VPOS="582" WIDTH="941" HEIGHT="43">
						<String ID="P338_ST00067" HPOS="141" VPOS="584" WIDTH="157" HEIGHT="41" CONTENT="stockings" WC="0.76" CC="200004805"/>
						<SP ID="P338_SP00057" HPOS="298" VPOS="625" WIDTH="30"/>
						<String ID="P338_ST00068" HPOS="328" VPOS="584" WIDTH="61" HEIGHT="29" CONTENT="and" WC="0.76" CC="070"/>
						<SP ID="P338_SP00058" HPOS="389" VPOS="625" WIDTH="22"/>
						<String ID="P338_ST00069" HPOS="411" VPOS="584" WIDTH="97" HEIGHT="34" CONTENT="shoes," WC="0.64" CC="770060"/>
						<SP ID="P338_SP00059" HPOS="508" VPOS="625" WIDTH="27"/>
						<String ID="P338_ST00070" HPOS="535" VPOS="584" WIDTH="25" HEIGHT="28" CONTENT="is" WC="0.58" CC="35"/>
						<SP ID="P338_SP00060" HPOS="560" VPOS="625" WIDTH="26"/>
						<String ID="P338_ST00071" HPOS="586" VPOS="595" WIDTH="17" HEIGHT="17" CONTENT="a" WC="1.00" CC="0"/>
						<SP ID="P338_SP00061" HPOS="603" VPOS="625" WIDTH="29"/>
						<String ID="P338_ST00072" HPOS="632" VPOS="594" WIDTH="72" HEIGHT="18" CONTENT="man" WC="0.77" CC="006"/>
						<SP ID="P338_SP00062" HPOS="704" VPOS="625" WIDTH="33"/>
						<String ID="P338_ST00073" HPOS="737" VPOS="582" WIDTH="33" HEIGHT="30" CONTENT="of" WC="1.00" CC="00"/>
						<SP ID="P338_SP00063" HPOS="770" VPOS="625" WIDTH="27"/>
						<String ID="P338_ST00074" HPOS="797" VPOS="582" WIDTH="211" HEIGHT="30" CONTENT="considerable" WC="0.67" CC="047650060700"/>
						<SP ID="P338_SP00064" HPOS="1008" VPOS="625" WIDTH="31"/>
						<String ID="P338_ST00075" HPOS="1039" VPOS="584" WIDTH="43" HEIGHT="28" CONTENT="in" SUBS_TYPE="HypPart1" SUBS_CONTENT="intelligence," WC="0.70" CC="080"/>
						<HYP CONTENT="-"/>
					</TextLine>
					<TextLine ID="P338_TL00012" HPOS="140" VPOS="631" WIDTH="941" HEIGHT="42">
						<String ID="P338_ST00076" HPOS="140" VPOS="632" WIDTH="171" HEIGHT="41" CONTENT="telligence," SUBS_TYPE="HypPart2" SUBS_CONTENT="intelligence," WC="0.81" CC="70102005200"/>
						<SP ID="P338_SP00065" HPOS="311" VPOS="673" WIDTH="27"/>
						<String ID="P338_ST00077" HPOS="338" VPOS="632" WIDTH="61" HEIGHT="30" CONTENT="and" WC="0.72" CC="080"/>
						<SP ID="P338_SP00066" HPOS="399" VPOS="673" WIDTH="27"/>
						<String ID="P338_ST00078" HPOS="426" VPOS="642" WIDTH="76" HEIGHT="29" CONTENT="very" WC="0.83" CC="0060"/>
						<SP ID="P338_SP00067" HPOS="502" VPOS="673" WIDTH="30"/>
						<String ID="P338_ST00079" HPOS="532" VPOS="631" WIDTH="139" HEIGHT="40" CONTENT="pleasant" WC="0.71" CC="06404025"/>
						<SP ID="P338_SP00068" HPOS="671" VPOS="673" WIDTH="33"/>
						<String ID="P338_ST00080" HPOS="704" VPOS="632" WIDTH="29" HEIGHT="28" CONTENT="in" WC="0.64" CC="07"/>
						<SP ID="P338_SP00069" HPOS="733" VPOS="673" WIDTH="28"/>
						<String ID="P338_ST00081" HPOS="761" VPOS="631" WIDTH="47" HEIGHT="30" CONTENT="his" WC="0.45" CC="735"/>
						<SP ID="P338_SP00070" HPOS="808" VPOS="673" WIDTH="27"/>
						<String ID="P338_ST00082" HPOS="835" VPOS="641" WIDTH="138" HEIGHT="20" CONTENT="manner." WC="0.73" CC="0056060"/>
						<SP ID="P338_SP00071" HPOS="973" VPOS="673" WIDTH="47"/>
						<String ID="P338_ST00083" HPOS="1020" VPOS="631" WIDTH="61" HEIGHT="30" CONTENT="The" WC="0.75" CC="070"/>
					</TextLine>
					<TextLine ID="P338_TL00013" HPOS="142" VPOS="679" WIDTH="940" HEIGHT="43">
						<String ID="P338_ST00084" HPOS="142" VPOS="682" WIDTH="82" HEIGHT="29" CONTENT="Prah" WC="0.24" CC="7957"/>
						<SP ID="P338_SP00072" HPOS="224" VPOS="711" WIDTH="16"/>
						<String ID="P338_ST00085" HPOS="240" VPOS="681" WIDTH="44" HEIGHT="30" CONTENT="Pa" WC="0.18" CC="69"/>
						<SP ID="P338_SP00073" HPOS="284" VPOS="711" WIDTH="17"/>
						<String ID="P338_ST00086" HPOS="301" VPOS="681" WIDTH="44" HEIGHT="30" CONTENT="La" WC="1.00" CC="00"/>
						<SP ID="P338_SP00074" HPOS="345" VPOS="711" WIDTH="17"/>
						<String ID="P338_ST00087" HPOS="362" VPOS="681" WIDTH="38" HEIGHT="31" CONTENT="Sa" WC="0.66" CC="60"/>
						<SP ID="P338_SP00075" HPOS="400" VPOS="712" WIDTH="21"/>
						<String ID="P338_ST00088" HPOS="421" VPOS="681" WIDTH="49" HEIGHT="30" CONTENT="Da" WC="0.17" CC="79"/>
						<SP ID="P338_SP00076" HPOS="470" VPOS="712" WIDTH="27"/>
						<String ID="P338_ST00089" HPOS="497" VPOS="679" WIDTH="213" HEIGHT="43" CONTENT="(abbreviated" WC="0.61" CC="491220628600"/>
						<SP ID="P338_SP00077" HPOS="710" VPOS="722" WIDTH="22"/>
						<String ID="P338_ST00090" HPOS="732" VPOS="681" WIDTH="66" HEIGHT="30" CONTENT="into" WC="0.76" CC="5003"/>
						<SP ID="P338_SP00078" HPOS="798" VPOS="722" WIDTH="27"/>
						<String ID="P338_ST00091" HPOS="825" VPOS="680" WIDTH="80" HEIGHT="30" CONTENT="Prah" WC="0.47" CC="6707"/>
						<SP ID="P338_SP00079" HPOS="905" VPOS="722" WIDTH="22"/>
						<String ID="P338_ST00092" HPOS="927" VPOS="680" WIDTH="58" HEIGHT="31" CONTENT="Sad" WC="0.76" CC="700"/>
						<SP ID="P338_SP00080" HPOS="985" VPOS="722" WIDTH="6"/>
						<String ID="P338_ST00093" HPOS="991" VPOS="679" WIDTH="43" HEIGHT="42" CONTENT="a)," WC="0.82" CC="013"/>
						<SP ID="P338_SP00081" HPOS="1034" VPOS="722" WIDTH="18"/>
						<String ID="P338_ST00094" HPOS="1052" VPOS="692" WIDTH="30" HEIGHT="19" CONTENT="or" WC="0.33" CC="39"/>
					</TextLine>
					<TextLine ID="P338_TL00014" HPOS="141" VPOS="728" WIDTH="940" HEIGHT="41">
						<String ID="P338_ST00095" HPOS="141" VPOS="729" WIDTH="83" HEIGHT="30" CONTENT="chief" WC="0.79" CC="07200"/>
						<SP ID="P338_SP00082" HPOS="224" VPOS="759" WIDTH="27"/>
						<String ID="P338_ST00096" HPOS="251" VPOS="740" WIDTH="72" HEIGHT="18" CONTENT="over" WC="0.84" CC="0006"/>
						<SP ID="P338_SP00083" HPOS="323" VPOS="759" WIDTH="31"/>
						<String ID="P338_ST00097" HPOS="354" VPOS="740" WIDTH="17" HEIGHT="18" CONTENT="a" WC="1.00" CC="0"/>
						<SP ID="P338_SP00084" HPOS="371" VPOS="759" WIDTH="29"/>
						<String ID="P338_ST00098" HPOS="400" VPOS="728" WIDTH="165" HEIGHT="37" CONTENT="thousand," WC="0.63" CC="570630603"/>
						<SP ID="P338_SP00085" HPOS="565" VPOS="765" WIDTH="25"/>
						<String ID="P338_ST00099" HPOS="590" VPOS="728" WIDTH="54" HEIGHT="30" CONTENT="has" WC="0.41" CC="673"/>
						<SP ID="P338_SP00086" HPOS="644" VPOS="765" WIDTH="24"/>
						<String ID="P338_ST00100" HPOS="668" VPOS="728" WIDTH="79" HEIGHT="30" CONTENT="been" WC="0.63" CC="7025"/>
						<SP ID="P338_SP00087" HPOS="747" VPOS="765" WIDTH="25"/>
						<String ID="P338_ST00101" HPOS="772" VPOS="728" WIDTH="165" HEIGHT="30" CONTENT="decorated" WC="0.86" CC="002050030"/>
						<SP ID="P338_SP00088" HPOS="937" VPOS="765" WIDTH="25"/>
						<String ID="P338_ST00102" HPOS="962" VPOS="728" WIDTH="42" HEIGHT="41" CONTENT="by" WC="1.00" CC="00"/>
						<SP ID="P338_SP00089" HPOS="1004" VPOS="769" WIDTH="26"/>
						<String ID="P338_ST00103" HPOS="1030" VPOS="728" WIDTH="51" HEIGHT="30" CONTENT="the" WC="0.25" CC="777"/>
					</TextLine>
					<TextLine ID="P338_TL00015" HPOS="141" VPOS="778" WIDTH="940" HEIGHT="40">
						<String ID="P338_ST00104" HPOS="141" VPOS="778" WIDTH="119" HEIGHT="30" CONTENT="French" WC="0.57" CC="600737"/>
						<SP ID="P338_SP00090" HPOS="260" VPOS="808" WIDTH="24"/>
						<String ID="P338_ST00105" HPOS="284" VPOS="778" WIDTH="211" HEIGHT="31" CONTENT="Government" WC="0.68" CC="7400660060"/>
						<SP ID="P338_SP00091" HPOS="495" VPOS="809" WIDTH="25"/>
						<String ID="P338_ST00106" HPOS="520" VPOS="784" WIDTH="32" HEIGHT="24" CONTENT="at" WC="1.00" CC="00"/>
						<SP ID="P338_SP00092" HPOS="552" VPOS="809" WIDTH="22"/>
						<String ID="P338_ST00107" HPOS="574" VPOS="778" WIDTH="53" HEIGHT="30" CONTENT="the" WC="0.51" CC="571"/>
						<SP ID="P338_SP00093" HPOS="627" VPOS="809" WIDTH="23"/>
						<String ID="P338_ST00108" HPOS="650" VPOS="784" WIDTH="124" HEIGHT="34" CONTENT="request" WC="0.60" CC="4007572"/>
						<SP ID="P338_SP00094" HPOS="774" VPOS="818" WIDTH="29"/>
						<String ID="P338_ST00109" HPOS="803" VPOS="778" WIDTH="34" HEIGHT="30" CONTENT="of" WC="1.00" CC="00"/>
						<SP ID="P338_SP00095" HPOS="837" VPOS="818" WIDTH="22"/>
						<String ID="P338_ST00110" HPOS="859" VPOS="778" WIDTH="42" HEIGHT="30" CONTENT="M." WC="1.00" CC="00"/>
						<SP ID="P338_SP00096" HPOS="901" VPOS="818" WIDTH="26"/>
						<String ID="P338_ST00111" HPOS="927" VPOS="778" WIDTH="105" HEIGHT="36" CONTENT="Pavie," WC="0.68" CC="604303"/>
						<SP ID="P338_SP00097" HPOS="1032" VPOS="818" WIDTH="17"/>
						<String ID="P338_ST00112" HPOS="1049" VPOS="784" WIDTH="32" HEIGHT="24" CONTENT="to" WC="0.64" CC="07"/>
					</TextLine>
					<TextLine ID="P338_TL00016" HPOS="140" VPOS="828" WIDTH="940" HEIGHT="40">
						<String ID="P338_ST00113" HPOS="140" VPOS="828" WIDTH="100" HEIGHT="30" CONTENT="whom" WC="0.51" CC="9720"/>
						<SP ID="P338_SP00098" HPOS="240" VPOS="858" WIDTH="23"/>
						<String ID="P338_ST00114" HPOS="263" VPOS="828" WIDTH="38" HEIGHT="29" CONTENT="he" WC="0.77" CC="40"/>
						<SP ID="P338_SP00099" HPOS="301" VPOS="858" WIDTH="23"/>
						<String ID="P338_ST00115" HPOS="324" VPOS="828" WIDTH="86" HEIGHT="30" CONTENT="often" WC="0.72" CC="03307"/>
						<SP ID="P338_SP00100" HPOS="410" VPOS="858" WIDTH="22"/>
						<String ID="P338_ST00116" HPOS="432" VPOS="828" WIDTH="102" HEIGHT="35" CONTENT="refers," WC="0.83" CC="4001400"/>
						<SP ID="P338_SP00101" HPOS="534" VPOS="863" WIDTH="18"/>
						<String ID="P338_ST00117" HPOS="552" VPOS="828" WIDTH="61" HEIGHT="29" CONTENT="and" WC="0.76" CC="070"/>
						<SP ID="P338_SP00102" HPOS="613" VPOS="863" WIDTH="24"/>
						<String ID="P338_ST00118" HPOS="637" VPOS="828" WIDTH="38" HEIGHT="29" CONTENT="he" WC="0.75" CC="40"/>
						<SP ID="P338_SP00103" HPOS="675" VPOS="863" WIDTH="24"/>
						<String ID="P338_ST00119" HPOS="699" VPOS="828" WIDTH="25" HEIGHT="29" CONTENT="is" WC="0.74" CC="05"/>
						<SP ID="P338_SP00104" HPOS="724" VPOS="863" WIDTH="24"/>
						<String ID="P338_ST00120" HPOS="748" VPOS="828" WIDTH="33" HEIGHT="29" CONTENT="of" WC="0.76" CC="04"/>
						<SP ID="P338_SP00105" HPOS="781" VPOS="863" WIDTH="20"/>
						<String ID="P338_ST00121" HPOS="801" VPOS="833" WIDTH="86" HEIGHT="35" CONTENT="great" WC="0.53" CC="67305"/>
						<SP ID="P338_SP00106" HPOS="887" VPOS="868" WIDTH="24"/>
						<String ID="P338_ST00122" HPOS="911" VPOS="839" WIDTH="53" HEIGHT="19" CONTENT="use" WC="0.73" CC="610"/>
						<SP ID="P338_SP00107" HPOS="964" VPOS="868" WIDTH="25"/>
						<String ID="P338_ST00123" HPOS="989" VPOS="833" WIDTH="32" HEIGHT="24" CONTENT="to" WC="0.55" CC="71"/>
						<SP ID="P338_SP00108" HPOS="1021" VPOS="868" WIDTH="24"/>
						<String ID="P338_ST00124" HPOS="1045" VPOS="839" WIDTH="35" HEIGHT="18" CONTENT="us" WC="0.39" CC="74"/>
					</TextLine>
					<TextLine ID="P338_TL00017" HPOS="141" VPOS="877" WIDTH="938" HEIGHT="41">
						<String ID="P338_ST00125" HPOS="141" VPOS="877" WIDTH="112" HEIGHT="41" CONTENT="during" WC="0.61" CC="087070"/>
						<SP ID="P338_SP00109" HPOS="253" VPOS="918" WIDTH="24"/>
						<String ID="P338_ST00126" HPOS="277" VPOS="888" WIDTH="54" HEIGHT="19" CONTENT="our" WC="0.63" CC="055"/>
						<SP ID="P338_SP00110" HPOS="331" VPOS="918" WIDTH="25"/>
						<String ID="P338_ST00127" HPOS="356" VPOS="883" WIDTH="78" HEIGHT="34" CONTENT="stay," WC="0.86" CC="20004"/>
						<SP ID="P338_SP00111" HPOS="434" VPOS="918" WIDTH="18"/>
						<String ID="P338_ST00128" HPOS="452" VPOS="877" WIDTH="165" HEIGHT="40" CONTENT="especially" WC="0.78" CC="0405008200"/>
						<SP ID="P338_SP00112" HPOS="617" VPOS="918" WIDTH="21"/>
						<String ID="P338_ST00129" HPOS="638" VPOS="878" WIDTH="32" HEIGHT="28" CONTENT="in" WC="0.50" CC="36"/>
						<SP ID="P338_SP00113" HPOS="670" VPOS="918" WIDTH="23"/>
						<String ID="P338_ST00130" HPOS="693" VPOS="882" WIDTH="118" HEIGHT="34" CONTENT="respect" WC="0.72" CC="6060006"/>
						<SP ID="P338_SP00114" HPOS="811" VPOS="918" WIDTH="25"/>
						<String ID="P338_ST00131" HPOS="836" VPOS="883" WIDTH="32" HEIGHT="24" CONTENT="to" WC="1.00" CC="00"/>
						<SP ID="P338_SP00115" HPOS="868" VPOS="918" WIDTH="27"/>
						<String ID="P338_ST00132" HPOS="895" VPOS="877" WIDTH="53" HEIGHT="30" CONTENT="the" WC="0.75" CC="070"/>
						<SP ID="P338_SP00116" HPOS="948" VPOS="918" WIDTH="24"/>
						<String ID="P338_ST00133" HPOS="972" VPOS="877" WIDTH="107" HEIGHT="40" CONTENT="photo" SUBS_TYPE="HypPart1" SUBS_CONTENT="photography," WC="0.67" CC="075600"/>
						<HYP CONTENT="-"/>
					</TextLine>
					<TextLine ID="P338_TL00018" HPOS="141" VPOS="927" WIDTH="723" HEIGHT="39">
						<String ID="P338_ST00134" HPOS="141" VPOS="927" WIDTH="128" HEIGHT="39" CONTENT="graphy," SUBS_TYPE="HypPart2" SUBS_CONTENT="photography," WC="0.87" CC="0000701"/>
						<SP ID="P338_SP00117" HPOS="269" VPOS="966" WIDTH="17"/>
						<String ID="P338_ST00135" HPOS="286" VPOS="927" WIDTH="32" HEIGHT="29" CONTENT="in" WC="0.58" CC="08"/>
						<SP ID="P338_SP00118" HPOS="318" VPOS="966" WIDTH="17"/>
						<String ID="P338_ST00136" HPOS="335" VPOS="927" WIDTH="98" HEIGHT="29" CONTENT="which" WC="0.58" CC="07507"/>
						<SP ID="P338_SP00119" HPOS="433" VPOS="966" WIDTH="17"/>
						<String ID="P338_ST00137" HPOS="450" VPOS="927" WIDTH="38" HEIGHT="29" CONTENT="he" WC="0.47" CC="72"/>
						<SP ID="P338_SP00120" HPOS="488" VPOS="966" WIDTH="16"/>
						<String ID="P338_ST00138" HPOS="504" VPOS="927" WIDTH="25" HEIGHT="28" CONTENT="is" WC="0.88" CC="02"/>
						<SP ID="P338_SP00121" HPOS="529" VPOS="966" WIDTH="16"/>
						<String ID="P338_ST00139" HPOS="545" VPOS="927" WIDTH="126" HEIGHT="28" CONTENT="himself" WC="0.73" CC="6604000"/>
						<SP ID="P338_SP00122" HPOS="671" VPOS="966" WIDTH="20"/>
						<String ID="P338_ST00140" HPOS="691" VPOS="937" WIDTH="39" HEIGHT="18" CONTENT="an" WC="0.22" CC="87"/>
						<SP ID="P338_SP00123" HPOS="730" VPOS="966" WIDTH="17"/>
						<String ID="P338_ST00141" HPOS="747" VPOS="932" WIDTH="117" HEIGHT="34" CONTENT="expert." WC="0.82" CC="0000353"/>
					</TextLine>
				</TextBlock>
				<TextBlock ID="P338_TB00005" HPOS="139" VPOS="975" WIDTH="943" HEIGHT="287" STYLEREFS="TXT_1 PAR_LEFT">
					<TextLine ID="P338_TL00019" HPOS="189" VPOS="976" WIDTH="891" HEIGHT="41">
						<String ID="P338_ST00142" HPOS="189" VPOS="977" WIDTH="51" HEIGHT="29" CONTENT="We" WC="1.00" CC="00"/>
						<SP ID="P338_SP00124" HPOS="240" VPOS="1006" WIDTH="20"/>
						<String ID="P338_ST00143" HPOS="260" VPOS="977" WIDTH="118" HEIGHT="29" CONTENT="receive" WC="0.88" CC="5002000"/>
						<SP ID="P338_SP00125" HPOS="378" VPOS="1006" WIDTH="22"/>
						<String ID="P338_ST00144" HPOS="400" VPOS="977" WIDTH="89" HEIGHT="29" CONTENT="visits" WC="0.93" CC="011010"/>
						<SP ID="P338_SP00126" HPOS="489" VPOS="1006" WIDTH="23"/>
						<String ID="P338_ST00145" HPOS="512" VPOS="976" WIDTH="83" HEIGHT="29" CONTENT="from-" WC="0.88" CC="05000"/>
						<SP ID="P338_SP00127" HPOS="595" VPOS="1006" WIDTH="19"/>
						<String ID="P338_ST00146" HPOS="614" VPOS="976" WIDTH="53" HEIGHT="29" CONTENT="the" WC="0.55" CC="570"/>
						<SP ID="P338_SP00128" HPOS="667" VPOS="1006" WIDTH="22"/>
						<String ID="P338_ST00147" HPOS="689" VPOS="976" WIDTH="140" HEIGHT="30" CONTENT="brothers" WC="0.59" CC="05357064"/>
						<SP ID="P338_SP00129" HPOS="829" VPOS="1006" WIDTH="26"/>
						<String ID="P338_ST00148" HPOS="855" VPOS="977" WIDTH="34" HEIGHT="29" CONTENT="of" WC="0.83" CC="30"/>
						<SP ID="P338_SP00130" HPOS="889" VPOS="1006" WIDTH="27"/>
						<String ID="P338_ST00149" HPOS="916" VPOS="977" WIDTH="53" HEIGHT="29" CONTENT="the" WC="0.75" CC="070"/>
						<SP ID="P338_SP00131" HPOS="969" VPOS="1006" WIDTH="20"/>
						<String ID="P338_ST00150" HPOS="989" VPOS="977" WIDTH="91" HEIGHT="40" CONTENT="kings" WC="0.77" CC="04600"/>
					</TextLine>
					<TextLine ID="P338_TL00020" HPOS="141" VPOS="1026" WIDTH="939" HEIGHT="40">
						<String ID="P338_ST00151" HPOS="141" VPOS="1026" WIDTH="67" HEIGHT="30" CONTENT="who" WC="0.69" CC="071"/>
						<SP ID="P338_SP00132" HPOS="208" VPOS="1056" WIDTH="24"/>
						<String ID="P338_ST00152" HPOS="232" VPOS="1026" WIDTH="75" HEIGHT="29" CONTENT="send" WC="0.67" CC="4170"/>
						<SP ID="P338_SP00133" HPOS="307" VPOS="1056" WIDTH="22"/>
						<String ID="P338_ST00153" HPOS="329" VPOS="1031" WIDTH="33" HEIGHT="24" CONTENT="to" WC="0.93" CC="01"/>
						<SP ID="P338_SP00134" HPOS="362" VPOS="1056" WIDTH="23"/>
						<String ID="P338_ST00154" HPOS="385" VPOS="1037" WIDTH="54" HEIGHT="28" CONTENT="say" WC="0.86" CC="400"/>
						<SP ID="P338_SP00135" HPOS="439" VPOS="1065" WIDTH="24"/>
						<String ID="P338_ST00155" HPOS="463" VPOS="1026" WIDTH="70" HEIGHT="29" CONTENT="that" WC="0.39" CC="5656"/>
						<SP ID="P338_SP00136" HPOS="533" VPOS="1065" WIDTH="22"/>
						<String ID="P338_ST00156" HPOS="555" VPOS="1026" WIDTH="77" HEIGHT="39" CONTENT="they" WC="0.66" CC="6700"/>
						<SP ID="P338_SP00137" HPOS="632" VPOS="1065" WIDTH="22"/>
						<String ID="P338_ST00157" HPOS="654" VPOS="1026" WIDTH="64" HEIGHT="29" CONTENT="will" WC="0.88" CC="0022"/>
						<SP ID="P338_SP00138" HPOS="718" VPOS="1065" WIDTH="23"/>
						<String ID="P338_ST00158" HPOS="741" VPOS="1026" WIDTH="37" HEIGHT="29" CONTENT="be" WC="1.00" CC="00"/>
						<SP ID="P338_SP00139" HPOS="778" VPOS="1065" WIDTH="23"/>
						<String ID="P338_ST00159" HPOS="801" VPOS="1037" WIDTH="77" HEIGHT="29" CONTENT="very" WC="1.00" CC="0000"/>
						<SP ID="P338_SP00140" HPOS="878" VPOS="1066" WIDTH="22"/>
						<String ID="P338_ST00160" HPOS="900" VPOS="1026" WIDTH="125" HEIGHT="40" CONTENT="pleased" WC="0.72" CC="0507500"/>
						<SP ID="P338_SP00141" HPOS="1025" VPOS="1066" WIDTH="22"/>
						<String ID="P338_ST00161" HPOS="1047" VPOS="1032" WIDTH="33" HEIGHT="24" CONTENT="to" WC="0.72" CC="40"/>
					</TextLine>
					<TextLine ID="P338_TL00021" HPOS="141" VPOS="1076" WIDTH="939" HEIGHT="35">
						<String ID="P338_ST00162" HPOS="141" VPOS="1087" WIDTH="48" HEIGHT="19" CONTENT="see" WC="0.84" CC="400"/>
						<SP ID="P338_SP00142" HPOS="189" VPOS="1106" WIDTH="23"/>
						<String ID="P338_ST00163" HPOS="212" VPOS="1087" WIDTH="44" HEIGHT="24" CONTENT="us," WC="0.44" CC="574"/>
						<SP ID="P338_SP00143" HPOS="256" VPOS="1111" WIDTH="25"/>
						<String ID="P338_ST00164" HPOS="281" VPOS="1076" WIDTH="70" HEIGHT="35" CONTENT="and," WC="0.74" CC="0603"/>
						<SP ID="P338_SP00144" HPOS="351" VPOS="1111" WIDTH="25"/>
						<String ID="P338_ST00165" HPOS="376" VPOS="1076" WIDTH="32" HEIGHT="28" CONTENT="in" WC="0.60" CC="07"/>
						<SP ID="P338_SP00145" HPOS="408" VPOS="1111" WIDTH="30"/>
						<String ID="P338_ST00166" HPOS="438" VPOS="1076" WIDTH="88" HEIGHT="29" CONTENT="order" WC="0.58" CC="27036"/>
						<SP ID="P338_SP00146" HPOS="526" VPOS="1111" WIDTH="29"/>
						<String ID="P338_ST00167" HPOS="555" VPOS="1080" WIDTH="33" HEIGHT="25" CONTENT="to" WC="0.19" CC="69"/>
						<SP ID="P338_SP00147" HPOS="588" VPOS="1111" WIDTH="30"/>
						<String ID="P338_ST00168" HPOS="618" VPOS="1076" WIDTH="88" HEIGHT="28" CONTENT="reach" WC="0.52" CC="50827"/>
						<SP ID="P338_SP00148" HPOS="706" VPOS="1111" WIDTH="31"/>
						<String ID="P338_ST00169" HPOS="737" VPOS="1076" WIDTH="82" HEIGHT="29" CONTENT="their" WC="0.67" CC="57020"/>
						<SP ID="P338_SP00149" HPOS="819" VPOS="1111" WIDTH="29"/>
						<String ID="P338_ST00170" HPOS="848" VPOS="1076" WIDTH="165" HEIGHT="35" CONTENT="residence," WC="0.82" CC="3050007000"/>
						<SP ID="P338_SP00150" HPOS="1013" VPOS="1111" WIDTH="23"/>
						<String ID="P338_ST00171" HPOS="1036" VPOS="1087" WIDTH="44" HEIGHT="19" CONTENT="we" WC="0.50" CC="90"/>
					</TextLine>
					<TextLine ID="P338_TL00022" HPOS="141" VPOS="1125" WIDTH="941" HEIGHT="30">
						<String ID="P338_ST00172" HPOS="141" VPOS="1126" WIDTH="78" HEIGHT="28" CONTENT="have" WC="0.66" CC="7600"/>
						<SP ID="P338_SP00151" HPOS="219" VPOS="1154" WIDTH="19"/>
						<String ID="P338_ST00173" HPOS="238" VPOS="1130" WIDTH="32" HEIGHT="24" CONTENT="to" WC="0.51" CC="53"/>
						<SP ID="P338_SP00152" HPOS="270" VPOS="1154" WIDTH="22"/>
						<String ID="P338_ST00174" HPOS="292" VPOS="1136" WIDTH="81" HEIGHT="18" CONTENT="cross" WC="0.58" CC="04545"/>
						<SP ID="P338_SP00153" HPOS="373" VPOS="1154" WIDTH="22"/>
						<String ID="P338_ST00175" HPOS="395" VPOS="1125" WIDTH="52" HEIGHT="29" CONTENT="the" WC="0.76" CC="070"/>
						<SP ID="P338_SP00154" HPOS="447" VPOS="1154" WIDTH="23"/>
						<String ID="P338_ST00176" HPOS="470" VPOS="1126" WIDTH="88" HEIGHT="28" CONTENT="river." WC="0.73" CC="440060"/>
						<SP ID="P338_SP00155" HPOS="558" VPOS="1154" WIDTH="48"/>
						<String ID="P338_ST00177" HPOS="606" VPOS="1125" WIDTH="98" HEIGHT="29" CONTENT="There" WC="0.61" CC="46070"/>
						<SP ID="P338_SP00156" HPOS="704" VPOS="1154" WIDTH="25"/>
						<String ID="P338_ST00178" HPOS="729" VPOS="1125" WIDTH="25" HEIGHT="29" CONTENT="is" WC="0.56" CC="26"/>
						<SP ID="P338_SP00157" HPOS="754" VPOS="1154" WIDTH="24"/>
						<String ID="P338_ST00179" HPOS="778" VPOS="1126" WIDTH="93" HEIGHT="28" CONTENT="much" WC="0.62" CC="0527"/>
						<SP ID="P338_SP00158" HPOS="871" VPOS="1154" WIDTH="28"/>
						<String ID="P338_ST00180" HPOS="899" VPOS="1130" WIDTH="32" HEIGHT="25" CONTENT="to" WC="0.65" CC="70"/>
						<SP ID="P338_SP00159" HPOS="931" VPOS="1155" WIDTH="24"/>
						<String ID="P338_ST00181" HPOS="955" VPOS="1130" WIDTH="72" HEIGHT="25" CONTENT="note" WC="0.56" CC="8260"/>
						<SP ID="P338_SP00160" HPOS="1027" VPOS="1155" WIDTH="24"/>
						<String ID="P338_ST00182" HPOS="1051" VPOS="1126" WIDTH="31" HEIGHT="29" CONTENT="of" WC="0.67" CC="42"/>
					</TextLine>
					<TextLine ID="P338_TL00023" HPOS="140" VPOS="1175" WIDTH="940" HEIGHT="40">
						<String ID="P338_ST00183" HPOS="140" VPOS="1175" WIDTH="128" HEIGHT="29" CONTENT="interest" WC="0.64" CC="03406067"/>
						<SP ID="P338_SP00161" HPOS="268" VPOS="1204" WIDTH="25"/>
						<String ID="P338_ST00184" HPOS="293" VPOS="1186" WIDTH="39" HEIGHT="18" CONTENT="on" WC="0.47" CC="45"/>
						<SP ID="P338_SP00162" HPOS="332" VPOS="1204" WIDTH="21"/>
						<String ID="P338_ST00185" HPOS="353" VPOS="1175" WIDTH="53" HEIGHT="29" CONTENT="the" WC="0.61" CC="650"/>
						<SP ID="P338_SP00163" HPOS="406" VPOS="1204" WIDTH="23"/>
						<String ID="P338_ST00186" HPOS="429" VPOS="1186" WIDTH="73" HEIGHT="28" CONTENT="way," WC="1.00" CC="0000"/>
						<SP ID="P338_SP00164" HPOS="502" VPOS="1214" WIDTH="20"/>
						<String ID="P338_ST00187" HPOS="522" VPOS="1175" WIDTH="61" HEIGHT="29" CONTENT="and" WC="0.48" CC="870"/>
						<SP ID="P338_SP00165" HPOS="583" VPOS="1214" WIDTH="22"/>
						<String ID="P338_ST00188" HPOS="605" VPOS="1186" WIDTH="95" HEIGHT="28" CONTENT="many" WC="0.81" CC="0070"/>
						<SP ID="P338_SP00166" HPOS="700" VPOS="1214" WIDTH="26"/>
						<String ID="P338_ST00189" HPOS="726" VPOS="1176" WIDTH="82" HEIGHT="39" CONTENT="good" WC="0.96" CC="0010"/>
						<SP ID="P338_SP00167" HPOS="808" VPOS="1215" WIDTH="27"/>
						<String ID="P338_ST00190" HPOS="835" VPOS="1176" WIDTH="135" HEIGHT="39" CONTENT="subjects" WC="0.80" CC="16003040"/>
						<SP ID="P338_SP00168" HPOS="970" VPOS="1215" WIDTH="24"/>
						<String ID="P338_ST00191" HPOS="994" VPOS="1176" WIDTH="47" HEIGHT="29" CONTENT="for" WC="0.76" CC="007"/>
						<SP ID="P338_SP00169" HPOS="1041" VPOS="1215" WIDTH="22"/>
						<String ID="P338_ST00192" HPOS="1063" VPOS="1187" WIDTH="17" HEIGHT="18" CONTENT="a" WC="1.00" CC="0"/>
					</TextLine>
					<TextLine ID="P338_TL00024" HPOS="141" VPOS="1224" WIDTH="202" HEIGHT="38">
						<String ID="P338_ST00193" HPOS="141" VPOS="1224" WIDTH="202" HEIGHT="38" CONTENT="photograph." WC="0.81" CC="06000070060"/>
					</TextLine>
				</TextBlock>
				<TextBlock ID="P338_TB00006" HPOS="140" VPOS="1271" WIDTH="938" HEIGHT="539" STYLEREFS="TXT_1 PAR_LEFT">
					<TextLine ID="P338_TL00025" HPOS="184" VPOS="1272" WIDTH="894" HEIGHT="36">
						<String ID="P338_ST00194" HPOS="184" VPOS="1273" WIDTH="55" HEIGHT="29" CONTENT="AVe" WC="0.94" CC="001"/>
						<SP ID="P338_SP00170" HPOS="239" VPOS="1302" WIDTH="26"/>
						<String ID="P338_ST00195" HPOS="265" VPOS="1273" WIDTH="111" HEIGHT="35" CONTENT="notice," WC="0.68" CC="7070303"/>
						<SP ID="P338_SP00171" HPOS="376" VPOS="1308" WIDTH="26"/>
						<String ID="P338_ST00196" HPOS="402" VPOS="1272" WIDTH="47" HEIGHT="30" CONTENT="for" WC="0.96" CC="001"/>
						<SP ID="P338_SP00172" HPOS="449" VPOS="1308" WIDTH="21"/>
						<String ID="P338_ST00197" HPOS="470" VPOS="1273" WIDTH="149" HEIGHT="35" CONTENT="instance," WC="0.71" CC="107506111"/>
						<SP ID="P338_SP00173" HPOS="619" VPOS="1308" WIDTH="25"/>
						<String ID="P338_ST00198" HPOS="644" VPOS="1284" WIDTH="39" HEIGHT="19" CONTENT="on" WC="0.61" CC="07"/>
						<SP ID="P338_SP00174" HPOS="683" VPOS="1308" WIDTH="24"/>
						<String ID="P338_ST00199" HPOS="707" VPOS="1274" WIDTH="53" HEIGHT="29" CONTENT="the" WC="0.76" CC="070"/>
						<SP ID="P338_SP00175" HPOS="760" VPOS="1308" WIDTH="26"/>
						<String ID="P338_ST00200" HPOS="786" VPOS="1274" WIDTH="191" HEIGHT="30" CONTENT="sand-banks" WC="0.69" CC="5060040606"/>
						<SP ID="P338_SP00176" HPOS="977" VPOS="1308" WIDTH="31"/>
						<String ID="P338_ST00201" HPOS="1008" VPOS="1285" WIDTH="70" HEIGHT="19" CONTENT="near" WC="0.60" CC="7044"/>
					</TextLine>
					<TextLine ID="P338_TL00026" HPOS="141" VPOS="1323" WIDTH="937" HEIGHT="40">
						<String ID="P338_ST00202" HPOS="141" VPOS="1323" WIDTH="52" HEIGHT="29" CONTENT="the" WC="0.73" CC="061"/>
						<SP ID="P338_SP00177" HPOS="193" VPOS="1352" WIDTH="15"/>
						<String ID="P338_ST00203" HPOS="208" VPOS="1327" WIDTH="104" HEIGHT="31" CONTENT="water," WC="0.50" CC="954063"/>
						<SP ID="P338_SP00178" HPOS="312" VPOS="1358" WIDTH="17"/>
						<String ID="P338_ST00204" HPOS="329" VPOS="1333" WIDTH="77" HEIGHT="19" CONTENT="rows" WC="0.59" CC="2345"/>
						<SP ID="P338_SP00179" HPOS="406" VPOS="1358" WIDTH="22"/>
						<String ID="P338_ST00205" HPOS="428" VPOS="1323" WIDTH="34" HEIGHT="29" CONTENT="of" WC="0.79" CC="12"/>
						<SP ID="P338_SP00180" HPOS="462" VPOS="1358" WIDTH="19"/>
						<String ID="P338_ST00206" HPOS="481" VPOS="1323" WIDTH="93" HEIGHT="40" CONTENT="poles," WC="0.90" CC="000023"/>
						<SP ID="P338_SP00181" HPOS="574" VPOS="1363" WIDTH="20"/>
						<String ID="P338_ST00207" HPOS="594" VPOS="1324" WIDTH="99" HEIGHT="29" CONTENT="which" WC="0.62" CC="06507"/>
						<SP ID="P338_SP00182" HPOS="693" VPOS="1363" WIDTH="20"/>
						<String ID="P338_ST00208" HPOS="713" VPOS="1336" WIDTH="127" HEIGHT="25" CONTENT="women," WC="0.87" CC="000052"/>
						<SP ID="P338_SP00183" HPOS="840" VPOS="1363" WIDTH="19"/>
						<String ID="P338_ST00209" HPOS="859" VPOS="1325" WIDTH="76" HEIGHT="30" CONTENT="with" WC="0.69" CC="0407"/>
						<SP ID="P338_SP00184" HPOS="935" VPOS="1363" WIDTH="20"/>
						<String ID="P338_ST00210" HPOS="955" VPOS="1325" WIDTH="123" HEIGHT="30" CONTENT="baskets" WC="0.60" CC="7240075"/>
					</TextLine>
					<TextLine ID="P338_TL00027" HPOS="141" VPOS="1373" WIDTH="937" HEIGHT="42">
						<String ID="P338_ST00211" HPOS="141" VPOS="1373" WIDTH="110" HEIGHT="40" CONTENT="passed" WC="0.64" CC="924500"/>
						<SP ID="P338_SP00185" HPOS="251" VPOS="1413" WIDTH="29"/>
						<String ID="P338_ST00212" HPOS="280" VPOS="1373" WIDTH="133" HEIGHT="40" CONTENT="through" WC="0.51" CC="5770607"/>
						<SP ID="P338_SP00186" HPOS="413" VPOS="1413" WIDTH="33"/>
						<String ID="P338_ST00213" HPOS="446" VPOS="1373" WIDTH="81" HEIGHT="29" CONTENT="their" WC="0.51" CC="77026"/>
						<SP ID="P338_SP00187" HPOS="527" VPOS="1413" WIDTH="30"/>
						<String ID="P338_ST00214" HPOS="557" VPOS="1384" WIDTH="88" HEIGHT="25" CONTENT="arms," WC="0.72" CC="06042"/>
						<SP ID="P338_SP00188" HPOS="645" VPOS="1413" WIDTH="33"/>
						<String ID="P338_ST00215" HPOS="678" VPOS="1385" WIDTH="85" HEIGHT="19" CONTENT="come" WC="0.98" CC="0000"/>
						<SP ID="P338_SP00189" HPOS="763" VPOS="1413" WIDTH="31"/>
						<String ID="P338_ST00216" HPOS="794" VPOS="1379" WIDTH="33" HEIGHT="25" CONTENT="to" WC="0.19" CC="69"/>
						<SP ID="P338_SP00190" HPOS="827" VPOS="1413" WIDTH="31"/>
						<String ID="P338_ST00217" HPOS="858" VPOS="1375" WIDTH="129" HEIGHT="40" CONTENT="inspect," WC="0.79" CC="14603000"/>
						<SP ID="P338_SP00191" HPOS="987" VPOS="1415" WIDTH="32"/>
						<String ID="P338_ST00218" HPOS="1019" VPOS="1375" WIDTH="59" HEIGHT="30" CONTENT="and" WC="0.87" CC="030"/>
					</TextLine>
					<TextLine ID="P338_TL00028" HPOS="141" VPOS="1422" WIDTH="937" HEIGHT="41">
						<String ID="P338_ST00219" HPOS="141" VPOS="1422" WIDTH="182" HEIGHT="40" CONTENT="apparently" WC="0.68" CC="7000706640"/>
						<SP ID="P338_SP00192" HPOS="323" VPOS="1462" WIDTH="31"/>
						<String ID="P338_ST00220" HPOS="354" VPOS="1426" WIDTH="31" HEIGHT="25" CONTENT="to" WC="0.66" CC="60"/>
						<SP ID="P338_SP00193" HPOS="385" VPOS="1462" WIDTH="38"/>
						<String ID="P338_ST00221" HPOS="423" VPOS="1422" WIDTH="76" HEIGHT="40" CONTENT="wipe" WC="1.00" CC="0000"/>
						<SP ID="P338_SP00194" HPOS="499" VPOS="1462" WIDTH="39"/>
						<String ID="P338_ST00222" HPOS="538" VPOS="1427" WIDTH="31" HEIGHT="25" CONTENT="at" WC="0.63" CC="07"/>
						<SP ID="P338_SP00195" HPOS="569" VPOS="1462" WIDTH="37"/>
						<String ID="P338_ST00223" HPOS="606" VPOS="1423" WIDTH="144" HEIGHT="40" CONTENT="frequent" WC="0.73" CC="07104070"/>
						<SP ID="P338_SP00196" HPOS="750" VPOS="1463" WIDTH="38"/>
						<String ID="P338_ST00224" HPOS="788" VPOS="1424" WIDTH="157" HEIGHT="31" CONTENT="intervals." WC="0.79" CC="0770000050"/>
						<SP ID="P338_SP00197" HPOS="945" VPOS="1463" WIDTH="63"/>
						<String ID="P338_ST00225" HPOS="1008" VPOS="1425" WIDTH="70" HEIGHT="30" CONTENT="This" WC="0.70" CC="0650"/>
					</TextLine>
					<TextLine ID="P338_TL00029" HPOS="142" VPOS="1471" WIDTH="936" HEIGHT="42">
						<String ID="P338_ST00226" HPOS="142" VPOS="1471" WIDTH="113" HEIGHT="30" CONTENT="excites" WC="0.72" CC="0005706"/>
						<SP ID="P338_SP00198" HPOS="255" VPOS="1501" WIDTH="16"/>
						<String ID="P338_ST00227" HPOS="271" VPOS="1482" WIDTH="55" HEIGHT="19" CONTENT="our" WC="0.78" CC="203"/>
						<SP ID="P338_SP00199" HPOS="326" VPOS="1501" WIDTH="15"/>
						<String ID="P338_ST00228" HPOS="341" VPOS="1472" WIDTH="158" HEIGHT="39" CONTENT="curiosity," WC="0.69" CC="4755050001"/>
						<SP ID="P338_SP00200" HPOS="499" VPOS="1511" WIDTH="17"/>
						<String ID="P338_ST00229" HPOS="516" VPOS="1472" WIDTH="61" HEIGHT="29" CONTENT="and" WC="0.75" CC="070"/>
						<SP ID="P338_SP00201" HPOS="577" VPOS="1511" WIDTH="17"/>
						<String ID="P338_ST00230" HPOS="594" VPOS="1473" WIDTH="89" HEIGHT="28" CONTENT="when" WC="0.74" CC="0702"/>
						<SP ID="P338_SP00202" HPOS="683" VPOS="1511" WIDTH="17"/>
						<String ID="P338_ST00231" HPOS="700" VPOS="1484" WIDTH="43" HEIGHT="18" CONTENT="we" WC="1.00" CC="00"/>
						<SP ID="P338_SP00203" HPOS="743" VPOS="1511" WIDTH="17"/>
						<String ID="P338_ST00232" HPOS="760" VPOS="1478" WIDTH="53" HEIGHT="35" CONTENT="get" WC="0.68" CC="035"/>
						<SP ID="P338_SP00204" HPOS="813" VPOS="1513" WIDTH="16"/>
						<String ID="P338_ST00233" HPOS="829" VPOS="1474" WIDTH="104" HEIGHT="37" CONTENT="closer," WC="0.81" CC="0006050"/>
						<SP ID="P338_SP00205" HPOS="933" VPOS="1513" WIDTH="17"/>
						<String ID="P338_ST00234" HPOS="950" VPOS="1485" WIDTH="45" HEIGHT="20" CONTENT="we" WC="0.90" CC="02"/>
						<SP ID="P338_SP00206" HPOS="995" VPOS="1513" WIDTH="20"/>
						<String ID="P338_ST00235" HPOS="1015" VPOS="1475" WIDTH="63" HEIGHT="29" CONTENT="find" WC="0.87" CC="0050"/>
					</TextLine>
					<TextLine ID="P338_TL00030" HPOS="142" VPOS="1520" WIDTH="936" HEIGHT="42">
						<String ID="P338_ST00236" HPOS="142" VPOS="1520" WIDTH="69" HEIGHT="30" CONTENT="that" WC="0.46" CC="7707"/>
						<SP ID="P338_SP00207" HPOS="211" VPOS="1550" WIDTH="15"/>
						<String ID="P338_ST00237" HPOS="226" VPOS="1520" WIDTH="86" HEIGHT="30" CONTENT="these" WC="0.66" CC="41370"/>
						<SP ID="P338_SP00208" HPOS="312" VPOS="1550" WIDTH="16"/>
						<String ID="P338_ST00238" HPOS="328" VPOS="1520" WIDTH="83" HEIGHT="40" CONTENT="poles" WC="0.71" CC="80005"/>
						<SP ID="P338_SP00209" HPOS="411" VPOS="1560" WIDTH="16"/>
						<String ID="P338_ST00239" HPOS="427" VPOS="1531" WIDTH="50" HEIGHT="19" CONTENT="are" WC="0.57" CC="570"/>
						<SP ID="P338_SP00210" HPOS="477" VPOS="1560" WIDTH="16"/>
						<String ID="P338_ST00240" HPOS="493" VPOS="1520" WIDTH="78" HEIGHT="31" CONTENT="clone" WC="0.74" CC="07050"/>
						<SP ID="P338_SP00211" HPOS="571" VPOS="1560" WIDTH="17"/>
						<String ID="P338_ST00241" HPOS="588" VPOS="1532" WIDTH="72" HEIGHT="19" CONTENT="over" WC="0.86" CC="0005"/>
						<SP ID="P338_SP00212" HPOS="660" VPOS="1560" WIDTH="16"/>
						<String ID="P338_ST00242" HPOS="676" VPOS="1522" WIDTH="75" HEIGHT="29" CONTENT="w-ith" WC="0.82" CC="00006"/>
						<SP ID="P338_SP00213" HPOS="751" VPOS="1560" WIDTH="18"/>
						<String ID="P338_ST00243" HPOS="769" VPOS="1523" WIDTH="71" HEIGHT="39" CONTENT="glue" WC="0.77" CC="0142"/>
						<SP ID="P338_SP00214" HPOS="840" VPOS="1562" WIDTH="20"/>
						<String ID="P338_ST00244" HPOS="860" VPOS="1528" WIDTH="33" HEIGHT="24" CONTENT="to" WC="0.76" CC="40"/>
						<SP ID="P338_SP00215" HPOS="893" VPOS="1562" WIDTH="25"/>
						<String ID="P338_ST00245" HPOS="918" VPOS="1524" WIDTH="87" HEIGHT="30" CONTENT="catch" WC="0.52" CC="60637"/>
						<SP ID="P338_SP00216" HPOS="1005" VPOS="1562" WIDTH="21"/>
						<String ID="P338_ST00246" HPOS="1026" VPOS="1524" WIDTH="52" HEIGHT="29" CONTENT="the" WC="0.60" CC="470"/>
					</TextLine>
					<TextLine ID="P338_TL00031" HPOS="142" VPOS="1570" WIDTH="936" HEIGHT="41">
						<String ID="P338_ST00247" HPOS="142" VPOS="1570" WIDTH="216" HEIGHT="41" CONTENT="grasshoppers" WC="0.66" CC="009017209306"/>
						<SP ID="P338_SP00217" HPOS="358" VPOS="1611" WIDTH="16"/>
						<String ID="P338_ST00248" HPOS="374" VPOS="1570" WIDTH="98" HEIGHT="30" CONTENT="which" WC="0.61" CC="07407"/>
						<SP ID="P338_SP00218" HPOS="472" VPOS="1611" WIDTH="17"/>
						<String ID="P338_ST00249" HPOS="489" VPOS="1570" WIDTH="98" HEIGHT="41" CONTENT="alight" WC="0.64" CC="710074"/>
						<SP ID="P338_SP00219" HPOS="587" VPOS="1611" WIDTH="18"/>
						<String ID="P338_ST00250" HPOS="605" VPOS="1582" WIDTH="83" HEIGHT="29" CONTENT="upon" WC="0.79" CC="1006"/>
						<SP ID="P338_SP00220" HPOS="688" VPOS="1611" WIDTH="22"/>
						<String ID="P338_ST00251" HPOS="710" VPOS="1572" WIDTH="95" HEIGHT="36" CONTENT="them," WC="0.69" CC="67001"/>
						<SP ID="P338_SP00221" HPOS="805" VPOS="1611" WIDTH="18"/>
						<String ID="P338_ST00252" HPOS="823" VPOS="1573" WIDTH="62" HEIGHT="29" CONTENT="and" WC="0.62" CC="740"/>
						<SP ID="P338_SP00222" HPOS="885" VPOS="1611" WIDTH="22"/>
						<String ID="P338_ST00253" HPOS="907" VPOS="1573" WIDTH="100" HEIGHT="30" CONTENT="which" WC="0.70" CC="07007"/>
						<SP ID="P338_SP00223" HPOS="1007" VPOS="1611" WIDTH="23"/>
						<String ID="P338_ST00254" HPOS="1030" VPOS="1584" WIDTH="48" HEIGHT="19" CONTENT="are" WC="0.71" CC="260"/>
					</TextLine>
					<TextLine ID="P338_TL00032" HPOS="142" VPOS="1619" WIDTH="936" HEIGHT="42">
						<String ID="P338_ST00255" HPOS="142" VPOS="1619" WIDTH="65" HEIGHT="30" CONTENT="sold" WC="0.78" CC="4210"/>
						<SP ID="P338_SP00224" HPOS="207" VPOS="1649" WIDTH="30"/>
						<String ID="P338_ST00256" HPOS="237" VPOS="1620" WIDTH="32" HEIGHT="28" CONTENT="in" WC="0.66" CC="06"/>
						<SP ID="P338_SP00225" HPOS="269" VPOS="1649" WIDTH="30"/>
						<String ID="P338_ST00257" HPOS="299" VPOS="1619" WIDTH="52" HEIGHT="30" CONTENT="the" WC="0.55" CC="570"/>
						<SP ID="P338_SP00226" HPOS="351" VPOS="1649" WIDTH="24"/>
						<String ID="P338_ST00258" HPOS="375" VPOS="1619" WIDTH="119" HEIGHT="30" CONTENT="market" WC="0.84" CC="001006"/>
						<SP ID="P338_SP00227" HPOS="494" VPOS="1649" WIDTH="23"/>
						<String ID="P338_ST00259" HPOS="517" VPOS="1630" WIDTH="32" HEIGHT="19" CONTENT="as" WC="0.68" CC="06"/>
						<SP ID="P338_SP00228" HPOS="549" VPOS="1649" WIDTH="23"/>
						<String ID="P338_ST00260" HPOS="572" VPOS="1631" WIDTH="17" HEIGHT="19" CONTENT="a" WC="1.00" CC="0"/>
						<SP ID="P338_SP00229" HPOS="589" VPOS="1650" WIDTH="23"/>
						<String ID="P338_ST00261" HPOS="612" VPOS="1621" WIDTH="98" HEIGHT="40" CONTENT="staple" WC="0.66" CC="260064"/>
						<SP ID="P338_SP00230" HPOS="710" VPOS="1661" WIDTH="24"/>
						<String ID="P338_ST00262" HPOS="734" VPOS="1622" WIDTH="106" HEIGHT="30" CONTENT="article" WC="0.77" CC="0671000"/>
						<SP ID="P338_SP00231" HPOS="840" VPOS="1661" WIDTH="24"/>
						<String ID="P338_ST00263" HPOS="864" VPOS="1623" WIDTH="33" HEIGHT="29" CONTENT="of" WC="1.00" CC="00"/>
						<SP ID="P338_SP00232" HPOS="897" VPOS="1661" WIDTH="27"/>
						<String ID="P338_ST00264" HPOS="924" VPOS="1623" WIDTH="79" HEIGHT="30" CONTENT="food." WC="0.86" CC="24000"/>
						<SP ID="P338_SP00233" HPOS="1003" VPOS="1661" WIDTH="49"/>
						<String ID="P338_ST00265" HPOS="1052" VPOS="1623" WIDTH="26" HEIGHT="30" CONTENT="A" WC="0.77" CC="2"/>
					</TextLine>
					<TextLine ID="P338_TL00033" HPOS="142" VPOS="1668" WIDTH="936" HEIGHT="43">
						<String ID="P338_ST00266" HPOS="142" VPOS="1668" WIDTH="80" HEIGHT="42" CONTENT="good" WC="0.80" CC="0430"/>
						<SP ID="P338_SP00234" HPOS="222" VPOS="1710" WIDTH="15"/>
						<String ID="P338_ST00267" HPOS="237" VPOS="1669" WIDTH="68" HEIGHT="29" CONTENT="deal" WC="0.86" CC="0130"/>
						<SP ID="P338_SP00235" HPOS="305" VPOS="1710" WIDTH="23"/>
						<String ID="P338_ST00268" HPOS="328" VPOS="1668" WIDTH="34" HEIGHT="30" CONTENT="of" WC="0.90" CC="10"/>
						<SP ID="P338_SP00236" HPOS="362" VPOS="1710" WIDTH="18"/>
						<String ID="P338_ST00269" HPOS="380" VPOS="1673" WIDTH="54" HEIGHT="26" CONTENT="net" WC="0.51" CC="706"/>
						<SP ID="P338_SP00237" HPOS="434" VPOS="1710" WIDTH="22"/>
						<String ID="P338_ST00270" HPOS="456" VPOS="1669" WIDTH="114" HEIGHT="41" CONTENT="fishing" WC="0.53" CC="7647060"/>
						<SP ID="P338_SP00238" HPOS="570" VPOS="1710" WIDTH="22"/>
						<String ID="P338_ST00271" HPOS="592" VPOS="1681" WIDTH="72" HEIGHT="30" CONTENT="goes" WC="0.93" CC="0002"/>
						<SP ID="P338_SP00239" HPOS="664" VPOS="1711" WIDTH="23"/>
						<String ID="P338_ST00272" HPOS="687" VPOS="1682" WIDTH="40" HEIGHT="18" CONTENT="on" WC="0.78" CC="21"/>
						<SP ID="P338_SP00240" HPOS="727" VPOS="1711" WIDTH="21"/>
						<String ID="P338_ST00273" HPOS="748" VPOS="1672" WIDTH="31" HEIGHT="28" CONTENT="in" WC="0.32" CC="58"/>
						<SP ID="P338_SP00241" HPOS="779" VPOS="1711" WIDTH="25"/>
						<String ID="P338_ST00274" HPOS="804" VPOS="1672" WIDTH="53" HEIGHT="30" CONTENT="the" WC="0.44" CC="970"/>
						<SP ID="P338_SP00242" HPOS="857" VPOS="1711" WIDTH="24"/>
						<String ID="P338_ST00275" HPOS="881" VPOS="1673" WIDTH="83" HEIGHT="30" CONTENT="river" WC="0.79" CC="60003"/>
						<SP ID="P338_SP00243" HPOS="964" VPOS="1711" WIDTH="22"/>
						<String ID="P338_ST00276" HPOS="986" VPOS="1673" WIDTH="92" HEIGHT="35" CONTENT="itself," WC="0.77" CC="0530050"/>
					</TextLine>
					<TextLine ID="P338_TL00034" HPOS="141" VPOS="1718" WIDTH="937" HEIGHT="44">
						<String ID="P338_ST00277" HPOS="141" VPOS="1718" WIDTH="57" HEIGHT="31" CONTENT="but" WC="0.32" CC="766"/>
						<SP ID="P338_SP00244" HPOS="198" VPOS="1749" WIDTH="15"/>
						<String ID="P338_ST00278" HPOS="213" VPOS="1718" WIDTH="25" HEIGHT="29" CONTENT="it" WC="0.60" CC="16"/>
						<SP ID="P338_SP00245" HPOS="238" VPOS="1749" WIDTH="16"/>
						<String ID="P338_ST00279" HPOS="254" VPOS="1719" WIDTH="25" HEIGHT="28" CONTENT="is" WC="0.64" CC="06"/>
						<SP ID="P338_SP00246" HPOS="279" VPOS="1749" WIDTH="16"/>
						<String ID="P338_ST00280" HPOS="295" VPOS="1722" WIDTH="54" HEIGHT="25" CONTENT="not" WC="0.77" CC="330"/>
						<SP ID="P338_SP00247" HPOS="349" VPOS="1749" WIDTH="16"/>
						<String ID="P338_ST00281" HPOS="365" VPOS="1718" WIDTH="47" HEIGHT="29" CONTENT="till" WC="0.80" CC="2500"/>
						<SP ID="P338_SP00248" HPOS="412" VPOS="1749" WIDTH="16"/>
						<String ID="P338_ST00282" HPOS="428" VPOS="1718" WIDTH="77" HEIGHT="30" CONTENT="later" WC="0.55" CC="08607"/>
						<SP ID="P338_SP00249" HPOS="505" VPOS="1749" WIDTH="16"/>
						<String ID="P338_ST00283" HPOS="521" VPOS="1719" WIDTH="29" HEIGHT="29" CONTENT="in" WC="0.48" CC="27"/>
						<SP ID="P338_SP00250" HPOS="550" VPOS="1749" WIDTH="18"/>
						<String ID="P338_ST00284" HPOS="568" VPOS="1719" WIDTH="54" HEIGHT="30" CONTENT="the" WC="0.53" CC="670"/>
						<SP ID="P338_SP00251" HPOS="622" VPOS="1749" WIDTH="17"/>
						<String ID="P338_ST00285" HPOS="639" VPOS="1730" WIDTH="106" HEIGHT="20" CONTENT="season" WC="0.83" CC="600200"/>
						<SP ID="P338_SP00252" HPOS="745" VPOS="1750" WIDTH="17"/>
						<String ID="P338_ST00286" HPOS="762" VPOS="1721" WIDTH="69" HEIGHT="29" CONTENT="that" WC="0.50" CC="5670"/>
						<SP ID="P338_SP00253" HPOS="831" VPOS="1750" WIDTH="22"/>
						<String ID="P338_ST00287" HPOS="853" VPOS="1722" WIDTH="53" HEIGHT="30" CONTENT="the" WC="0.57" CC="570"/>
						<SP ID="P338_SP00254" HPOS="906" VPOS="1752" WIDTH="19"/>
						<String ID="P338_ST00288" HPOS="925" VPOS="1722" WIDTH="153" HEIGHT="40" CONTENT="prabeuc," WC="0.91" CC="02000040"/>
					</TextLine>
					<TextLine ID="P338_TL00035" HPOS="142" VPOS="1766" WIDTH="936" HEIGHT="44">
						<String ID="P338_ST00289" HPOS="142" VPOS="1779" WIDTH="17" HEIGHT="19" CONTENT="a" WC="1.00" CC="0"/>
						<SP ID="P338_SP00255" HPOS="159" VPOS="1798" WIDTH="26"/>
						<String ID="P338_ST00290" HPOS="185" VPOS="1767" WIDTH="58" HEIGHT="30" CONTENT="fish" WC="0.64" CC="0057"/>
						<SP ID="P338_SP00256" HPOS="243" VPOS="1798" WIDTH="24"/>
						<String ID="P338_ST00291" HPOS="267" VPOS="1766" WIDTH="183" HEIGHT="42" CONTENT="resembling" WC="0.77" CC="4064001060"/>
						<SP ID="P338_SP00257" HPOS="450" VPOS="1808" WIDTH="19"/>
						<String ID="P338_ST00292" HPOS="469" VPOS="1768" WIDTH="53" HEIGHT="30" CONTENT="the" WC="0.55" CC="670"/>
						<SP ID="P338_SP00258" HPOS="522" VPOS="1808" WIDTH="21"/>
						<String ID="P338_ST00293" HPOS="543" VPOS="1772" WIDTH="156" HEIGHT="37" CONTENT="sturgeon," WC="0.61" CC="656401161"/>
						<SP ID="P338_SP00259" HPOS="699" VPOS="1809" WIDTH="18"/>
						<String ID="P338_ST00294" HPOS="717" VPOS="1771" WIDTH="26" HEIGHT="29" CONTENT="is" WC="0.56" CC="44"/>
						<SP ID="P338_SP00260" HPOS="743" VPOS="1809" WIDTH="16"/>
						<String ID="P338_ST00295" HPOS="759" VPOS="1771" WIDTH="122" HEIGHT="39" CONTENT="caught." WC="0.51" CC="3069760"/>
						<SP ID="P338_SP00261" HPOS="881" VPOS="1810" WIDTH="50"/>
						<String ID="P338_ST00296" HPOS="931" VPOS="1773" WIDTH="42" HEIGHT="29" CONTENT="At" WC="0.73" CC="05"/>
						<SP ID="P338_SP00262" HPOS="973" VPOS="1810" WIDTH="24"/>
						<String ID="P338_ST00297" HPOS="997" VPOS="1772" WIDTH="81" HEIGHT="31" CONTENT="fixed" WC="0.85" CC="11030"/>
					</TextLine>
				</TextBlock>
			</PrintSpace>
		</Page>
	</Layout>
</alto>
